ISO-10303-21;
HEADER;
/* Generated by software containing ST-Developer
 * from STEP Tools, Inc. (www.steptools.com) 
 */

FILE_DESCRIPTION(
/* description */ (''),
/* implementation_level */ '2;1');

FILE_NAME(
/* name */ 'Cover clock.step',
/* time_stamp */ '2026-09-27T11:25:15+02:00',
/* author */ (''),
/* organization */ (''),
/* preprocessor_version */ 'ST-DEVELOPER v20.2',
/* originating_system */ 'Autodesk Translation Framework v15.15.0.0',
/* authorisation */ '');

FILE_SCHEMA (('AUTOMOTIVE_DESIGN { 1 0 10303 214 3 1 1 }'));
ENDSEC;

DATA;
#10=MECHANICAL_DESIGN_GEOMETRIC_PRESENTATION_REPRESENTATION('',(#13),#3849);
#11=SHAPE_REPRESENTATION_RELATIONSHIP('SRR','None',#3856,#12);
#12=ADVANCED_BREP_SHAPE_REPRESENTATION('',(#14),#3848);
#13=STYLED_ITEM('',(#3866),#14);
#14=MANIFOLD_SOLID_BREP('Corps1',#502);
#15=B_SPLINE_SURFACE_WITH_KNOTS('',3,3,((#3220,#3221,#3222,#3223,#3224,
#3225,#3226,#3227,#3228,#3229,#3230,#3231,#3232,#3233,#3234,#3235,#3236,
#3237,#3238,#3239,#3240,#3241,#3242,#3243,#3244,#3245,#3246,#3247,#3248,
#3249,#3250,#3251,#3252,#3253,#3254,#3255,#3256,#3257,#3258,#3259,#3260,
#3261,#3262,#3263,#3264,#3265,#3266,#3267,#3268,#3269,#3270,#3271,#3272,
#3273,#3274,#3275,#3276,#3277,#3278,#3279,#3280,#3281,#3282,#3283,#3284,
#3285,#3286,#3287,#3288,#3289,#3290,#3291,#3292,#3293,#3294,#3295,#3296),
(#3297,#3298,#3299,#3300,#3301,#3302,#3303,#3304,#3305,#3306,#3307,#3308,
#3309,#3310,#3311,#3312,#3313,#3314,#3315,#3316,#3317,#3318,#3319,#3320,
#3321,#3322,#3323,#3324,#3325,#3326,#3327,#3328,#3329,#3330,#3331,#3332,
#3333,#3334,#3335,#3336,#3337,#3338,#3339,#3340,#3341,#3342,#3343,#3344,
#3345,#3346,#3347,#3348,#3349,#3350,#3351,#3352,#3353,#3354,#3355,#3356,
#3357,#3358,#3359,#3360,#3361,#3362,#3363,#3364,#3365,#3366,#3367,#3368,
#3369,#3370,#3371,#3372,#3373),(#3374,#3375,#3376,#3377,#3378,#3379,#3380,
#3381,#3382,#3383,#3384,#3385,#3386,#3387,#3388,#3389,#3390,#3391,#3392,
#3393,#3394,#3395,#3396,#3397,#3398,#3399,#3400,#3401,#3402,#3403,#3404,
#3405,#3406,#3407,#3408,#3409,#3410,#3411,#3412,#3413,#3414,#3415,#3416,
#3417,#3418,#3419,#3420,#3421,#3422,#3423,#3424,#3425,#3426,#3427,#3428,
#3429,#3430,#3431,#3432,#3433,#3434,#3435,#3436,#3437,#3438,#3439,#3440,
#3441,#3442,#3443,#3444,#3445,#3446,#3447,#3448,#3449,#3450),(#3451,#3452,
#3453,#3454,#3455,#3456,#3457,#3458,#3459,#3460,#3461,#3462,#3463,#3464,
#3465,#3466,#3467,#3468,#3469,#3470,#3471,#3472,#3473,#3474,#3475,#3476,
#3477,#3478,#3479,#3480,#3481,#3482,#3483,#3484,#3485,#3486,#3487,#3488,
#3489,#3490,#3491,#3492,#3493,#3494,#3495,#3496,#3497,#3498,#3499,#3500,
#3501,#3502,#3503,#3504,#3505,#3506,#3507,#3508,#3509,#3510,#3511,#3512,
#3513,#3514,#3515,#3516,#3517,#3518,#3519,#3520,#3521,#3522,#3523,#3524,
#3525,#3526,#3527)),.UNSPECIFIED.,.F.,.F.,.F.,(4,4),(4,1,1,1,1,1,1,1,1,
1,1,1,1,1,1,1,1,1,1,1,1,1,1,1,1,1,1,1,1,1,1,1,1,1,1,1,1,1,1,1,1,1,1,1,1,
1,1,1,1,1,1,1,1,1,1,1,1,1,1,1,1,1,1,1,1,1,1,1,1,1,1,1,1,1,4),(-7.76966357856799E-5,
0.120125511014389),(7.86027336787874,8.34711423892876,8.83395510997877,
9.32079598102878,9.8076368520788,10.2944777231288,10.7813185941788,11.2681594652288,
11.7550003362789,12.2418412073289,12.7286820783789,13.2155229494289,13.7023638204789,
14.1892046915289,14.6760455625789,15.162886433629,15.649727304679,16.136568175729,
16.623409046779,17.110249917829,17.597090788879,18.083931659929,18.5707725309791,
19.0576134020291,19.5444542730791,20.0312951441291,20.5181360151791,21.0049768862291,
21.4918177572792,21.9786586283292,22.4654994993792,22.9523403704292,23.4391812414792,
23.9260221125292,24.4128629835792,24.8997038546293,25.3865447256793,25.8733855967293,
26.3602264677793,26.8470673388293,27.3339082098793,27.8207490809293,28.3075899519794,
28.7944308230294,29.2812716940794,29.7681125651294,30.2549534361794,30.7417943072294,
31.2286351782794,31.7154760493295,32.2023169203795,32.6891577914295,33.1759986624795,
33.6628395335295,34.1496804045795,34.6365212756295,35.1233621466796,35.6102030177296,
36.0970438887796,36.5838847598296,37.0707256308796,37.5575665019296,38.0444073729796,
38.5312482440297,39.0180891150797,39.5049299861297,39.9917708571797,40.4786117282297,
40.9654525992797,41.4522934703298,41.9391343413798,42.4259752124298,42.9128160834798,
43.3996569545298,43.8865755222156),.UNSPECIFIED.);
#16=B_SPLINE_SURFACE_WITH_KNOTS('',3,3,((#3532,#3533,#3534,#3535,#3536,
#3537,#3538,#3539,#3540,#3541,#3542,#3543,#3544,#3545,#3546,#3547,#3548,
#3549,#3550,#3551,#3552,#3553,#3554,#3555,#3556,#3557,#3558,#3559,#3560,
#3561,#3562,#3563,#3564,#3565,#3566,#3567,#3568,#3569,#3570,#3571,#3572,
#3573,#3574,#3575,#3576,#3577,#3578,#3579,#3580,#3581,#3582,#3583,#3584,
#3585,#3586,#3587,#3588,#3589,#3590,#3591,#3592,#3593,#3594,#3595,#3596,
#3597,#3598,#3599,#3600,#3601,#3602,#3603,#3604,#3605,#3606),(#3607,#3608,
#3609,#3610,#3611,#3612,#3613,#3614,#3615,#3616,#3617,#3618,#3619,#3620,
#3621,#3622,#3623,#3624,#3625,#3626,#3627,#3628,#3629,#3630,#3631,#3632,
#3633,#3634,#3635,#3636,#3637,#3638,#3639,#3640,#3641,#3642,#3643,#3644,
#3645,#3646,#3647,#3648,#3649,#3650,#3651,#3652,#3653,#3654,#3655,#3656,
#3657,#3658,#3659,#3660,#3661,#3662,#3663,#3664,#3665,#3666,#3667,#3668,
#3669,#3670,#3671,#3672,#3673,#3674,#3675,#3676,#3677,#3678,#3679,#3680,
#3681),(#3682,#3683,#3684,#3685,#3686,#3687,#3688,#3689,#3690,#3691,#3692,
#3693,#3694,#3695,#3696,#3697,#3698,#3699,#3700,#3701,#3702,#3703,#3704,
#3705,#3706,#3707,#3708,#3709,#3710,#3711,#3712,#3713,#3714,#3715,#3716,
#3717,#3718,#3719,#3720,#3721,#3722,#3723,#3724,#3725,#3726,#3727,#3728,
#3729,#3730,#3731,#3732,#3733,#3734,#3735,#3736,#3737,#3738,#3739,#3740,
#3741,#3742,#3743,#3744,#3745,#3746,#3747,#3748,#3749,#3750,#3751,#3752,
#3753,#3754,#3755,#3756),(#3757,#3758,#3759,#3760,#3761,#3762,#3763,#3764,
#3765,#3766,#3767,#3768,#3769,#3770,#3771,#3772,#3773,#3774,#3775,#3776,
#3777,#3778,#3779,#3780,#3781,#3782,#3783,#3784,#3785,#3786,#3787,#3788,
#3789,#3790,#3791,#3792,#3793,#3794,#3795,#3796,#3797,#3798,#3799,#3800,
#3801,#3802,#3803,#3804,#3805,#3806,#3807,#3808,#3809,#3810,#3811,#3812,
#3813,#3814,#3815,#3816,#3817,#3818,#3819,#3820,#3821,#3822,#3823,#3824,
#3825,#3826,#3827,#3828,#3829,#3830,#3831)),.UNSPECIFIED.,.F.,.F.,.F.,(4,
4),(4,1,1,1,1,1,1,1,1,1,1,1,1,1,1,1,1,1,1,1,1,1,1,1,1,1,1,1,1,1,1,1,1,1,
1,1,1,1,1,1,1,1,1,1,1,1,1,1,1,1,1,1,1,1,1,1,1,1,1,1,1,1,1,1,1,1,1,1,1,1,
1,1,4),(-0.0212190431157069,0.0989884001904349),(11.6148898622637,12.1091640743977,
12.6033557609561,13.0975474475145,13.5917391340728,14.0859308206312,14.5801225071896,
15.074314193748,15.5685058803064,16.0626975668648,16.5568892534232,17.0510809399816,
17.54527262654,18.0394643130983,18.5336559996567,19.0278476862151,19.5220393727735,
20.0162310593319,20.5104227458903,21.0046144324487,21.4988061190071,21.9929978055655,
22.4871894921238,22.9813811786822,23.4755728652406,23.969764551799,24.4639562383574,
24.9581479249158,25.4523396114742,25.9465312980326,26.440722984591,26.9349146711494,
27.4291063577077,27.9232980442661,28.4174897308245,28.9116814173829,29.4058731039413,
29.9000647904997,30.3942564770581,30.8884481636165,31.3826398501749,31.8768315367332,
32.3710232232916,32.86521490985,33.3594065964084,33.8535982829668,34.3477899695252,
34.8419816560836,35.336173342642,35.8303650292004,36.3245567157587,36.8187484023171,
37.3129400888755,37.8071317754339,38.3013234619923,38.7955151485507,39.2897068351091,
39.7838985216675,40.2780902082259,40.7722818947842,41.2664735813426,41.760665267901,
42.2548569544594,42.7490486410178,43.2432403275762,43.7374320141346,44.231623700693,
44.7258153872514,45.2200070738098,45.7141987603681,46.2083904469265,46.7025821334849,
47.1967738200433),.UNSPECIFIED.);
#17=ELLIPSE('',#551,6.50861741378515,5.58281207422889);
#18=TOROIDAL_SURFACE('',#539,9.215,1.79);
#19=TOROIDAL_SURFACE('',#555,6.425,1.);
#20=FACE_BOUND('',#72,.T.);
#21=FACE_BOUND('',#78,.T.);
#22=FACE_BOUND('',#80,.T.);
#23=FACE_BOUND('',#91,.T.);
#24=PLANE('',#532);
#25=PLANE('',#538);
#26=PLANE('',#544);
#27=PLANE('',#546);
#28=PLANE('',#550);
#29=PLANE('',#552);
#30=PLANE('',#557);
#31=PLANE('',#563);
#32=FACE_OUTER_BOUND('',#60,.T.);
#33=FACE_OUTER_BOUND('',#61,.T.);
#34=FACE_OUTER_BOUND('',#62,.T.);
#35=FACE_OUTER_BOUND('',#63,.T.);
#36=FACE_OUTER_BOUND('',#64,.T.);
#37=FACE_OUTER_BOUND('',#65,.T.);
#38=FACE_OUTER_BOUND('',#66,.T.);
#39=FACE_OUTER_BOUND('',#67,.T.);
#40=FACE_OUTER_BOUND('',#68,.T.);
#41=FACE_OUTER_BOUND('',#69,.T.);
#42=FACE_OUTER_BOUND('',#70,.T.);
#43=FACE_OUTER_BOUND('',#71,.T.);
#44=FACE_OUTER_BOUND('',#73,.T.);
#45=FACE_OUTER_BOUND('',#74,.T.);
#46=FACE_OUTER_BOUND('',#75,.T.);
#47=FACE_OUTER_BOUND('',#76,.T.);
#48=FACE_OUTER_BOUND('',#77,.T.);
#49=FACE_OUTER_BOUND('',#79,.T.);
#50=FACE_OUTER_BOUND('',#81,.T.);
#51=FACE_OUTER_BOUND('',#82,.T.);
#52=FACE_OUTER_BOUND('',#83,.T.);
#53=FACE_OUTER_BOUND('',#84,.T.);
#54=FACE_OUTER_BOUND('',#85,.T.);
#55=FACE_OUTER_BOUND('',#86,.T.);
#56=FACE_OUTER_BOUND('',#87,.T.);
#57=FACE_OUTER_BOUND('',#88,.T.);
#58=FACE_OUTER_BOUND('',#89,.T.);
#59=FACE_OUTER_BOUND('',#90,.T.);
#60=EDGE_LOOP('',(#308,#309,#310,#311));
#61=EDGE_LOOP('',(#312,#313,#314,#315,#316,#317));
#62=EDGE_LOOP('',(#318,#319,#320,#321));
#63=EDGE_LOOP('',(#322,#323,#324,#325,#326,#327));
#64=EDGE_LOOP('',(#328,#329,#330,#331,#332));
#65=EDGE_LOOP('',(#333,#334,#335,#336));
#66=EDGE_LOOP('',(#337,#338,#339,#340));
#67=EDGE_LOOP('',(#341,#342,#343,#344));
#68=EDGE_LOOP('',(#345,#346,#347,#348));
#69=EDGE_LOOP('',(#349,#350,#351,#352,#353));
#70=EDGE_LOOP('',(#354,#355,#356,#357));
#71=EDGE_LOOP('',(#358));
#72=EDGE_LOOP('',(#359));
#73=EDGE_LOOP('',(#360,#361,#362));
#74=EDGE_LOOP('',(#363,#364,#365,#366,#367,#368));
#75=EDGE_LOOP('',(#369));
#76=EDGE_LOOP('',(#370,#371,#372,#373,#374,#375,#376,#377,#378));
#77=EDGE_LOOP('',(#379));
#78=EDGE_LOOP('',(#380));
#79=EDGE_LOOP('',(#381));
#80=EDGE_LOOP('',(#382));
#81=EDGE_LOOP('',(#383,#384,#385,#386));
#82=EDGE_LOOP('',(#387,#388,#389,#390,#391,#392,#393));
#83=EDGE_LOOP('',(#394,#395,#396,#397,#398));
#84=EDGE_LOOP('',(#399,#400,#401,#402,#403,#404,#405,#406,#407,#408,#409,
#410,#411,#412,#413,#414,#415,#416,#417,#418,#419));
#85=EDGE_LOOP('',(#420,#421,#422,#423,#424,#425,#426,#427,#428,#429,#430,
#431,#432,#433,#434,#435,#436,#437,#438));
#86=EDGE_LOOP('',(#439,#440,#441,#442,#443,#444,#445,#446));
#87=EDGE_LOOP('',(#447));
#88=EDGE_LOOP('',(#448,#449,#450,#451));
#89=EDGE_LOOP('',(#452,#453,#454,#455));
#90=EDGE_LOOP('',(#456));
#91=EDGE_LOOP('',(#457));
#92=CIRCLE('',#517,6.56845);
#93=CIRCLE('',#523,7.425);
#94=CIRCLE('',#528,7.425);
#95=CIRCLE('',#530,3.99999999999999);
#96=CIRCLE('',#531,3.99999999999999);
#97=CIRCLE('',#533,6.425);
#98=CIRCLE('',#535,7.425);
#99=CIRCLE('',#537,6.56845);
#100=CIRCLE('',#540,7.60876215957912);
#101=CIRCLE('',#541,1.79);
#102=CIRCLE('',#542,9.215);
#103=CIRCLE('',#543,7.60876215957912);
#104=CIRCLE('',#545,27.75);
#105=CIRCLE('',#547,27.75);
#106=CIRCLE('',#548,24.75);
#107=CIRCLE('',#553,7.425);
#108=CIRCLE('',#554,7.425);
#109=CIRCLE('',#556,1.);
#110=CIRCLE('',#558,22.5);
#111=CIRCLE('',#560,22.5);
#112=CIRCLE('',#562,24.75);
#113=B_SPLINE_CURVE_WITH_KNOTS('',3,(#682,#683,#684,#685,#686,#687,#688,
#689,#690,#691,#692,#693,#694),.UNSPECIFIED.,.F.,.F.,(4,1,1,1,1,1,1,1,1,
1,4),(10.3761964825253,10.7813185941788,11.2681594652288,11.7550003362789,
12.2418412073289,12.7286820783789,13.2155229494289,13.7023638204789,14.1892046915289,
14.6760455625789,14.7086771490228),.UNSPECIFIED.);
#114=B_SPLINE_CURVE_WITH_KNOTS('',3,(#697,#698,#699,#700,#701,#702,#703,
#704,#705,#706,#707,#708,#709,#710,#711,#712,#713,#714,#715,#716,#717,#718,
#719,#720,#721,#722,#723,#724,#725,#726,#727,#728,#729,#730,#731,#732,#733,
#734,#735,#736,#737,#738,#739,#740,#741,#742,#743,#744,#745,#746,#747,#748,
#749,#750,#751,#752,#753,#754,#755,#756,#757,#758,#759,#760,#761,#762,#763,
#764,#765,#766,#767,#768,#769,#770,#771,#772,#773,#774,#775,#776,#777,#778,
#779,#780,#781,#782,#783,#784,#785,#786,#787,#788,#789,#790,#791,#792,#793,
#794,#795,#796,#797,#798,#799,#800,#801,#802,#803,#804,#805,#806,#807,#808,
#809,#810,#811),.UNSPECIFIED.,.F.,.F.,(4,3,3,3,3,3,3,3,3,3,3,3,3,3,3,3,
3,3,3,3,3,3,3,3,3,3,3,3,3,3,3,3,3,3,3,3,3,3,4),(11.6149723878393,11.6971279002708,
11.7792762140187,11.8617481791134,11.9439065176326,12.0265352960152,12.1091640743977,
12.1907650707849,12.2723486467227,12.355100425281,12.4366791045519,12.520017432754,
12.6033557609561,12.6851681357245,12.7669658938,12.8496112822286,12.9314074418069,
13.0144774446607,13.0975474475145,13.179278067687,13.2609931083076,13.3436796147489,
13.4253920872575,13.5085656106652,13.5917391340728,13.6734886967544,13.7552228936958,
13.8378998754296,13.9196317025544,14.0027812615928,14.0859308206312,14.167682317345,
14.2494185216482,14.3320945180335,14.4138284962174,14.4969755017035,14.5801225071896,
14.6618690872989,14.7086828116103),.UNSPECIFIED.);
#115=B_SPLINE_CURVE_WITH_KNOTS('',3,(#817,#818,#819,#820,#821,#822,#823,
#824,#825,#826,#827,#828,#829,#830,#831,#832,#833,#834,#835,#836,#837,#838,
#839,#840,#841,#842,#843,#844,#845,#846,#847,#848,#849,#850,#851,#852,#853,
#854,#855,#856,#857,#858,#859,#860,#861,#862,#863,#864,#865,#866,#867,#868,
#869,#870,#871,#872,#873,#874,#875,#876,#877,#878,#879,#880,#881,#882),
 .UNSPECIFIED.,.F.,.F.,(4,2,2,2,2,2,2,2,2,2,2,2,2,2,2,2,2,2,2,2,2,2,2,2,
2,2,2,2,2,2,2,2,4),(-3.47587179103065,-3.4387816436112,-3.34022047387159,
-3.2303522942546,-3.1283795720883,-3.06163983658049,-2.96866234035011,-2.84619470281313,
-2.78952683488187,-2.66810763605845,-2.55962602887831,-2.42372249365377,
-2.32462181115527,-2.19840053984033,-1.98942395595207,-1.83998924420346,
-1.75251169391184,-1.63195087089639,-1.53131396270241,-1.41857585233899,
-1.30866951345229,-1.2067054796507,-1.14007472687136,-0.990565935919082,
-0.890877903533695,-0.778133665748119,-0.668239965126709,-0.566280442965029,
-0.468692368013767,-0.351150084000963,-0.245765131491101,-0.129539179018089,
-5.28869025648548E-5),.UNSPECIFIED.);
#116=B_SPLINE_CURVE_WITH_KNOTS('',3,(#883,#884,#885,#886,#887,#888),
 .UNSPECIFIED.,.F.,.F.,(4,1,1,4),(14.7086771490228,15.162886433629,15.649727304679,
15.707963267949),.UNSPECIFIED.);
#117=B_SPLINE_CURVE_WITH_KNOTS('',3,(#890,#891,#892,#893,#894,#895,#896,
#897,#898,#899,#900,#901,#902,#903,#904,#905,#906,#907,#908,#909,#910,#911,
#912,#913,#914,#915,#916,#917,#918,#919,#920,#921,#922,#923,#924,#925,#926,
#927,#928,#929),.UNSPECIFIED.,.F.,.F.,(4,3,3,3,3,3,3,3,3,3,3,3,3,4),(14.7086828116103,
14.7904078483466,14.8721380241503,14.9538664189725,15.0356124822566,15.074314193748,
15.1560644578147,15.237799406299,15.3204760248009,15.4022087111561,15.4853572957313,
15.5685058803064,15.6538160827455,15.707963267949),.UNSPECIFIED.);
#118=B_SPLINE_CURVE_WITH_KNOTS('',3,(#930,#931,#932,#933,#934,#935,#936,
#937,#938,#939,#940,#941,#942,#943,#944,#945,#946,#947,#948,#949,#950,#951,
#952,#953,#954,#955,#956,#957,#958,#959,#960,#961,#962,#963,#964,#965,#966,
#967,#968,#969,#970,#971,#972,#973,#974,#975,#976,#977,#978,#979,#980,#981,
#982,#983,#984,#985,#986,#987,#988,#989,#990,#991,#992,#993,#994,#995,#996,
#997),.UNSPECIFIED.,.F.,.F.,(4,2,2,2,2,2,2,2,2,2,2,2,2,2,2,2,2,2,2,2,2,
2,2,2,2,2,2,2,2,2,2,2,2,4),(-8.26640969142804,-8.16113867177573,-8.06338692493962,
-7.95910899269177,-7.83812870836211,-7.73684018291919,-7.63409908580765,
-7.51308326311635,-7.41181470198445,-7.30907539945988,-7.1880708154644,
-7.08678882233761,-6.9840444361554,-6.86303098613157,-6.76174930204351,
-6.65900212332255,-6.53798719142017,-6.43670112497075,-6.3339497717486,
-6.21293707067619,-6.11164406433734,-6.00888358706249,-5.88789993823303,
-5.78658312545908,-5.68378571495774,-5.56299421222008,-5.4615493756506,
-5.35855102012848,-5.23919784463667,-5.15170674809444,-4.98565678322766,
-4.88176321734538,-4.81807868354659,-4.79089951941971),.UNSPECIFIED.);
#119=B_SPLINE_CURVE_WITH_KNOTS('',3,(#1002,#1003,#1004,#1005,#1006,#1007,
#1008,#1009,#1010,#1011,#1012,#1013,#1014,#1015,#1016,#1017,#1018,#1019,
#1020,#1021,#1022,#1023,#1024,#1025,#1026,#1027,#1028,#1029,#1030,#1031,
#1032,#1033,#1034,#1035,#1036,#1037,#1038,#1039,#1040,#1041,#1042,#1043,
#1044,#1045,#1046,#1047,#1048,#1049,#1050,#1051,#1052,#1053,#1054,#1055,
#1056,#1057,#1058,#1059,#1060,#1061,#1062,#1063,#1064,#1065,#1066,#1067,
#1068,#1069,#1070,#1071,#1072,#1073,#1074,#1075,#1076,#1077,#1078,#1079,
#1080,#1081,#1082,#1083),.UNSPECIFIED.,.F.,.F.,(4,2,2,2,2,2,2,2,2,2,2,2,
2,2,2,2,2,2,2,2,2,2,2,2,2,2,2,2,2,2,2,2,2,2,2,2,2,2,2,2,4),(-7.60945863707733,
-7.51673264463672,-7.39951468153363,-7.30274876796638,-7.19060273168716,
-7.06727416263036,-6.9923508793538,-6.87606823629727,-6.75894617580065,
-6.66206703806901,-6.54994486590466,-6.42663103704574,-6.35175825935215,
-6.23547138716772,-6.1182593392213,-6.02151729634476,-5.90938369324151,
-5.78606992913744,-5.71115155935497,-5.59488465532618,-5.47778780918283,
-5.38090649820094,-5.26880042944973,-5.14550293117091,-5.07064506406412,
-4.95437141224348,-4.83716332769241,-4.74044770988903,-4.62832617662797,
-4.50502706546716,-4.43011262644535,-4.31386170641133,-4.19679265413842,
-4.13328007587549,-4.06919097136734,-4.00606043645651,-3.86940313576018,
-3.76739577631088,-3.69690154555895,-3.61393381558818,-3.47587179103065),
 .UNSPECIFIED.);
#120=B_SPLINE_CURVE_WITH_KNOTS('',3,(#1084,#1085,#1086,#1087,#1088,#1089,
#1090,#1091,#1092,#1093,#1094,#1095,#1096,#1097,#1098,#1099,#1100,#1101,
#1102,#1103,#1104,#1105,#1106,#1107,#1108,#1109,#1110,#1111,#1112,#1113,
#1114,#1115,#1116,#1117,#1118,#1119,#1120,#1121,#1122,#1123,#1124,#1125,
#1126,#1127,#1128,#1129,#1130,#1131,#1132,#1133,#1134,#1135,#1136,#1137,
#1138,#1139,#1140,#1141,#1142,#1143,#1144,#1145,#1146,#1147,#1148,#1149,
#1150,#1151,#1152,#1153,#1154,#1155,#1156,#1157,#1158,#1159,#1160,#1161),
 .UNSPECIFIED.,.F.,.F.,(4,2,2,2,2,2,2,2,2,2,2,2,2,2,2,2,2,2,2,2,2,2,2,2,
2,2,2,2,2,2,2,2,2,2,2,2,2,2,4),(-4.79089951941971,-4.73119024678517,-4.62724541401438,
-4.50812227611767,-4.35330260650306,-4.13303600482951,-4.07836172901835,
-4.00130982563211,-3.8808407018706,-3.77797169381368,-3.67660799258696,
-3.55565494459399,-3.45286957473736,-3.35155915724588,-3.23053106893894,
-3.12776286252555,-3.02646424888768,-2.90542635497288,-2.80266380126482,
-2.70136986648351,-2.5803333969153,-2.47757448929524,-2.37628399233285,
-2.25525090369453,-2.15249529165628,-2.05120801596413,-1.93017864947368,
-1.82742627175545,-1.72614217941847,-1.60511659457202,-1.50236744040708,
-1.40108652471,-1.28006473183498,-1.17731879924141,-1.07604105896221,-0.955023059698275,
-0.85228034826298,-0.751005783060239,-0.65729650166969),.UNSPECIFIED.);
#121=B_SPLINE_CURVE_WITH_KNOTS('',3,(#1167,#1168,#1169,#1170,#1171,#1172,
#1173,#1174,#1175,#1176,#1177,#1178,#1179,#1180,#1181,#1182,#1183,#1184,
#1185,#1186,#1187,#1188,#1189,#1190,#1191,#1192,#1193,#1194,#1195,#1196,
#1197,#1198,#1199,#1200,#1201,#1202,#1203,#1204,#1205,#1206,#1207,#1208,
#1209,#1210,#1211,#1212,#1213,#1214,#1215,#1216,#1217,#1218,#1219,#1220,
#1221,#1222,#1223,#1224,#1225,#1226,#1227,#1228,#1229,#1230,#1231,#1232,
#1233,#1234,#1235,#1236,#1237,#1238,#1239,#1240,#1241,#1242,#1243,#1244,
#1245,#1246,#1247,#1248,#1249,#1250,#1251,#1252,#1253,#1254,#1255,#1256,
#1257,#1258,#1259,#1260,#1261,#1262,#1263,#1264,#1265,#1266,#1267,#1268,
#1269,#1270,#1271,#1272,#1273,#1274,#1275,#1276,#1277,#1278,#1279,#1280,
#1281,#1282,#1283,#1284,#1285,#1286,#1287,#1288,#1289,#1290,#1291,#1292,
#1293,#1294,#1295,#1296,#1297,#1298,#1299,#1300,#1301,#1302,#1303,#1304,
#1305,#1306,#1307,#1308,#1309,#1310,#1311,#1312,#1313,#1314,#1315,#1316,
#1317,#1318,#1319,#1320,#1321,#1322,#1323,#1324,#1325,#1326,#1327,#1328,
#1329,#1330,#1331,#1332,#1333,#1334,#1335,#1336,#1337,#1338,#1339,#1340,
#1341,#1342,#1343,#1344,#1345,#1346,#1347,#1348,#1349,#1350,#1351,#1352,
#1353,#1354,#1355,#1356,#1357,#1358,#1359,#1360,#1361,#1362,#1363,#1364,
#1365),.UNSPECIFIED.,.F.,.F.,(4,3,3,3,3,3,3,3,3,3,3,3,3,3,3,3,3,3,3,3,3,
3,3,3,3,3,3,3,3,3,3,3,3,3,3,3,3,3,3,3,3,3,3,3,3,3,3,3,3,3,3,3,3,3,3,3,3,
3,3,3,3,3,3,3,3,3,4),(28.2743338823081,28.3075899519794,28.3893771754285,
28.471149654212,28.5529253071834,28.6346957869349,28.7164861218121,28.7944308230294,
28.8762180464788,28.9579905252626,29.0397661782342,29.1215366579861,29.2033269928635,
29.2812716940794,29.3630589175285,29.444831396312,29.5266070492833,29.6083775290349,
29.6901678639121,29.7681125651294,29.8498997885787,29.9316722673624,30.013447920334,
30.0952184000857,30.1770087349631,30.2549534361794,30.3367406596283,30.4185131384116,
30.5002887913827,30.5820592711341,30.6638496060111,30.7417943072294,30.8235815306792,
30.9053540094635,30.9871296624355,31.0689001421878,31.1506904770657,31.2286351782794,
31.3104224017277,31.3921948805105,31.4739705334811,31.5557410132319,31.6375313481084,
31.7154760493295,31.7972632727791,31.8790357515632,31.9608114045351,32.0425818842873,
32.124372219165,32.2023169203795,32.2841041438302,32.3658766226153,32.4476522755884,
32.5294227553416,32.6112130902204,32.6891577914295,32.7709450148704,32.8527174936457,
32.9344931466088,33.0162636263523,33.0980539612214,33.1759986624795,33.2577850526554,
33.3395626519671,33.4213296272063,33.5031033568694,33.5582079461128),
 .UNSPECIFIED.);
#122=B_SPLINE_CURVE_WITH_KNOTS('',3,(#1366,#1367,#1368,#1369,#1370,#1371,
#1372,#1373,#1374,#1375,#1376,#1377,#1378,#1379,#1380,#1381),
 .UNSPECIFIED.,.F.,.F.,(4,2,2,2,2,2,2,4),(-8.26700488569259,-8.15048563104326,
-8.04026725506081,-7.94338752216064,-7.83124963376848,-7.70791963436739,
-7.63303300676574,-7.60945863707733),.UNSPECIFIED.);
#123=B_SPLINE_CURVE_WITH_KNOTS('',3,(#1383,#1384,#1385,#1386,#1387,#1388,
#1389,#1390,#1391,#1392,#1393,#1394,#1395,#1396,#1397,#1398),
 .UNSPECIFIED.,.F.,.F.,(4,2,2,2,2,2,2,4),(-0.65729650166969,-0.629991577677441,
-0.527252087229012,-0.425980696999049,-0.304970285379445,-0.201100533405436,
-0.104233507788071,-9.74250589211179E-5),.UNSPECIFIED.);
#124=B_SPLINE_CURVE_WITH_KNOTS('',3,(#1399,#1400,#1401,#1402,#1403,#1404,
#1405,#1406,#1407,#1408,#1409,#1410,#1411,#1412,#1413,#1414,#1415,#1416,
#1417,#1418,#1419,#1420,#1421,#1422,#1423,#1424,#1425,#1426,#1427,#1428,
#1429,#1430,#1431,#1432,#1433,#1434,#1435,#1436,#1437,#1438,#1439,#1440,
#1441,#1442,#1443,#1444,#1445,#1446,#1447,#1448,#1449,#1450,#1451,#1452,
#1453,#1454,#1455,#1456,#1457,#1458,#1459,#1460,#1461,#1462,#1463,#1464,
#1465,#1466),.UNSPECIFIED.,.F.,.F.,(4,2,2,2,2,2,2,2,2,2,2,2,2,2,2,2,2,2,
2,2,2,2,2,2,2,2,2,2,2,2,2,2,2,4),(-8.26674183936749,-8.16311174778209,-8.06660601368512,
-7.94079284839693,-7.88114877258745,-7.77350590496915,-7.65247829571509,
-7.55118340856415,-7.44842355932057,-7.32739225992372,-7.2260942903973,
-7.12333131575307,-7.00229630665629,-6.90099526699458,-6.79822918688512,
-6.67719035601636,-6.57588631713375,-6.47311724621457,-6.35207395267273,
-6.25076732087158,-6.14799591632949,-6.02694449139328,-5.92563759298753,
-5.82286761887354,-5.70178713774368,-5.60049323223892,-5.49774619789333,
-5.37651971989983,-5.27531261139069,-5.17271002158584,-5.05913668445857,
-4.95213610632493,-4.88601519587594,-4.79066825169729),.UNSPECIFIED.);
#125=B_SPLINE_CURVE_WITH_KNOTS('',3,(#1472,#1473,#1474,#1475,#1476,#1477,
#1478,#1479,#1480,#1481,#1482,#1483,#1484,#1485,#1486),.UNSPECIFIED.,.F.,
 .F.,(4,1,1,1,1,1,1,1,1,1,1,1,4),(34.5575191894877,34.6365212756295,35.1233621466796,
35.6102030177296,36.0970438887796,36.5838847598296,37.0707256308796,37.5575665019296,
38.0444073729796,38.5312482440297,39.0180891150797,39.5049299861297,39.841387315129),
 .UNSPECIFIED.);
#126=B_SPLINE_CURVE_WITH_KNOTS('',3,(#1487,#1488,#1489,#1490,#1491,#1492,
#1493,#1494,#1495,#1496,#1497,#1498,#1499,#1500,#1501,#1502,#1503,#1504,
#1505,#1506,#1507,#1508,#1509,#1510,#1511,#1512,#1513,#1514,#1515,#1516,
#1517,#1518,#1519,#1520,#1521,#1522,#1523,#1524,#1525,#1526),
 .UNSPECIFIED.,.F.,.F.,(4,3,3,3,3,3,3,3,3,3,3,3,3,4),(33.5582079461128,
33.6399945048141,33.6628395335295,33.7446267569222,33.8263992356489,33.908174888564,
33.9899453682595,34.0717357030818,34.1496804045795,34.2311536712306,34.3127450498875,
34.3942008425339,34.475860014196,34.557519185858),.UNSPECIFIED.);
#127=B_SPLINE_CURVE_WITH_KNOTS('',3,(#1527,#1528,#1529,#1530,#1531,#1532,
#1533,#1534,#1535,#1536,#1537,#1538,#1539,#1540,#1541,#1542,#1543,#1544,
#1545,#1546,#1547,#1548,#1549,#1550,#1551,#1552,#1553,#1554,#1555,#1556,
#1557,#1558,#1559,#1560,#1561,#1562,#1563,#1564,#1565,#1566,#1567,#1568,
#1569,#1570,#1571,#1572,#1573,#1574,#1575,#1576,#1577,#1578,#1579,#1580,
#1581,#1582,#1583,#1584,#1585,#1586,#1587,#1588,#1589,#1590,#1591,#1592,
#1593,#1594,#1595,#1596,#1597,#1598,#1599,#1600,#1601,#1602,#1603,#1604,
#1605,#1606,#1607,#1608),.UNSPECIFIED.,.F.,.F.,(4,2,2,2,2,2,2,2,2,2,2,2,
2,2,2,2,2,2,2,2,2,2,2,2,2,2,2,2,2,2,2,2,2,2,2,2,2,2,2,2,4),(-4.79066825169729,
-4.77815697272116,-4.65544408825504,-4.57965266603733,-4.46425276683973,
-4.34341287450899,-4.24413000772219,-4.1331891053934,-4.01987246720249,
-3.917351904778,-3.8162003332597,-3.69490575249994,-3.59217993564454,-3.49090544078965,
-3.36981467372937,-3.26705507153863,-3.1657609671077,-3.04470996357607,
-2.94194710066036,-2.84065216659134,-2.71961127463531,-2.61685050158841,
-2.51555804553218,-2.39452204911776,-2.29176429932506,-2.19047489635351,
-2.06944288625367,-1.96668832245659,-1.86540206396698,-1.74437389769301,
-1.64162255543908,-1.54033950637091,-1.41931508378549,-1.31656694221462,
-1.21528696809972,-1.09426648206778,-0.991521606871427,-0.890245010502988,
-0.769228043715626,-0.666486308229796,-0.657392044240473),.UNSPECIFIED.);
#128=B_SPLINE_CURVE_WITH_KNOTS('',3,(#1614,#1615,#1616,#1617,#1618,#1619,
#1620,#1621,#1622,#1623,#1624,#1625,#1626,#1627,#1628,#1629,#1630,#1631,
#1632,#1633,#1634,#1635,#1636,#1637,#1638,#1639,#1640,#1641,#1642,#1643,
#1644,#1645,#1646,#1647,#1648,#1649,#1650,#1651,#1652,#1653,#1654,#1655,
#1656,#1657,#1658,#1659,#1660,#1661,#1662,#1663,#1664,#1665,#1666,#1667,
#1668,#1669,#1670,#1671,#1672,#1673,#1674,#1675,#1676,#1677,#1678,#1679,
#1680,#1681,#1682,#1683,#1684,#1685,#1686,#1687,#1688,#1689,#1690,#1691,
#1692,#1693,#1694,#1695),.UNSPECIFIED.,.F.,.F.,(4,2,2,2,2,2,2,2,2,2,2,2,
2,2,2,2,2,2,2,2,2,2,2,2,2,2,2,2,2,2,2,2,2,2,2,2,2,2,2,2,4),(18.2560106745516,
18.2626809729474,18.3894617415611,18.4721898728354,18.5960687406465,18.7184196481819,
18.8142421742644,18.9552485059094,19.0748577398883,19.168394011547,19.3183743466205,
19.4342734794225,19.5139998521728,19.5921986285371,19.7103071978782,19.8235991189543,
19.911487451623,20.0526321308124,20.1682672271587,20.2483322225187,20.3258243618922,
20.4445292451707,20.5579714830754,20.6450759946326,20.7858292279145,20.9003502438179,
20.9736740105757,21.0758571505004,21.2074171760173,21.3250559096164,21.4027589248651,
21.5229257672539,21.639428658519,21.7185158327755,21.7985835317481,21.9219259046755,
22.0748371368509,22.1788702741602,22.3123655426503,22.4009711633601,22.4474824094159),
 .UNSPECIFIED.);
#129=B_SPLINE_CURVE_WITH_KNOTS('',3,(#1698,#1699,#1700,#1701,#1702,#1703,
#1704,#1705,#1706,#1707,#1708,#1709,#1710,#1711,#1712,#1713,#1714,#1715,
#1716,#1717,#1718,#1719,#1720,#1721,#1722,#1723,#1724,#1725,#1726,#1727,
#1728,#1729,#1730,#1731,#1732,#1733,#1734,#1735,#1736,#1737,#1738,#1739,
#1740,#1741,#1742,#1743,#1744,#1745,#1746,#1747,#1748,#1749,#1750,#1751,
#1752,#1753,#1754,#1755,#1756,#1757,#1758,#1759,#1760,#1761,#1762,#1763),
 .UNSPECIFIED.,.F.,.F.,(4,2,2,2,2,2,2,2,2,2,2,2,2,2,2,2,2,2,2,2,2,2,2,2,
2,2,2,2,2,2,2,2,4),(1.00000001300704E-6,0.102232742166972,0.225959597163819,
0.351390700309211,0.441096144297253,0.549419936008717,0.67957329657374,
0.77774646895076,0.860957570507277,0.977688892613449,1.11789702142785,1.21490687625724,
1.33526493221562,1.44206770504557,1.52831977953245,1.63985512880099,1.74854155831192,
1.86018908631737,1.9172744709396,2.04929170704126,2.17028066684404,2.31044788497777,
2.42627920479048,2.52375777636633,2.67718055420018,2.79100368494755,2.92501969460735,
3.02121529860315,3.14298301548895,3.25216683541792,3.3979313584418,3.5129414369123,
3.52183693073495),.UNSPECIFIED.);
#130=B_SPLINE_CURVE_WITH_KNOTS('',3,(#1768,#1769,#1770,#1771,#1772,#1773,
#1774,#1775,#1776,#1777,#1778,#1779,#1780,#1781,#1782,#1783,#1784,#1785,
#1786,#1787,#1788,#1789,#1790,#1791,#1792,#1793,#1794,#1795,#1796,#1797,
#1798,#1799,#1800,#1801,#1802,#1803,#1804,#1805,#1806,#1807,#1808,#1809,
#1810,#1811,#1812,#1813,#1814,#1815,#1816,#1817,#1818,#1819,#1820,#1821,
#1822,#1823,#1824,#1825,#1826,#1827,#1828,#1829,#1830,#1831,#1832,#1833,
#1834,#1835,#1836,#1837,#1838,#1839,#1840,#1841,#1842,#1843,#1844,#1845,
#1846,#1847,#1848,#1849,#1850,#1851,#1852,#1853,#1854,#1855,#1856,#1857,
#1858,#1859,#1860,#1861),.UNSPECIFIED.,.F.,.F.,(4,2,2,2,2,2,2,2,2,2,2,2,
2,2,2,2,2,2,2,2,2,2,2,2,2,2,2,2,2,2,2,2,2,2,2,2,2,2,2,2,2,2,2,2,2,2,4),
(13.5863640642568,13.6221561664706,13.7206286899997,13.8446233179904,13.9859152507793,
14.0761872809474,14.1690479099169,14.2797236292005,14.3530799791088,14.443170906757,
14.5365506214828,14.6473821228718,14.7205858075135,14.8112323910077,14.9030254980218,
15.0133894566823,15.0870655258548,15.1761002681825,15.2726840161772,15.3845697949354,
15.4569513487566,15.5517898266129,15.6699805140068,15.783291936364,15.8710488807562,
16.0121245157172,16.127569491334,16.1994573494576,16.3006377456884,16.43169740403,
16.5508473045243,16.6297629835479,16.749045003426,16.8664519702117,16.9494784142597,
17.0496590041697,17.1828585599399,17.2826845126415,17.3571819417159,17.4903196028447,
17.6530753495223,17.7325066194947,17.8518476355079,17.970032637204,18.0553039265033,
18.134659213121,18.2560106745516),.UNSPECIFIED.);
#131=B_SPLINE_CURVE_WITH_KNOTS('',3,(#1862,#1863,#1864,#1865,#1866,#1867,
#1868,#1869,#1870,#1871,#1872,#1873,#1874,#1875,#1876,#1877,#1878,#1879,
#1880,#1881,#1882,#1883,#1884,#1885,#1886,#1887,#1888,#1889,#1890,#1891,
#1892,#1893,#1894,#1895,#1896,#1897,#1898,#1899,#1900,#1901,#1902,#1903,
#1904,#1905,#1906,#1907,#1908,#1909,#1910,#1911,#1912,#1913,#1914,#1915,
#1916,#1917,#1918,#1919,#1920,#1921,#1922,#1923,#1924,#1925,#1926,#1927,
#1928,#1929,#1930,#1931,#1932,#1933,#1934,#1935,#1936,#1937,#1938,#1939,
#1940,#1941,#1942,#1943),.UNSPECIFIED.,.F.,.F.,(4,2,2,2,2,2,2,2,2,2,2,2,
2,2,2,2,2,2,2,2,2,2,2,2,2,2,2,2,2,2,2,2,2,2,2,2,2,2,2,2,4),(3.52183693073495,
3.64901321307727,3.74493151343482,3.86087289794054,3.97855880743416,4.12010863726721,
4.2357239855417,4.37549036704038,4.4694880608877,4.59075940032037,4.69914120438383,
4.84532482819128,4.96025445129779,5.09974194858415,5.19360762646711,5.31460894029304,
5.43581351589081,5.5132296779295,5.67097597856997,5.79249266305205,5.87314081232547,
5.97331490601118,6.10399616440078,6.20445151207838,6.28871821885178,6.40519882552415,
6.5452871306392,6.64313604382406,6.76295328860343,6.90595563604642,7.00345277807106,
7.12395770542929,7.26571213003712,7.36123843000617,7.48367065067753,7.60489887815565,
7.73422669906739,7.85137479325628,7.95197880237885,8.10301282248408,8.1909066373302),
 .UNSPECIFIED.);
#132=B_SPLINE_CURVE_WITH_KNOTS('',3,(#1948,#1949,#1950,#1951,#1952,#1953,
#1954,#1955,#1956,#1957,#1958,#1959,#1960,#1961,#1962,#1963,#1964,#1965,
#1966,#1967,#1968,#1969,#1970,#1971,#1972,#1973,#1974,#1975,#1976,#1977,
#1978,#1979,#1980,#1981,#1982,#1983,#1984,#1985,#1986,#1987,#1988,#1989,
#1990,#1991,#1992,#1993,#1994,#1995,#1996,#1997,#1998,#1999,#2000,#2001,
#2002,#2003,#2004,#2005,#2006,#2007,#2008,#2009,#2010,#2011,#2012,#2013,
#2014,#2015,#2016,#2017,#2018,#2019,#2020,#2021,#2022,#2023,#2024,#2025,
#2026,#2027,#2028,#2029,#2030,#2031,#2032,#2033,#2034,#2035,#2036,#2037,
#2038,#2039,#2040,#2041),.UNSPECIFIED.,.F.,.F.,(4,2,2,2,2,2,2,2,2,2,2,2,
2,2,2,2,2,2,2,2,2,2,2,2,2,2,2,2,2,2,2,2,2,2,2,2,2,2,2,2,2,2,2,2,2,2,4),
(8.9164783322606,8.96547722132209,9.10622040131376,9.19481533893526,9.30798687972658,
9.42567555968048,9.52115108046576,9.59345232188492,9.70548916549733,9.80247869570895,
9.89139020033494,9.965111849339,10.0754460115609,10.1671081984509,10.257805805888,
10.3310007338699,10.4418540298473,10.58107749361,10.6697104192834,10.7915229585446,
10.91304157351,10.9961886572346,11.1117021693405,11.2243191267213,11.3317054935953,
11.4102334805102,11.4916912128365,11.6112122176864,11.7249573021087,11.8086310444764,
11.9138480981015,12.038267828968,12.1401174257107,12.2137804544457,12.3467158939357,
12.4603767432721,12.5451672850607,12.6297955635153,12.7649451102364,12.8803187732247,
12.9633616062682,13.0854810677582,13.2073282124777,13.2974530736143,13.4374814802828,
13.5501444940026,13.5863640642568),.UNSPECIFIED.);
#133=B_SPLINE_CURVE_WITH_KNOTS('',3,(#2042,#2043,#2044,#2045,#2046,#2047,
#2048,#2049,#2050,#2051,#2052,#2053,#2054,#2055,#2056,#2057,#2058,#2059,
#2060,#2061,#2062,#2063,#2064,#2065,#2066,#2067,#2068,#2069,#2070,#2071,
#2072,#2073,#2074,#2075,#2076,#2077,#2078,#2079,#2080,#2081,#2082,#2083,
#2084,#2085,#2086,#2087,#2088,#2089,#2090,#2091,#2092,#2093,#2094,#2095,
#2096,#2097,#2098,#2099,#2100,#2101,#2102,#2103,#2104,#2105,#2106,#2107,
#2108,#2109,#2110,#2111,#2112,#2113,#2114,#2115,#2116,#2117,#2118,#2119,
#2120,#2121,#2122,#2123,#2124,#2125,#2126,#2127),.UNSPECIFIED.,.F.,.F.,
(4,2,2,2,2,2,2,2,2,2,2,2,2,2,2,2,2,2,2,2,2,2,2,2,2,2,2,2,2,2,2,2,2,2,2,
2,2,2,2,2,2,2,4),(8.1909066373302,8.21717113647199,8.31014272808128,8.46726515251692,
8.58042608135757,8.71323990829307,8.80613215435274,8.92956504606736,9.05066176616525,
9.1297077862612,9.23246019067895,9.36251223127372,9.46061554778965,9.54550083313682,
9.66143098851195,9.75923594697037,9.91230652633385,10.0261262168194,10.1651225456475,
10.2577345235175,10.3787597920933,10.4867595465056,10.633095381674,10.7479602390357,
10.8873930490798,10.9834846652979,11.100171113864,11.2213751772127,11.3468165700447,
11.4379356444291,11.5284919018797,11.6418850896973,11.7974476044846,11.8921403408107,
12.0068699562631,12.1540617472202,12.2605721982756,12.3807275725407,12.4776517036996,
12.6176641506079,12.7339967223838,12.8188132082754,12.8586721023615),
 .UNSPECIFIED.);
#134=B_SPLINE_CURVE_WITH_KNOTS('',3,(#2132,#2133,#2134,#2135,#2136,#2137,
#2138,#2139,#2140,#2141,#2142,#2143,#2144,#2145,#2146,#2147,#2148,#2149,
#2150,#2151,#2152,#2153,#2154,#2155,#2156,#2157,#2158,#2159,#2160,#2161,
#2162,#2163,#2164,#2165,#2166,#2167,#2168,#2169,#2170,#2171,#2172,#2173,
#2174,#2175,#2176,#2177,#2178,#2179,#2180,#2181,#2182,#2183,#2184,#2185,
#2186,#2187,#2188,#2189,#2190,#2191,#2192,#2193,#2194,#2195,#2196,#2197,
#2198,#2199,#2200,#2201,#2202,#2203,#2204,#2205,#2206,#2207,#2208,#2209,
#2210,#2211,#2212,#2213,#2214,#2215,#2216,#2217,#2218,#2219,#2220,#2221),
 .UNSPECIFIED.,.F.,.F.,(4,2,2,2,2,2,2,2,2,2,2,2,2,2,2,2,2,2,2,2,2,2,2,2,
2,2,2,2,2,2,2,2,2,2,2,2,2,2,2,2,2,2,2,2,4),(4.24601650836569,4.2690734428144,
4.37150510079608,4.44516290232247,4.55947351187196,4.68078498397443,4.75608082505295,
4.87063385644146,5.00321631296443,5.0927005929826,5.17433694415246,5.29106911750242,
5.41100342600218,5.48901679649535,5.60705615785082,5.73848387429965,5.84046123979983,
5.91344222217032,6.02816805171067,6.16629203954013,6.25560771244276,6.368656624224,
6.48597927684927,6.58195938275632,6.65420141098524,6.7663509477218,6.90615688768261,
6.99147912118758,7.10531906857274,7.33799680888062,7.48967929382536,7.62258909204348,
7.69615169270894,7.79824675910795,7.93319023793101,8.02971004674356,8.11227056262045,
8.22948369405403,8.37179399333622,8.4602385206661,8.57344170766591,8.69122133702528,
8.76986196236671,8.84941545443465,8.9164783322606),.UNSPECIFIED.);
#135=B_SPLINE_CURVE_WITH_KNOTS('',3,(#2222,#2223,#2224,#2225,#2226,#2227,
#2228,#2229,#2230,#2231,#2232,#2233,#2234,#2235,#2236,#2237,#2238,#2239,
#2240,#2241,#2242,#2243,#2244,#2245,#2246,#2247,#2248,#2249,#2250,#2251,
#2252,#2253,#2254,#2255,#2256,#2257,#2258,#2259,#2260,#2261,#2262,#2263,
#2264,#2265,#2266,#2267,#2268,#2269,#2270,#2271,#2272,#2273,#2274,#2275,
#2276,#2277,#2278,#2279,#2280,#2281,#2282,#2283,#2284,#2285,#2286,#2287,
#2288,#2289,#2290,#2291,#2292,#2293,#2294,#2295,#2296,#2297,#2298,#2299,
#2300,#2301,#2302,#2303,#2304,#2305,#2306,#2307),.UNSPECIFIED.,.F.,.F.,
(4,2,2,2,2,2,2,2,2,2,2,2,2,2,2,2,2,2,2,2,2,2,2,2,2,2,2,2,2,2,2,2,2,2,2,
2,2,2,2,2,2,2,4),(12.8586721023615,12.9205271747739,13.0486574978269,13.1494878422572,
13.2297009158299,13.3606813194167,13.485951897178,13.5442970262315,13.6558837153668,
13.7645115133595,13.8759898884131,13.962199035835,14.0689393642713,14.1892260750382,
14.2849720196233,14.4246237123024,14.5400110359745,14.682836080174,14.7976123404596,
14.9535634964218,15.0268276470552,15.1594562854891,15.3107663941209,15.3777984422524,
15.5190267880173,15.6424216556855,15.7340935007319,15.8757589026353,15.9945446432782,
16.092901931306,16.2323142507895,16.3470944816003,16.4940636933685,16.6009968654576,
16.7214008612959,16.8175595047959,16.9574753637946,17.0735188259745,17.1497134719724,
17.2218755464297,17.3181587631112,17.4334912325638,17.5266289351335),
 .UNSPECIFIED.);
#136=B_SPLINE_CURVE_WITH_KNOTS('',3,(#2314,#2315,#2316,#2317,#2318,#2319,
#2320,#2321,#2322,#2323,#2324,#2325,#2326,#2327,#2328,#2329,#2330,#2331,
#2332,#2333,#2334,#2335,#2336,#2337,#2338,#2339,#2340,#2341,#2342,#2343,
#2344,#2345,#2346,#2347,#2348,#2349,#2350,#2351,#2352,#2353,#2354,#2355,
#2356,#2357,#2358,#2359,#2360,#2361,#2362,#2363,#2364,#2365,#2366,#2367,
#2368,#2369,#2370,#2371,#2372,#2373,#2374,#2375,#2376,#2377,#2378,#2379,
#2380,#2381,#2382,#2383,#2384,#2385,#2386,#2387,#2388,#2389,#2390,#2391),
 .UNSPECIFIED.,.F.,.F.,(4,2,2,2,2,2,2,2,2,2,2,2,2,2,2,2,2,2,2,2,2,2,2,2,
2,2,2,2,2,2,2,2,2,2,2,2,2,2,4),(0.,0.172423964196562,0.317270492545097,
0.39685655270632,0.514632831115619,0.63395924449398,0.712920244399764,0.82578169309367,
0.963300074174848,1.06415324983952,1.13804368986101,1.25247380888369,1.37384037317783,
1.44959049450197,1.61170727140631,1.72834885306245,1.81241887374877,1.94014830708367,
2.06794024084539,2.14725461797823,2.23247290329071,2.3507067664773,2.49102308546996,
2.5818518870116,2.69468961083919,2.9054746628241,2.97729035289758,3.09103509262893,
3.2283465152523,3.3172929559703,3.43038088399916,3.5478666066426,3.62691649179089,
3.70632931372826,3.82251323851653,3.94300253856528,4.02026098944944,4.13732687487803,
4.24601650836569),.UNSPECIFIED.);
#137=B_SPLINE_CURVE_WITH_KNOTS('',3,(#2392,#2393,#2394,#2395,#2396,#2397,
#2398,#2399,#2400,#2401,#2402,#2403,#2404,#2405,#2406,#2407,#2408,#2409,
#2410,#2411,#2412,#2413,#2414,#2415,#2416,#2417,#2418,#2419,#2420,#2421,
#2422,#2423,#2424,#2425,#2426,#2427,#2428,#2429,#2430,#2431,#2432,#2433,
#2434,#2435,#2436,#2437,#2438,#2439,#2440,#2441,#2442,#2443,#2444,#2445,
#2446,#2447,#2448,#2449,#2450,#2451,#2452,#2453,#2454,#2455,#2456,#2457,
#2458,#2459,#2460,#2461,#2462,#2463,#2464,#2465,#2466,#2467,#2468,#2469,
#2470,#2471,#2472,#2473,#2474,#2475,#2476,#2477),.UNSPECIFIED.,.F.,.F.,
(4,2,2,2,2,2,2,2,2,2,2,2,2,2,2,2,2,2,2,2,2,2,2,2,2,2,2,2,2,2,2,2,2,2,2,
2,2,2,2,2,2,2,4),(17.5266289351335,17.5768157051287,17.6906085584237,17.8502950696368,
17.9283572034534,18.0495783724256,18.1715775991853,18.2690931629989,18.4167237938635,
18.5730505765559,18.6498528717323,18.7832677181094,18.9145559327464,18.9700426704289,
19.0544183308688,19.1911823458355,19.3013669887152,19.3868893746661,19.4965975012875,
19.6186734202689,19.7112464235403,19.8511106209352,19.9670075870849,20.0518150249914,
20.1491802889066,20.2785265353146,20.3824985920273,20.4607904883262,20.5820186980377,
20.7043830423164,20.8006020239463,20.9392531993494,21.0575237256581,21.1520174865809,
21.2893460344783,21.3998398755372,21.4772772032485,21.5750409315936,21.7045075502464,
21.8421437466443,21.9656209665079,22.0794080680783,22.1951610071741),
 .UNSPECIFIED.);
#138=B_SPLINE_CURVE_WITH_KNOTS('',3,(#2489,#2490,#2491,#2492,#2493,#2494,
#2495,#2496,#2497,#2498),.UNSPECIFIED.,.F.,.F.,(4,2,2,2,4),(22.1951610071741,
22.1988654696849,22.2923408443214,22.361044426401,22.4405603540285),
 .UNSPECIFIED.);
#139=B_SPLINE_CURVE_WITH_KNOTS('',3,(#2502,#2503,#2504,#2505,#2506,#2507,
#2508,#2509,#2510,#2511,#2512,#2513,#2514,#2515),.UNSPECIFIED.,.F.,.F.,
(4,2,2,2,2,2,4),(-0.657392044240473,-0.565212582628896,-0.444199791774093,
-0.336676703490679,-0.277240399875792,-0.155354643648035,-9.74365846983979E-5),
 .UNSPECIFIED.);
#140=B_SPLINE_CURVE_WITH_KNOTS('',3,(#2517,#2518,#2519,#2520,#2521,#2522,
#2523,#2524,#2525,#2526,#2527,#2528),.UNSPECIFIED.,.F.,.F.,(4,1,1,1,1,1,
1,1,1,4),(40.8407045346033,41.2664735813426,41.760665267901,42.2548569544594,
42.7490486410178,43.2432403275762,43.7374320141346,44.231623700693,44.7258153872514,
45.1252939753741),.UNSPECIFIED.);
#141=B_SPLINE_CURVE_WITH_KNOTS('',3,(#2532,#2533,#2534,#2535,#2536,#2537,
#2538,#2539,#2540,#2541,#2542,#2543,#2544,#2545,#2546,#2547,#2548,#2549,
#2550,#2551,#2552,#2553,#2554,#2555,#2556,#2557,#2558,#2559,#2560,#2561,
#2562,#2563,#2564,#2565,#2566,#2567,#2568,#2569,#2570,#2571,#2572,#2573,
#2574,#2575,#2576,#2577,#2578,#2579,#2580,#2581,#2582,#2583,#2584,#2585,
#2586,#2587,#2588,#2589,#2590,#2591,#2592,#2593,#2594,#2595,#2596,#2597,
#2598,#2599,#2600,#2601,#2602,#2603,#2604,#2605,#2606,#2607,#2608,#2609,
#2610,#2611,#2612,#2613,#2614,#2615,#2616,#2617,#2618,#2619,#2620,#2621,
#2622,#2623,#2624,#2625,#2626,#2627,#2628,#2629,#2630,#2631,#2632,#2633,
#2634,#2635,#2636,#2637,#2638,#2639,#2640,#2641,#2642,#2643,#2644,#2645,
#2646),.UNSPECIFIED.,.F.,.F.,(4,3,3,3,3,3,3,3,3,3,3,3,3,3,3,3,3,3,3,3,3,
3,3,3,3,3,3,3,3,3,3,3,3,3,3,3,3,3,4),(40.8407044966673,40.9263495678309,
40.9654525992797,41.0472422428893,41.1290171417091,41.2107951924178,41.2925680530421,
41.3743607191245,41.4522934703298,41.5340817073777,41.6158552390378,41.6976319966258,
41.7794036073041,41.861195107004,41.9391343413798,42.020902695094,42.1026562453265,
42.1844130571777,42.2661647815287,42.3479366792336,42.4259752124298,42.5078258524021,
42.5896620503643,42.6715013033194,42.7533351919319,42.8351880375579,42.9128160834798,
42.9944551243087,43.0760791063324,43.1577071427028,43.2393307710106,43.3209768790291,
43.3996569545298,43.4818610805437,43.5640496298968,43.6462359772815,43.7284132878703,
43.8106001541824,43.8864978255798),.UNSPECIFIED.);
#142=B_SPLINE_CURVE_WITH_KNOTS('',3,(#2647,#2648,#2649,#2650,#2651,#2652),
 .UNSPECIFIED.,.F.,.F.,(4,1,1,4),(39.841387315129,39.9917708571797,40.4786117282297,
40.8407044966673),.UNSPECIFIED.);
#143=B_SPLINE_CURVE_WITH_KNOTS('',3,(#2656,#2657,#2658,#2659,#2660,#2661,
#2662,#2663,#2664,#2665,#2666,#2667,#2668,#2669,#2670,#2671,#2672,#2673,
#2674,#2675,#2676,#2677,#2678,#2679,#2680,#2681,#2682,#2683,#2684,#2685,
#2686,#2687),.UNSPECIFIED.,.F.,.F.,(4,2,2,2,2,2,2,2,2,2,2,2,2,2,2,4),(-2.81645026551632,
-2.67386890975584,-2.53559282993336,-2.24500195173937,-2.10394386500853,
-1.96402215583592,-1.70143408242163,-1.55463894502753,-1.4095674262054,
-1.11042597706465,-0.980733976847082,-0.82638688049765,-0.546501769250182,
-0.422687827977948,-0.245105770848115,-0.000343905584378677),
 .UNSPECIFIED.);
#144=B_SPLINE_CURVE_WITH_KNOTS('',3,(#2689,#2690,#2691,#2692,#2693,#2694,
#2695,#2696,#2697,#2698,#2699,#2700,#2701,#2702,#2703,#2704,#2705,#2706,
#2707,#2708,#2709,#2710,#2711,#2712,#2713,#2714,#2715,#2716),
 .UNSPECIFIED.,.F.,.F.,(4,2,2,2,2,2,2,2,2,2,2,2,2,4),(-2.148552232593,-1.92621210174055,
-1.82607564850264,-1.72462641434935,-1.59303601329572,-1.47595771932526,
-1.21173157158929,-1.06928010007537,-0.860645604920895,-0.719602188658752,
-0.468480299853843,-0.330152795990924,-0.161365893911747,-4.67440552166798E-5),
 .UNSPECIFIED.);
#145=B_SPLINE_CURVE_WITH_KNOTS('',3,(#2718,#2719,#2720,#2721),
 .UNSPECIFIED.,.F.,.F.,(4,4),(-0.00949908077144308,0.),.UNSPECIFIED.);
#146=B_SPLINE_CURVE_WITH_KNOTS('',3,(#2740,#2741,#2742,#2743,#2744,#2745,
#2746,#2747,#2748,#2749,#2750,#2751,#2752,#2753,#2754,#2755,#2756,#2757,
#2758,#2759,#2760,#2761),.UNSPECIFIED.,.F.,.F.,(4,3,3,3,3,3,3,4),(32.1180151839999,
32.151929883668,32.2133367129716,32.2749136407667,32.3361436596343,32.3973736785019,
32.4065240624149,32.458883085717),.UNSPECIFIED.);
#147=B_SPLINE_CURVE_WITH_KNOTS('',3,(#2762,#2763,#2764,#2765,#2766,#2767,
#2768,#2769,#2770,#2771,#2772,#2773,#2774,#2775,#2776,#2777,#2778,#2779,
#2780,#2781,#2782,#2783,#2784,#2785,#2786,#2787,#2788,#2789,#2790,#2791,
#2792,#2793,#2794,#2795,#2796,#2797,#2798,#2799,#2800,#2801,#2802,#2803,
#2804,#2805,#2806,#2807,#2808,#2809,#2810,#2811,#2812,#2813,#2814,#2815,
#2816,#2817,#2818,#2819,#2820,#2821,#2822,#2823,#2824,#2825,#2826,#2827,
#2828,#2829,#2830,#2831,#2832,#2833,#2834,#2835,#2836,#2837,#2838,#2839,
#2840,#2841,#2842,#2843,#2844,#2845,#2846,#2847,#2848,#2849,#2850,#2851,
#2852,#2853,#2854,#2855,#2856,#2857,#2858,#2859,#2860,#2861,#2862,#2863,
#2864,#2865,#2866,#2867,#2868,#2869,#2870,#2871,#2872,#2873),
 .UNSPECIFIED.,.F.,.F.,(4,3,3,3,3,3,3,3,3,3,3,3,3,3,3,3,3,3,3,3,3,3,3,3,
3,3,3,3,3,3,3,3,3,3,3,3,3,4),(-1.45394027095779,-1.39485046953847,-1.3837668683544,
-1.32440327991989,-1.28678746649372,-1.26782362637982,-1.25518990972586,
-1.1964792629426,-1.1382424149746,-1.08140203939469,-1.0739649817162,-1.06626684066522,
-1.02345289380375,-0.96564244155829,-0.907691573859403,-0.850294526813117,
-0.804791714453092,-0.797250371668021,-0.791222763458758,-0.731800653408341,
-0.672378543357924,-0.615398474407205,-0.558772092067343,-0.530248718741073,
-0.523411639085783,-0.46749220066857,-0.41174910109313,-0.356338274241905,
-0.331158310172629,-0.28976352140105,-0.271653301313485,-0.261042883821961,
-0.252884862077082,-0.198139238751377,-0.143154671006877,-0.0885243886864012,
-0.0349712312295908,0.),.UNSPECIFIED.);
#148=B_SPLINE_CURVE_WITH_KNOTS('',3,(#2875,#2876,#2877,#2878,#2879,#2880,
#2881,#2882,#2883,#2884,#2885,#2886,#2887,#2888,#2889,#2890,#2891,#2892,
#2893,#2894,#2895,#2896,#2897,#2898,#2899,#2900,#2901,#2902,#2903,#2904,
#2905,#2906,#2907,#2908,#2909,#2910,#2911,#2912,#2913,#2914,#2915,#2916,
#2917,#2918,#2919,#2920,#2921,#2922,#2923,#2924,#2925,#2926,#2927,#2928,
#2929,#2930,#2931,#2932,#2933,#2934,#2935,#2936,#2937,#2938,#2939,#2940,
#2941,#2942,#2943,#2944,#2945,#2946,#2947,#2948,#2949,#2950,#2951,#2952,
#2953,#2954,#2955,#2956,#2957,#2958,#2959,#2960,#2961,#2962,#2963,#2964,
#2965,#2966,#2967,#2968,#2969,#2970,#2971,#2972,#2973,#2974,#2975,#2976,
#2977,#2978,#2979,#2980,#2981,#2982,#2983,#2984,#2985,#2986),
 .UNSPECIFIED.,.F.,.F.,(4,3,3,3,3,3,3,3,3,3,3,3,3,3,3,3,3,3,3,3,3,3,3,3,
3,3,3,3,3,3,3,3,3,3,3,3,3,4),(-1.45768461143785,-1.40360089835793,-1.34742378854834,
-1.29124667873876,-1.27928134463904,-1.22396902990997,-1.16832941855417,
-1.12185383132347,-1.11034260973394,-1.10447151921345,-1.07551187857882,
-1.02000332607844,-0.963883790173188,-0.907425613081256,-0.864822361140411,
-0.84809292705882,-0.841621262892001,-0.834660811457147,-0.777362984790786,
-0.737162844876438,-0.680300062793182,-0.622914080250406,-0.593619741918102,
-0.576045418948482,-0.568265458117937,-0.562098445976298,-0.50416972782565,
-0.445749403953684,-0.389111412263709,-0.330838922345931,-0.293437362198717,
-0.285984657573597,-0.227049005310145,-0.167848669555153,-0.108556033401571,
-0.0502420485197879,-0.0315388625899361,0.),.UNSPECIFIED.);
#149=B_SPLINE_CURVE_WITH_KNOTS('',3,(#2989,#2990,#2991,#2992,#2993,#2994,
#2995,#2996,#2997,#2998,#2999,#3000,#3001,#3002,#3003,#3004,#3005,#3006,
#3007,#3008,#3009,#3010,#3011,#3012,#3013,#3014,#3015,#3016,#3017,#3018,
#3019,#3020,#3021,#3022,#3023,#3024,#3025,#3026,#3027,#3028,#3029,#3030,
#3031,#3032,#3033,#3034,#3035,#3036,#3037,#3038,#3039,#3040,#3041,#3042,
#3043,#3044,#3045,#3046,#3047,#3048,#3049,#3050,#3051,#3052,#3053,#3054,
#3055,#3056,#3057,#3058,#3059,#3060,#3061,#3062,#3063,#3064,#3065,#3066,
#3067,#3068,#3069,#3070,#3071,#3072,#3073,#3074,#3075,#3076,#3077,#3078,
#3079,#3080,#3081,#3082,#3083,#3084,#3085,#3086,#3087,#3088,#3089,#3090,
#3091,#3092,#3093,#3094,#3095,#3096,#3097),.UNSPECIFIED.,.F.,.F.,(4,3,3,
3,3,3,3,3,3,3,3,3,3,3,3,3,3,3,3,3,3,3,3,3,3,3,3,3,3,3,3,3,3,3,3,3,4),(-1.45768461143785,
-1.40274187077257,-1.39495272677046,-1.34038871926831,-1.30556683235523,
-1.28627856412294,-1.27869914525933,-1.22340582566932,-1.16776230181538,
-1.11458582258956,-1.10422729236727,-1.0615622366969,-1.00590371148263,
-0.949691849382093,-0.893264371195428,-0.848262576474924,-0.841526945045806,
-0.834858579519371,-0.776221241022507,-0.717583902525643,-0.660346896914064,
-0.603109891302484,-0.573177737182264,-0.566215353920945,-0.508350142090875,
-0.450026702579094,-0.391705587319474,-0.363652658340719,-0.318196076048129,
-0.298308821295121,-0.289267385788877,-0.282005251828876,-0.2238382873475,
-0.164599655146419,-0.105214091598348,-0.0463808692418411,0.),
 .UNSPECIFIED.);
#150=B_SPLINE_CURVE_WITH_KNOTS('',3,(#3102,#3103,#3104,#3105,#3106,#3107,
#3108,#3109,#3110,#3111,#3112,#3113,#3114,#3115,#3116,#3117,#3118,#3119,
#3120,#3121,#3122,#3123,#3124,#3125,#3126,#3127,#3128,#3129,#3130,#3131,
#3132,#3133,#3134,#3135,#3136,#3137,#3138,#3139,#3140,#3141,#3142,#3143,
#3144,#3145,#3146,#3147,#3148,#3149,#3150,#3151,#3152,#3153,#3154,#3155,
#3156,#3157,#3158,#3159,#3160,#3161,#3162,#3163,#3164,#3165,#3166,#3167,
#3168,#3169,#3170,#3171,#3172,#3173,#3174,#3175,#3176,#3177,#3178,#3179,
#3180,#3181,#3182,#3183,#3184,#3185,#3186,#3187,#3188,#3189,#3190,#3191,
#3192,#3193,#3194,#3195,#3196,#3197,#3198,#3199,#3200,#3201,#3202,#3203,
#3204,#3205,#3206,#3207,#3208,#3209,#3210,#3211,#3212,#3213,#3214,#3215,
#3216,#3217,#3218,#3219),.UNSPECIFIED.,.F.,.F.,(4,3,3,3,3,3,3,3,3,3,3,3,
3,3,3,3,3,3,3,3,3,3,3,3,3,3,3,3,3,3,3,3,3,3,3,3,3,3,3,4),(-1.45394027095766,
-1.39485510309774,-1.36203702348289,-1.30268521873548,-1.2645095655963,
-1.25617908843737,-1.19749162683076,-1.13903253154224,-1.10620043888638,
-1.08154514429192,-1.0735983382742,-1.06637511557155,-1.00757926050857,
-0.949773849294486,-0.891949732448958,-0.834399449637586,-0.812858448372693,
-0.802416726216102,-0.795279458062211,-0.738397546888591,-0.681740858413712,
-0.662071439518438,-0.605154666328554,-0.548479727570367,-0.533485728954774,
-0.524830492326612,-0.517930093921275,-0.461998707085457,-0.406282390345542,
-0.350904810720254,-0.32615647851033,-0.285386918696539,-0.267550236278005,
-0.260065701577634,-0.253430111517444,-0.198703300991886,-0.143716438678493,
-0.0890732716729664,-0.0354990734382218,0.),.UNSPECIFIED.);
#151=B_SPLINE_CURVE_WITH_KNOTS('',3,(#3528,#3529,#3530,#3531),
 .UNSPECIFIED.,.F.,.F.,(4,4),(0.,0.000138249689049773),.UNSPECIFIED.);
#152=LINE('',#680,#166);
#153=LINE('',#815,#167);
#154=LINE('',#1001,#168);
#155=LINE('',#1165,#169);
#156=LINE('',#1470,#170);
#157=LINE('',#1612,#171);
#158=LINE('',#1767,#172);
#159=LINE('',#1947,#173);
#160=LINE('',#2131,#174);
#161=LINE('',#2311,#175);
#162=LINE('',#2482,#176);
#163=LINE('',#2737,#177);
#164=LINE('',#3839,#178);
#165=LINE('',#3844,#179);
#166=VECTOR('',#568,6.56845);
#167=VECTOR('',#573,6.56845);
#168=VECTOR('',#576,6.56845);
#169=VECTOR('',#579,6.56845);
#170=VECTOR('',#582,6.56845);
#171=VECTOR('',#585,7.425);
#172=VECTOR('',#590,7.425);
#173=VECTOR('',#593,7.425);
#174=VECTOR('',#596,7.425);
#175=VECTOR('',#599,7.425);
#176=VECTOR('',#606,3.99999999999999);
#177=VECTOR('',#645,27.75);
#178=VECTOR('',#666,22.5);
#179=VECTOR('',#673,24.75);
#180=VERTEX_POINT('',#678);
#181=VERTEX_POINT('',#679);
#182=VERTEX_POINT('',#681);
#183=VERTEX_POINT('',#695);
#184=VERTEX_POINT('',#813);
#185=VERTEX_POINT('',#814);
#186=VERTEX_POINT('',#816);
#187=VERTEX_POINT('',#889);
#188=VERTEX_POINT('',#999);
#189=VERTEX_POINT('',#1000);
#190=VERTEX_POINT('',#1163);
#191=VERTEX_POINT('',#1164);
#192=VERTEX_POINT('',#1166);
#193=VERTEX_POINT('',#1382);
#194=VERTEX_POINT('',#1468);
#195=VERTEX_POINT('',#1469);
#196=VERTEX_POINT('',#1471);
#197=VERTEX_POINT('',#1610);
#198=VERTEX_POINT('',#1611);
#199=VERTEX_POINT('',#1613);
#200=VERTEX_POINT('',#1696);
#201=VERTEX_POINT('',#1765);
#202=VERTEX_POINT('',#1766);
#203=VERTEX_POINT('',#1945);
#204=VERTEX_POINT('',#1946);
#205=VERTEX_POINT('',#2129);
#206=VERTEX_POINT('',#2130);
#207=VERTEX_POINT('',#2309);
#208=VERTEX_POINT('',#2310);
#209=VERTEX_POINT('',#2312);
#210=VERTEX_POINT('',#2479);
#211=VERTEX_POINT('',#2481);
#212=VERTEX_POINT('',#2485);
#213=VERTEX_POINT('',#2488);
#214=VERTEX_POINT('',#2501);
#215=VERTEX_POINT('',#2516);
#216=VERTEX_POINT('',#2529);
#217=VERTEX_POINT('',#2531);
#218=VERTEX_POINT('',#2655);
#219=VERTEX_POINT('',#2688);
#220=VERTEX_POINT('',#2717);
#221=VERTEX_POINT('',#2722);
#222=VERTEX_POINT('',#2724);
#223=VERTEX_POINT('',#2729);
#224=VERTEX_POINT('',#2732);
#225=VERTEX_POINT('',#2734);
#226=VERTEX_POINT('',#2739);
#227=VERTEX_POINT('',#2874);
#228=VERTEX_POINT('',#3098);
#229=VERTEX_POINT('',#3100);
#230=VERTEX_POINT('',#3835);
#231=VERTEX_POINT('',#3838);
#232=VERTEX_POINT('',#3842);
#233=EDGE_CURVE('',#180,#181,#152,.T.);
#234=EDGE_CURVE('',#182,#180,#113,.T.);
#235=EDGE_CURVE('',#183,#182,#92,.T.);
#236=EDGE_CURVE('',#183,#181,#114,.T.);
#237=EDGE_CURVE('',#184,#185,#153,.T.);
#238=EDGE_CURVE('',#186,#184,#115,.F.);
#239=EDGE_CURVE('',#180,#186,#116,.T.);
#240=EDGE_CURVE('',#181,#187,#117,.T.);
#241=EDGE_CURVE('',#187,#185,#118,.T.);
#242=EDGE_CURVE('',#188,#189,#154,.T.);
#243=EDGE_CURVE('',#184,#188,#119,.F.);
#244=EDGE_CURVE('',#185,#189,#120,.T.);
#245=EDGE_CURVE('',#190,#191,#155,.T.);
#246=EDGE_CURVE('',#192,#190,#121,.T.);
#247=EDGE_CURVE('',#188,#192,#122,.F.);
#248=EDGE_CURVE('',#189,#193,#123,.T.);
#249=EDGE_CURVE('',#193,#191,#124,.T.);
#250=EDGE_CURVE('',#194,#195,#156,.T.);
#251=EDGE_CURVE('',#196,#194,#125,.T.);
#252=EDGE_CURVE('',#190,#196,#126,.T.);
#253=EDGE_CURVE('',#191,#195,#127,.T.);
#254=EDGE_CURVE('',#197,#198,#157,.T.);
#255=EDGE_CURVE('',#197,#199,#128,.T.);
#256=EDGE_CURVE('',#200,#199,#93,.T.);
#257=EDGE_CURVE('',#198,#200,#129,.F.);
#258=EDGE_CURVE('',#201,#202,#158,.T.);
#259=EDGE_CURVE('',#201,#197,#130,.T.);
#260=EDGE_CURVE('',#202,#198,#131,.F.);
#261=EDGE_CURVE('',#203,#204,#159,.T.);
#262=EDGE_CURVE('',#203,#201,#132,.T.);
#263=EDGE_CURVE('',#204,#202,#133,.F.);
#264=EDGE_CURVE('',#205,#206,#160,.T.);
#265=EDGE_CURVE('',#205,#203,#134,.T.);
#266=EDGE_CURVE('',#206,#204,#135,.F.);
#267=EDGE_CURVE('',#207,#208,#161,.T.);
#268=EDGE_CURVE('',#209,#207,#94,.T.);
#269=EDGE_CURVE('',#209,#205,#136,.T.);
#270=EDGE_CURVE('',#208,#206,#137,.F.);
#271=EDGE_CURVE('',#210,#210,#95,.T.);
#272=EDGE_CURVE('',#210,#211,#162,.T.);
#273=EDGE_CURVE('',#211,#211,#96,.T.);
#274=EDGE_CURVE('',#212,#212,#97,.T.);
#275=EDGE_CURVE('',#213,#208,#138,.F.);
#276=EDGE_CURVE('',#207,#213,#98,.T.);
#277=EDGE_CURVE('',#195,#214,#139,.T.);
#278=EDGE_CURVE('',#214,#215,#140,.T.);
#279=EDGE_CURVE('',#216,#215,#99,.T.);
#280=EDGE_CURVE('',#217,#216,#141,.T.);
#281=EDGE_CURVE('',#194,#217,#142,.T.);
#282=EDGE_CURVE('',#200,#218,#143,.F.);
#283=EDGE_CURVE('',#219,#199,#144,.F.);
#284=EDGE_CURVE('',#219,#220,#145,.T.);
#285=EDGE_CURVE('',#220,#221,#100,.T.);
#286=EDGE_CURVE('',#221,#222,#101,.T.);
#287=EDGE_CURVE('',#222,#222,#102,.T.);
#288=EDGE_CURVE('',#221,#218,#103,.T.);
#289=EDGE_CURVE('',#223,#223,#104,.T.);
#290=EDGE_CURVE('',#224,#224,#105,.T.);
#291=EDGE_CURVE('',#225,#225,#106,.T.);
#292=EDGE_CURVE('',#223,#224,#163,.T.);
#293=EDGE_CURVE('',#226,#220,#146,.F.);
#294=EDGE_CURVE('',#226,#183,#147,.T.);
#295=EDGE_CURVE('',#182,#227,#148,.T.);
#296=EDGE_CURVE('',#218,#227,#17,.T.);
#297=EDGE_CURVE('',#215,#209,#149,.T.);
#298=EDGE_CURVE('',#228,#209,#107,.T.);
#299=EDGE_CURVE('',#229,#228,#108,.T.);
#300=EDGE_CURVE('',#229,#216,#150,.T.);
#301=EDGE_CURVE('',#213,#229,#151,.T.);
#302=EDGE_CURVE('',#228,#212,#109,.T.);
#303=EDGE_CURVE('',#230,#230,#110,.T.);
#304=EDGE_CURVE('',#230,#231,#164,.T.);
#305=EDGE_CURVE('',#231,#231,#111,.T.);
#306=EDGE_CURVE('',#232,#232,#112,.T.);
#307=EDGE_CURVE('',#232,#225,#165,.T.);
#308=ORIENTED_EDGE('',*,*,#233,.F.);
#309=ORIENTED_EDGE('',*,*,#234,.F.);
#310=ORIENTED_EDGE('',*,*,#235,.F.);
#311=ORIENTED_EDGE('',*,*,#236,.T.);
#312=ORIENTED_EDGE('',*,*,#237,.F.);
#313=ORIENTED_EDGE('',*,*,#238,.F.);
#314=ORIENTED_EDGE('',*,*,#239,.F.);
#315=ORIENTED_EDGE('',*,*,#233,.T.);
#316=ORIENTED_EDGE('',*,*,#240,.T.);
#317=ORIENTED_EDGE('',*,*,#241,.T.);
#318=ORIENTED_EDGE('',*,*,#242,.F.);
#319=ORIENTED_EDGE('',*,*,#243,.F.);
#320=ORIENTED_EDGE('',*,*,#237,.T.);
#321=ORIENTED_EDGE('',*,*,#244,.T.);
#322=ORIENTED_EDGE('',*,*,#245,.F.);
#323=ORIENTED_EDGE('',*,*,#246,.F.);
#324=ORIENTED_EDGE('',*,*,#247,.F.);
#325=ORIENTED_EDGE('',*,*,#242,.T.);
#326=ORIENTED_EDGE('',*,*,#248,.T.);
#327=ORIENTED_EDGE('',*,*,#249,.T.);
#328=ORIENTED_EDGE('',*,*,#250,.F.);
#329=ORIENTED_EDGE('',*,*,#251,.F.);
#330=ORIENTED_EDGE('',*,*,#252,.F.);
#331=ORIENTED_EDGE('',*,*,#245,.T.);
#332=ORIENTED_EDGE('',*,*,#253,.T.);
#333=ORIENTED_EDGE('',*,*,#254,.F.);
#334=ORIENTED_EDGE('',*,*,#255,.T.);
#335=ORIENTED_EDGE('',*,*,#256,.F.);
#336=ORIENTED_EDGE('',*,*,#257,.F.);
#337=ORIENTED_EDGE('',*,*,#258,.F.);
#338=ORIENTED_EDGE('',*,*,#259,.T.);
#339=ORIENTED_EDGE('',*,*,#254,.T.);
#340=ORIENTED_EDGE('',*,*,#260,.F.);
#341=ORIENTED_EDGE('',*,*,#261,.F.);
#342=ORIENTED_EDGE('',*,*,#262,.T.);
#343=ORIENTED_EDGE('',*,*,#258,.T.);
#344=ORIENTED_EDGE('',*,*,#263,.F.);
#345=ORIENTED_EDGE('',*,*,#264,.F.);
#346=ORIENTED_EDGE('',*,*,#265,.T.);
#347=ORIENTED_EDGE('',*,*,#261,.T.);
#348=ORIENTED_EDGE('',*,*,#266,.F.);
#349=ORIENTED_EDGE('',*,*,#267,.F.);
#350=ORIENTED_EDGE('',*,*,#268,.F.);
#351=ORIENTED_EDGE('',*,*,#269,.T.);
#352=ORIENTED_EDGE('',*,*,#264,.T.);
#353=ORIENTED_EDGE('',*,*,#270,.F.);
#354=ORIENTED_EDGE('',*,*,#271,.F.);
#355=ORIENTED_EDGE('',*,*,#272,.T.);
#356=ORIENTED_EDGE('',*,*,#273,.F.);
#357=ORIENTED_EDGE('',*,*,#272,.F.);
#358=ORIENTED_EDGE('',*,*,#274,.F.);
#359=ORIENTED_EDGE('',*,*,#271,.T.);
#360=ORIENTED_EDGE('',*,*,#267,.T.);
#361=ORIENTED_EDGE('',*,*,#275,.F.);
#362=ORIENTED_EDGE('',*,*,#276,.F.);
#363=ORIENTED_EDGE('',*,*,#250,.T.);
#364=ORIENTED_EDGE('',*,*,#277,.T.);
#365=ORIENTED_EDGE('',*,*,#278,.T.);
#366=ORIENTED_EDGE('',*,*,#279,.F.);
#367=ORIENTED_EDGE('',*,*,#280,.F.);
#368=ORIENTED_EDGE('',*,*,#281,.F.);
#369=ORIENTED_EDGE('',*,*,#273,.T.);
#370=ORIENTED_EDGE('',*,*,#282,.F.);
#371=ORIENTED_EDGE('',*,*,#256,.T.);
#372=ORIENTED_EDGE('',*,*,#283,.F.);
#373=ORIENTED_EDGE('',*,*,#284,.T.);
#374=ORIENTED_EDGE('',*,*,#285,.T.);
#375=ORIENTED_EDGE('',*,*,#286,.T.);
#376=ORIENTED_EDGE('',*,*,#287,.T.);
#377=ORIENTED_EDGE('',*,*,#286,.F.);
#378=ORIENTED_EDGE('',*,*,#288,.T.);
#379=ORIENTED_EDGE('',*,*,#289,.T.);
#380=ORIENTED_EDGE('',*,*,#287,.F.);
#381=ORIENTED_EDGE('',*,*,#290,.F.);
#382=ORIENTED_EDGE('',*,*,#291,.T.);
#383=ORIENTED_EDGE('',*,*,#289,.F.);
#384=ORIENTED_EDGE('',*,*,#292,.T.);
#385=ORIENTED_EDGE('',*,*,#290,.T.);
#386=ORIENTED_EDGE('',*,*,#292,.F.);
#387=ORIENTED_EDGE('',*,*,#285,.F.);
#388=ORIENTED_EDGE('',*,*,#293,.F.);
#389=ORIENTED_EDGE('',*,*,#294,.T.);
#390=ORIENTED_EDGE('',*,*,#235,.T.);
#391=ORIENTED_EDGE('',*,*,#295,.T.);
#392=ORIENTED_EDGE('',*,*,#296,.F.);
#393=ORIENTED_EDGE('',*,*,#288,.F.);
#394=ORIENTED_EDGE('',*,*,#279,.T.);
#395=ORIENTED_EDGE('',*,*,#297,.T.);
#396=ORIENTED_EDGE('',*,*,#298,.F.);
#397=ORIENTED_EDGE('',*,*,#299,.F.);
#398=ORIENTED_EDGE('',*,*,#300,.T.);
#399=ORIENTED_EDGE('',*,*,#300,.F.);
#400=ORIENTED_EDGE('',*,*,#301,.F.);
#401=ORIENTED_EDGE('',*,*,#275,.T.);
#402=ORIENTED_EDGE('',*,*,#270,.T.);
#403=ORIENTED_EDGE('',*,*,#266,.T.);
#404=ORIENTED_EDGE('',*,*,#263,.T.);
#405=ORIENTED_EDGE('',*,*,#260,.T.);
#406=ORIENTED_EDGE('',*,*,#257,.T.);
#407=ORIENTED_EDGE('',*,*,#282,.T.);
#408=ORIENTED_EDGE('',*,*,#296,.T.);
#409=ORIENTED_EDGE('',*,*,#295,.F.);
#410=ORIENTED_EDGE('',*,*,#234,.T.);
#411=ORIENTED_EDGE('',*,*,#239,.T.);
#412=ORIENTED_EDGE('',*,*,#238,.T.);
#413=ORIENTED_EDGE('',*,*,#243,.T.);
#414=ORIENTED_EDGE('',*,*,#247,.T.);
#415=ORIENTED_EDGE('',*,*,#246,.T.);
#416=ORIENTED_EDGE('',*,*,#252,.T.);
#417=ORIENTED_EDGE('',*,*,#251,.T.);
#418=ORIENTED_EDGE('',*,*,#281,.T.);
#419=ORIENTED_EDGE('',*,*,#280,.T.);
#420=ORIENTED_EDGE('',*,*,#297,.F.);
#421=ORIENTED_EDGE('',*,*,#278,.F.);
#422=ORIENTED_EDGE('',*,*,#277,.F.);
#423=ORIENTED_EDGE('',*,*,#253,.F.);
#424=ORIENTED_EDGE('',*,*,#249,.F.);
#425=ORIENTED_EDGE('',*,*,#248,.F.);
#426=ORIENTED_EDGE('',*,*,#244,.F.);
#427=ORIENTED_EDGE('',*,*,#241,.F.);
#428=ORIENTED_EDGE('',*,*,#240,.F.);
#429=ORIENTED_EDGE('',*,*,#236,.F.);
#430=ORIENTED_EDGE('',*,*,#294,.F.);
#431=ORIENTED_EDGE('',*,*,#293,.T.);
#432=ORIENTED_EDGE('',*,*,#284,.F.);
#433=ORIENTED_EDGE('',*,*,#283,.T.);
#434=ORIENTED_EDGE('',*,*,#255,.F.);
#435=ORIENTED_EDGE('',*,*,#259,.F.);
#436=ORIENTED_EDGE('',*,*,#262,.F.);
#437=ORIENTED_EDGE('',*,*,#265,.F.);
#438=ORIENTED_EDGE('',*,*,#269,.F.);
#439=ORIENTED_EDGE('',*,*,#299,.T.);
#440=ORIENTED_EDGE('',*,*,#302,.T.);
#441=ORIENTED_EDGE('',*,*,#274,.T.);
#442=ORIENTED_EDGE('',*,*,#302,.F.);
#443=ORIENTED_EDGE('',*,*,#298,.T.);
#444=ORIENTED_EDGE('',*,*,#268,.T.);
#445=ORIENTED_EDGE('',*,*,#276,.T.);
#446=ORIENTED_EDGE('',*,*,#301,.T.);
#447=ORIENTED_EDGE('',*,*,#303,.T.);
#448=ORIENTED_EDGE('',*,*,#303,.F.);
#449=ORIENTED_EDGE('',*,*,#304,.T.);
#450=ORIENTED_EDGE('',*,*,#305,.F.);
#451=ORIENTED_EDGE('',*,*,#304,.F.);
#452=ORIENTED_EDGE('',*,*,#306,.F.);
#453=ORIENTED_EDGE('',*,*,#307,.T.);
#454=ORIENTED_EDGE('',*,*,#291,.F.);
#455=ORIENTED_EDGE('',*,*,#307,.F.);
#456=ORIENTED_EDGE('',*,*,#306,.T.);
#457=ORIENTED_EDGE('',*,*,#305,.T.);
#458=CYLINDRICAL_SURFACE('',#516,6.56845);
#459=CYLINDRICAL_SURFACE('',#518,6.56845);
#460=CYLINDRICAL_SURFACE('',#519,6.56845);
#461=CYLINDRICAL_SURFACE('',#520,6.56845);
#462=CYLINDRICAL_SURFACE('',#521,6.56845);
#463=CYLINDRICAL_SURFACE('',#522,7.425);
#464=CYLINDRICAL_SURFACE('',#524,7.425);
#465=CYLINDRICAL_SURFACE('',#525,7.425);
#466=CYLINDRICAL_SURFACE('',#526,7.425);
#467=CYLINDRICAL_SURFACE('',#527,7.425);
#468=CYLINDRICAL_SURFACE('',#529,3.99999999999999);
#469=CYLINDRICAL_SURFACE('',#534,7.425);
#470=CYLINDRICAL_SURFACE('',#536,6.56845);
#471=CYLINDRICAL_SURFACE('',#549,27.75);
#472=CYLINDRICAL_SURFACE('',#559,22.5);
#473=CYLINDRICAL_SURFACE('',#561,24.75);
#474=ADVANCED_FACE('',(#32),#458,.T.);
#475=ADVANCED_FACE('',(#33),#459,.T.);
#476=ADVANCED_FACE('',(#34),#460,.T.);
#477=ADVANCED_FACE('',(#35),#461,.T.);
#478=ADVANCED_FACE('',(#36),#462,.T.);
#479=ADVANCED_FACE('',(#37),#463,.T.);
#480=ADVANCED_FACE('',(#38),#464,.T.);
#481=ADVANCED_FACE('',(#39),#465,.T.);
#482=ADVANCED_FACE('',(#40),#466,.T.);
#483=ADVANCED_FACE('',(#41),#467,.T.);
#484=ADVANCED_FACE('',(#42),#468,.F.);
#485=ADVANCED_FACE('',(#43,#20),#24,.T.);
#486=ADVANCED_FACE('',(#44),#469,.T.);
#487=ADVANCED_FACE('',(#45),#470,.T.);
#488=ADVANCED_FACE('',(#46),#25,.T.);
#489=ADVANCED_FACE('',(#47),#18,.F.);
#490=ADVANCED_FACE('',(#48,#21),#26,.T.);
#491=ADVANCED_FACE('',(#49,#22),#27,.F.);
#492=ADVANCED_FACE('',(#50),#471,.T.);
#493=ADVANCED_FACE('',(#51),#28,.T.);
#494=ADVANCED_FACE('',(#52),#29,.F.);
#495=ADVANCED_FACE('',(#53),#15,.F.);
#496=ADVANCED_FACE('',(#54),#16,.F.);
#497=ADVANCED_FACE('',(#55),#19,.T.);
#498=ADVANCED_FACE('',(#56),#30,.F.);
#499=ADVANCED_FACE('',(#57),#472,.F.);
#500=ADVANCED_FACE('',(#58),#473,.T.);
#501=ADVANCED_FACE('',(#59,#23),#31,.F.);
#502=CLOSED_SHELL('',(#474,#475,#476,#477,#478,#479,#480,#481,#482,#483,
#484,#485,#486,#487,#488,#489,#490,#491,#492,#493,#494,#495,#496,#497,#498,
#499,#500,#501));
#503=DERIVED_UNIT_ELEMENT(#505,1.);
#504=DERIVED_UNIT_ELEMENT(#3851,-3.);
#505=(
MASS_UNIT()
NAMED_UNIT(*)
SI_UNIT(.KILO.,.GRAM.)
);
#506=DERIVED_UNIT((#503,#504));
#507=MEASURE_REPRESENTATION_ITEM('density measure',
POSITIVE_RATIO_MEASURE(7850.),#506);
#508=PROPERTY_DEFINITION_REPRESENTATION(#513,#510);
#509=PROPERTY_DEFINITION_REPRESENTATION(#514,#511);
#510=REPRESENTATION('material name',(#512),#3848);
#511=REPRESENTATION('density',(#507),#3848);
#512=DESCRIPTIVE_REPRESENTATION_ITEM('Acier','Acier');
#513=PROPERTY_DEFINITION('material property','material name',#3858);
#514=PROPERTY_DEFINITION('material property','density of part',#3858);
#515=AXIS2_PLACEMENT_3D('',#676,#564,#565);
#516=AXIS2_PLACEMENT_3D('',#677,#566,#567);
#517=AXIS2_PLACEMENT_3D('',#696,#569,#570);
#518=AXIS2_PLACEMENT_3D('',#812,#571,#572);
#519=AXIS2_PLACEMENT_3D('',#998,#574,#575);
#520=AXIS2_PLACEMENT_3D('',#1162,#577,#578);
#521=AXIS2_PLACEMENT_3D('',#1467,#580,#581);
#522=AXIS2_PLACEMENT_3D('',#1609,#583,#584);
#523=AXIS2_PLACEMENT_3D('',#1697,#586,#587);
#524=AXIS2_PLACEMENT_3D('',#1764,#588,#589);
#525=AXIS2_PLACEMENT_3D('',#1944,#591,#592);
#526=AXIS2_PLACEMENT_3D('',#2128,#594,#595);
#527=AXIS2_PLACEMENT_3D('',#2308,#597,#598);
#528=AXIS2_PLACEMENT_3D('',#2313,#600,#601);
#529=AXIS2_PLACEMENT_3D('',#2478,#602,#603);
#530=AXIS2_PLACEMENT_3D('',#2480,#604,#605);
#531=AXIS2_PLACEMENT_3D('',#2483,#607,#608);
#532=AXIS2_PLACEMENT_3D('',#2484,#609,#610);
#533=AXIS2_PLACEMENT_3D('',#2486,#611,#612);
#534=AXIS2_PLACEMENT_3D('',#2487,#613,#614);
#535=AXIS2_PLACEMENT_3D('',#2499,#615,#616);
#536=AXIS2_PLACEMENT_3D('',#2500,#617,#618);
#537=AXIS2_PLACEMENT_3D('',#2530,#619,#620);
#538=AXIS2_PLACEMENT_3D('',#2653,#621,#622);
#539=AXIS2_PLACEMENT_3D('',#2654,#623,#624);
#540=AXIS2_PLACEMENT_3D('',#2723,#625,#626);
#541=AXIS2_PLACEMENT_3D('',#2725,#627,#628);
#542=AXIS2_PLACEMENT_3D('',#2726,#629,#630);
#543=AXIS2_PLACEMENT_3D('',#2727,#631,#632);
#544=AXIS2_PLACEMENT_3D('',#2728,#633,#634);
#545=AXIS2_PLACEMENT_3D('',#2730,#635,#636);
#546=AXIS2_PLACEMENT_3D('',#2731,#637,#638);
#547=AXIS2_PLACEMENT_3D('',#2733,#639,#640);
#548=AXIS2_PLACEMENT_3D('',#2735,#641,#642);
#549=AXIS2_PLACEMENT_3D('',#2736,#643,#644);
#550=AXIS2_PLACEMENT_3D('',#2738,#646,#647);
#551=AXIS2_PLACEMENT_3D('',#2987,#648,#649);
#552=AXIS2_PLACEMENT_3D('',#2988,#650,#651);
#553=AXIS2_PLACEMENT_3D('',#3099,#652,#653);
#554=AXIS2_PLACEMENT_3D('',#3101,#654,#655);
#555=AXIS2_PLACEMENT_3D('',#3832,#656,#657);
#556=AXIS2_PLACEMENT_3D('',#3833,#658,#659);
#557=AXIS2_PLACEMENT_3D('',#3834,#660,#661);
#558=AXIS2_PLACEMENT_3D('',#3836,#662,#663);
#559=AXIS2_PLACEMENT_3D('',#3837,#664,#665);
#560=AXIS2_PLACEMENT_3D('',#3840,#667,#668);
#561=AXIS2_PLACEMENT_3D('',#3841,#669,#670);
#562=AXIS2_PLACEMENT_3D('',#3843,#671,#672);
#563=AXIS2_PLACEMENT_3D('',#3845,#674,#675);
#564=DIRECTION('axis',(0.,0.,1.));
#565=DIRECTION('refdir',(1.,0.,0.));
#566=DIRECTION('center_axis',(0.,0.,1.));
#567=DIRECTION('ref_axis',(-0.152029281855688,0.9883759899241,0.));
#568=DIRECTION('',(0.,0.,-1.));
#569=DIRECTION('center_axis',(0.,0.,-1.));
#570=DIRECTION('ref_axis',(-0.913545457642603,0.406736643075796,0.));
#571=DIRECTION('center_axis',(0.,0.,1.));
#572=DIRECTION('ref_axis',(-0.152029281855688,0.9883759899241,0.));
#573=DIRECTION('',(0.,0.,-1.));
#574=DIRECTION('center_axis',(0.,0.,1.));
#575=DIRECTION('ref_axis',(-0.152029281855688,0.9883759899241,0.));
#576=DIRECTION('',(0.,0.,-1.));
#577=DIRECTION('center_axis',(0.,0.,1.));
#578=DIRECTION('ref_axis',(-0.152029281855688,0.9883759899241,0.));
#579=DIRECTION('',(0.,0.,-1.));
#580=DIRECTION('center_axis',(0.,0.,1.));
#581=DIRECTION('ref_axis',(-0.152029281855688,0.9883759899241,0.));
#582=DIRECTION('',(0.,0.,-1.));
#583=DIRECTION('center_axis',(0.,0.,1.));
#584=DIRECTION('ref_axis',(-0.97480796395479,-0.22304581011603,0.));
#585=DIRECTION('',(0.,0.,-1.));
#586=DIRECTION('center_axis',(0.,0.,-1.));
#587=DIRECTION('ref_axis',(-0.913545457642601,0.4067366430758,0.));
#588=DIRECTION('center_axis',(0.,0.,1.));
#589=DIRECTION('ref_axis',(-0.97480796395479,-0.22304581011603,0.));
#590=DIRECTION('',(0.,0.,-1.));
#591=DIRECTION('center_axis',(0.,0.,1.));
#592=DIRECTION('ref_axis',(-0.97480796395479,-0.22304581011603,0.));
#593=DIRECTION('',(0.,0.,-1.));
#594=DIRECTION('center_axis',(0.,0.,1.));
#595=DIRECTION('ref_axis',(-0.97480796395479,-0.22304581011603,0.));
#596=DIRECTION('',(0.,0.,-1.));
#597=DIRECTION('center_axis',(0.,0.,1.));
#598=DIRECTION('ref_axis',(-0.97480796395479,-0.22304581011603,0.));
#599=DIRECTION('',(0.,0.,-1.));
#600=DIRECTION('center_axis',(0.,0.,1.));
#601=DIRECTION('ref_axis',(-0.913545457642601,0.4067366430758,0.));
#602=DIRECTION('center_axis',(0.,0.,1.));
#603=DIRECTION('ref_axis',(-1.,0.,0.));
#604=DIRECTION('center_axis',(0.,0.,-1.));
#605=DIRECTION('ref_axis',(-1.,0.,0.));
#606=DIRECTION('',(0.,0.,-1.));
#607=DIRECTION('center_axis',(0.,0.,1.));
#608=DIRECTION('ref_axis',(-1.,0.,0.));
#609=DIRECTION('center_axis',(0.,0.,1.));
#610=DIRECTION('ref_axis',(-1.,0.,0.));
#611=DIRECTION('center_axis',(0.,0.,-1.));
#612=DIRECTION('ref_axis',(-0.913545457642601,0.4067366430758,0.));
#613=DIRECTION('center_axis',(0.,0.,1.));
#614=DIRECTION('ref_axis',(-0.97480796395479,-0.22304581011603,0.));
#615=DIRECTION('center_axis',(0.,0.,1.));
#616=DIRECTION('ref_axis',(-0.913545457642601,0.4067366430758,0.));
#617=DIRECTION('center_axis',(0.,0.,1.));
#618=DIRECTION('ref_axis',(-0.152029281855688,0.9883759899241,0.));
#619=DIRECTION('center_axis',(0.,0.,1.));
#620=DIRECTION('ref_axis',(-0.913545457642603,0.406736643075796,0.));
#621=DIRECTION('center_axis',(0.,0.,1.));
#622=DIRECTION('ref_axis',(-0.913545457642601,0.4067366430758,0.));
#623=DIRECTION('center_axis',(0.,0.,1.));
#624=DIRECTION('ref_axis',(1.,0.,0.));
#625=DIRECTION('center_axis',(0.,0.,-1.));
#626=DIRECTION('ref_axis',(1.,0.,0.));
#627=DIRECTION('center_axis',(0.,1.,0.));
#628=DIRECTION('ref_axis',(-1.,0.,0.));
#629=DIRECTION('center_axis',(0.,0.,1.));
#630=DIRECTION('ref_axis',(-0.913545457642601,0.4067366430758,0.));
#631=DIRECTION('center_axis',(0.,0.,-1.));
#632=DIRECTION('ref_axis',(1.,0.,0.));
#633=DIRECTION('center_axis',(0.,0.,1.));
#634=DIRECTION('ref_axis',(-1.,0.,0.));
#635=DIRECTION('center_axis',(0.,0.,1.));
#636=DIRECTION('ref_axis',(-1.,0.,0.));
#637=DIRECTION('center_axis',(0.,0.,1.));
#638=DIRECTION('ref_axis',(-1.,0.,0.));
#639=DIRECTION('center_axis',(0.,0.,1.));
#640=DIRECTION('ref_axis',(-1.,0.,0.));
#641=DIRECTION('center_axis',(0.,0.,1.));
#642=DIRECTION('ref_axis',(-0.913545457642601,0.4067366430758,0.));
#643=DIRECTION('center_axis',(0.,0.,1.));
#644=DIRECTION('ref_axis',(-1.,0.,0.));
#645=DIRECTION('',(0.,0.,-1.));
#646=DIRECTION('center_axis',(0.,0.,1.));
#647=DIRECTION('ref_axis',(0.913545457642601,-0.4067366430758,0.));
#648=DIRECTION('center_axis',(7.25397170905694E-14,2.33227166449413E-13,
1.));
#649=DIRECTION('ref_axis',(0.985225062798411,-0.171264636261742,-3.15243814976196E-14));
#650=DIRECTION('center_axis',(0.,0.,1.));
#651=DIRECTION('ref_axis',(0.913545457642601,-0.4067366430758,0.));
#652=DIRECTION('center_axis',(0.,0.,1.));
#653=DIRECTION('ref_axis',(-0.913545457642601,0.4067366430758,0.));
#654=DIRECTION('center_axis',(0.,0.,1.));
#655=DIRECTION('ref_axis',(-0.913545457642601,0.4067366430758,0.));
#656=DIRECTION('center_axis',(0.,0.,-1.));
#657=DIRECTION('ref_axis',(-0.913545457642602,0.406736643075797,0.));
#658=DIRECTION('center_axis',(-0.4067366430758,-0.913545457642601,0.));
#659=DIRECTION('ref_axis',(0.913545457642601,-0.4067366430758,0.));
#660=DIRECTION('center_axis',(0.,0.,1.));
#661=DIRECTION('ref_axis',(-0.913545457642601,0.4067366430758,0.));
#662=DIRECTION('center_axis',(0.,0.,-1.));
#663=DIRECTION('ref_axis',(-0.913545457642601,0.4067366430758,0.));
#664=DIRECTION('center_axis',(0.,0.,-1.));
#665=DIRECTION('ref_axis',(-0.913545457642601,0.4067366430758,0.));
#666=DIRECTION('',(0.,0.,-1.));
#667=DIRECTION('center_axis',(0.,0.,1.));
#668=DIRECTION('ref_axis',(-0.913545457642601,0.4067366430758,0.));
#669=DIRECTION('center_axis',(0.,0.,-1.));
#670=DIRECTION('ref_axis',(-0.913545457642601,0.4067366430758,0.));
#671=DIRECTION('center_axis',(0.,0.,-1.));
#672=DIRECTION('ref_axis',(-0.913545457642601,0.4067366430758,0.));
#673=DIRECTION('',(0.,0.,1.));
#674=DIRECTION('center_axis',(0.,0.,1.));
#675=DIRECTION('ref_axis',(-0.913545457642601,0.4067366430758,0.));
#676=CARTESIAN_POINT('',(0.,0.,0.));
#677=CARTESIAN_POINT('Origin',(-9.5650092758881,220.4275,13.299460232683));
#678=CARTESIAN_POINT('',(-8.56634167344438,213.934942588092,17.1066390527992));
#679=CARTESIAN_POINT('',(-8.5664125394831,213.935401728983,16.8108995964408));
#680=CARTESIAN_POINT('',(-8.56641253948311,213.935401728983,13.299460232683));
#681=CARTESIAN_POINT('',(-3.90590606936519,223.762443887912,16.0723354819145));
#682=CARTESIAN_POINT('Ctrl Pts',(-3.90590606936519,223.762443887912,16.0723354819145));
#683=CARTESIAN_POINT('Ctrl Pts',(-4.35692038174484,224.526126129415,16.1045740752273));
#684=CARTESIAN_POINT('Ctrl Pts',(-5.69220956508058,226.006640515496,16.1755542341034));
#685=CARTESIAN_POINT('Ctrl Pts',(-8.56885507167796,227.188136109841,16.2852759585429));
#686=CARTESIAN_POINT('Ctrl Pts',(-11.8474603074765,226.868691020663,16.4015006552331));
#687=CARTESIAN_POINT('Ctrl Pts',(-14.595697382854,225.052509073934,16.5177253519232));
#688=CARTESIAN_POINT('Ctrl Pts',(-16.1749538445162,222.161615922576,16.6339500486134));
#689=CARTESIAN_POINT('Ctrl Pts',(-16.2182612492149,218.867766983473,16.7501747453035));
#690=CARTESIAN_POINT('Ctrl Pts',(-14.7155550487255,215.936352536504,16.8663994419937));
#691=CARTESIAN_POINT('Ctrl Pts',(-12.0160189815538,214.048544030906,16.9826241386839));
#692=CARTESIAN_POINT('Ctrl Pts',(-9.76359583376914,213.769127892206,17.0627040089524));
#693=CARTESIAN_POINT('Ctrl Pts',(-8.63693653613175,213.924044436368,17.1040423136575));
#694=CARTESIAN_POINT('Ctrl Pts',(-8.56634167344375,213.934942588092,17.1066390527992));
#695=CARTESIAN_POINT('',(-10.8733002514888,226.864340073022,16.0723306367837));
#696=CARTESIAN_POINT('Origin',(-9.5650092758881,220.4275,16.0723306367837));
#697=CARTESIAN_POINT('Ctrl Pts',(-10.8733002514887,226.864340073022,16.0723306367837));
#698=CARTESIAN_POINT('Ctrl Pts',(-11.0495742163682,226.828512301185,16.0788683647366));
#699=CARTESIAN_POINT('Ctrl Pts',(-11.2243895496919,226.785436497015,16.0854060926894));
#700=CARTESIAN_POINT('Ctrl Pts',(-11.3971495058646,226.735256937312,16.0919438206423));
#701=CARTESIAN_POINT('Ctrl Pts',(-11.5698943243526,226.685081774474,16.0984809757421));
#702=CARTESIAN_POINT('Ctrl Pts',(-11.740583833334,226.6278041838,16.105018130842));
#703=CARTESIAN_POINT('Ctrl Pts',(-11.9086356891604,226.563618531899,16.1115552859418));
#704=CARTESIAN_POINT('Ctrl Pts',(-12.0773496426854,226.499179998694,16.1181181963975));
#705=CARTESIAN_POINT('Ctrl Pts',(-12.24340481787,226.427778941219,16.1246811068531));
#706=CARTESIAN_POINT('Ctrl Pts',(-12.40623079656,226.349661402138,16.1312440173088));
#707=CARTESIAN_POINT('Ctrl Pts',(-12.568437576301,226.271840930505,16.1377819701546));
#708=CARTESIAN_POINT('Ctrl Pts',(-12.7274394126857,226.187355127699,16.1443199230003));
#709=CARTESIAN_POINT('Ctrl Pts',(-12.8826951913248,226.096494229051,16.1508578758461));
#710=CARTESIAN_POINT('Ctrl Pts',(-13.0388399668522,226.005113059551,16.1574332651067));
#711=CARTESIAN_POINT('Ctrl Pts',(-13.1911953707793,225.90728369517,16.1640086543673));
#712=CARTESIAN_POINT('Ctrl Pts',(-13.3392382705954,225.803346993545,16.170584043628));
#713=CARTESIAN_POINT('Ctrl Pts',(-13.4872811704115,225.699410291921,16.1771594328886));
#714=CARTESIAN_POINT('Ctrl Pts',(-13.6310113147544,225.589366438958,16.1837348221492));
#715=CARTESIAN_POINT('Ctrl Pts',(-13.769936865835,225.473599420919,16.1903102114098));
#716=CARTESIAN_POINT('Ctrl Pts',(-13.9071343848319,225.359272376448,16.1968038123779));
#717=CARTESIAN_POINT('Ctrl Pts',(-14.0396934114185,225.239324207215,16.203297413346));
#718=CARTESIAN_POINT('Ctrl Pts',(-14.167160181395,225.114155784826,16.2097910143142));
#719=CARTESIAN_POINT('Ctrl Pts',(-14.2945997393456,224.989014083803,16.216283229007));
#720=CARTESIAN_POINT('Ctrl Pts',(-14.4169489864593,224.858654572603,16.2227754436998));
#721=CARTESIAN_POINT('Ctrl Pts',(-14.5337902636286,224.723515700433,16.2292676583926));
#722=CARTESIAN_POINT('Ctrl Pts',(-14.6523046016391,224.5864417625,16.2358528356962));
#723=CARTESIAN_POINT('Ctrl Pts',(-14.7651517864649,224.444450772117,16.2424380129998));
#724=CARTESIAN_POINT('Ctrl Pts',(-14.8719370655858,224.298036505116,16.2490231903034));
#725=CARTESIAN_POINT('Ctrl Pts',(-14.9772085435892,224.153697824589,16.2555150153318));
#726=CARTESIAN_POINT('Ctrl Pts',(-15.0765886786948,224.005060720807,16.2620068403602));
#727=CARTESIAN_POINT('Ctrl Pts',(-15.1697416417353,223.852629269053,16.2684986653887));
#728=CARTESIAN_POINT('Ctrl Pts',(-15.2649039105566,223.696909876828,16.2751305188299));
#729=CARTESIAN_POINT('Ctrl Pts',(-15.3535671283311,223.537230871768,16.281762372271));
#730=CARTESIAN_POINT('Ctrl Pts',(-15.4354214187793,223.374158560997,16.2883942257122));
#731=CARTESIAN_POINT('Ctrl Pts',(-15.5172757092275,223.211086250226,16.2950260791534));
#732=CARTESIAN_POINT('Ctrl Pts',(-15.5923209238843,223.04462094873,16.3016579325946));
#733=CARTESIAN_POINT('Ctrl Pts',(-15.6602982915372,222.875353594112,16.3082897860358));
#734=CARTESIAN_POINT('Ctrl Pts',(-15.7270309702237,222.709185582936,16.314800207961));
#735=CARTESIAN_POINT('Ctrl Pts',(-15.7869752061286,222.540260626811,16.3213106298863));
#736=CARTESIAN_POINT('Ctrl Pts',(-15.8399219818241,222.369150312333,16.3278210518115));
#737=CARTESIAN_POINT('Ctrl Pts',(-15.8928592979878,222.19807056862,16.3343303105773));
#738=CARTESIAN_POINT('Ctrl Pts',(-15.938801557271,222.02480654161,16.3408395693431));
#739=CARTESIAN_POINT('Ctrl Pts',(-15.9775893966583,221.849945639454,16.3473488281088));
#740=CARTESIAN_POINT('Ctrl Pts',(-16.0167791755458,221.673272738881,16.3539255391549));
#741=CARTESIAN_POINT('Ctrl Pts',(-16.0486653276875,221.494969988633,16.360502250201));
#742=CARTESIAN_POINT('Ctrl Pts',(-16.0731361593273,221.3156553195,16.3670789612471));
#743=CARTESIAN_POINT('Ctrl Pts',(-16.0973555391122,221.138183211618,16.3735880928085));
#744=CARTESIAN_POINT('Ctrl Pts',(-16.1143112560398,220.95972019823,16.3800972243699));
#745=CARTESIAN_POINT('Ctrl Pts',(-16.1239469425616,220.780872448263,16.3866063559313));
#746=CARTESIAN_POINT('Ctrl Pts',(-16.1337326893619,220.599239433012,16.3932168567197));
#747=CARTESIAN_POINT('Ctrl Pts',(-16.1359684809941,220.417209924915,16.3998273575081));
#748=CARTESIAN_POINT('Ctrl Pts',(-16.1306502352122,220.235421381341,16.4064378582966));
#749=CARTESIAN_POINT('Ctrl Pts',(-16.1253319894302,220.053632837767,16.413048359085));
#750=CARTESIAN_POINT('Ctrl Pts',(-16.1124597237904,219.872085592769,16.4196588598734));
#751=CARTESIAN_POINT('Ctrl Pts',(-16.0920847133709,219.691414654467,16.4262693606618));
#752=CARTESIAN_POINT('Ctrl Pts',(-16.0720382202879,219.513656771629,16.432773276763));
#753=CARTESIAN_POINT('Ctrl Pts',(-16.0447223906076,219.336687673236,16.4392771928643));
#754=CARTESIAN_POINT('Ctrl Pts',(-16.0102236397046,219.161108588566,16.4457811089655));
#755=CARTESIAN_POINT('Ctrl Pts',(-15.9757314649792,218.985562972912,16.4522837852853));
#756=CARTESIAN_POINT('Ctrl Pts',(-15.9340591612705,218.811407147404,16.4587864616052));
#757=CARTESIAN_POINT('Ctrl Pts',(-15.8853443702611,218.6392327668,16.4652891379251));
#758=CARTESIAN_POINT('Ctrl Pts',(-15.8360504355094,218.465011498319,16.4718691210386));
#759=CARTESIAN_POINT('Ctrl Pts',(-15.7795455513912,218.292819408723,16.4784491041522));
#760=CARTESIAN_POINT('Ctrl Pts',(-15.7160247160581,218.123255122108,16.4850290872658));
#761=CARTESIAN_POINT('Ctrl Pts',(-15.6532521460915,217.955688275898,16.4915315592218));
#762=CARTESIAN_POINT('Ctrl Pts',(-15.583628153438,217.790687947337,16.4980340311778));
#763=CARTESIAN_POINT('Ctrl Pts',(-15.5073900429545,217.628813482775,16.5045365031338));
#764=CARTESIAN_POINT('Ctrl Pts',(-15.4297887653014,217.464044639609,16.5111552418261));
#765=CARTESIAN_POINT('Ctrl Pts',(-15.3453347276328,217.30251481126,16.5177739805185));
#766=CARTESIAN_POINT('Ctrl Pts',(-15.2543281717109,217.144789853774,16.5243927192108));
#767=CARTESIAN_POINT('Ctrl Pts',(-15.163321615789,216.987064896289,16.5310114579032));
#768=CARTESIAN_POINT('Ctrl Pts',(-15.0657627184299,216.833145099757,16.5376301965955));
#769=CARTESIAN_POINT('Ctrl Pts',(-14.9619997130636,216.683567625673,16.5442489352879));
#770=CARTESIAN_POINT('Ctrl Pts',(-14.8600131677821,216.536550971905,16.5507543587861));
#771=CARTESIAN_POINT('Ctrl Pts',(-14.7519985824491,216.393679153733,16.5572597822843));
#772=CARTESIAN_POINT('Ctrl Pts',(-14.6383174709901,216.255440633211,16.5637652057824));
#773=CARTESIAN_POINT('Ctrl Pts',(-14.5246577271613,216.117228096158,16.5702694065139));
#774=CARTESIAN_POINT('Ctrl Pts',(-14.4053337799718,215.98364735886,16.5767736072453));
#775=CARTESIAN_POINT('Ctrl Pts',(-14.280747692275,215.855154147955,16.5832778079767));
#776=CARTESIAN_POINT('Ctrl Pts',(-14.1547245332759,215.725178797998,16.5898570331382));
#777=CARTESIAN_POINT('Ctrl Pts',(-14.0233172864286,215.600409324393,16.5964362582996));
#778=CARTESIAN_POINT('Ctrl Pts',(-13.8869813307913,215.481279932197,16.603015483461));
#779=CARTESIAN_POINT('Ctrl Pts',(-13.7522039535415,215.363512414755,16.6095194956084));
#780=CARTESIAN_POINT('Ctrl Pts',(-13.6126102169392,215.251256894365,16.6160235077559));
#781=CARTESIAN_POINT('Ctrl Pts',(-13.4686745766586,215.144893387535,16.6225275199033));
#782=CARTESIAN_POINT('Ctrl Pts',(-13.3222422082621,215.036684884166,16.6291443515717));
#783=CARTESIAN_POINT('Ctrl Pts',(-13.1713161746252,214.934574894799,16.6357611832401));
#784=CARTESIAN_POINT('Ctrl Pts',(-13.0164285914237,214.838918774783,16.6423780149086));
#785=CARTESIAN_POINT('Ctrl Pts',(-12.8615410082223,214.743262654767,16.648994846577));
#786=CARTESIAN_POINT('Ctrl Pts',(-12.7026921676278,214.654060575055,16.6556116782455));
#787=CARTESIAN_POINT('Ctrl Pts',(-12.5404427706084,214.571619970406,16.6622285099139));
#788=CARTESIAN_POINT('Ctrl Pts',(-12.3809214069276,214.490565507845,16.6687340873175));
#789=CARTESIAN_POINT('Ctrl Pts',(-12.2180591574206,214.416019594659,16.6752396647211));
#790=CARTESIAN_POINT('Ctrl Pts',(-12.0524060107312,214.348240761738,16.6817452421246));
#791=CARTESIAN_POINT('Ctrl Pts',(-11.8867838510704,214.280474607506,16.6882496025969));
#792=CARTESIAN_POINT('Ctrl Pts',(-11.718372123559,214.219473125133,16.6947539630691));
#793=CARTESIAN_POINT('Ctrl Pts',(-11.547740984324,214.165446792396,16.7012583235413));
#794=CARTESIAN_POINT('Ctrl Pts',(-11.3751479507852,214.110799272021,16.7078374702911));
#795=CARTESIAN_POINT('Ctrl Pts',(-11.2002844506117,214.063288421143,16.714416617041));
#796=CARTESIAN_POINT('Ctrl Pts',(-11.0237572993924,214.02308046296,16.7209957637909));
#797=CARTESIAN_POINT('Ctrl Pts',(-10.849241515399,213.983330638093,16.7274999471142));
#798=CARTESIAN_POINT('Ctrl Pts',(-10.673100106701,213.950718206494,16.7340041304374));
#799=CARTESIAN_POINT('Ctrl Pts',(-10.4959310449124,213.925352657586,16.7405083137607));
#800=CARTESIAN_POINT('Ctrl Pts',(-10.3156990620844,213.899548585877,16.7471249422239));
#801=CARTESIAN_POINT('Ctrl Pts',(-10.1344038929242,213.88124433093,16.7537415706871));
#802=CARTESIAN_POINT('Ctrl Pts',(-9.95268246240254,213.870500312417,16.7603581991503));
#803=CARTESIAN_POINT('Ctrl Pts',(-9.77096103188092,213.859756293905,16.7669748276135));
#804=CARTESIAN_POINT('Ctrl Pts',(-9.58881367816518,213.856572523715,16.7735914560767));
#805=CARTESIAN_POINT('Ctrl Pts',(-9.40687975870133,213.860953688712,16.7802080845399));
#806=CARTESIAN_POINT('Ctrl Pts',(-9.22801010927624,213.86526106278,16.7867132706925));
#807=CARTESIAN_POINT('Ctrl Pts',(-9.04928623724299,213.876881997839,16.7932184568451));
#808=CARTESIAN_POINT('Ctrl Pts',(-8.87131488454085,213.895783265947,16.7997236429978));
#809=CARTESIAN_POINT('Ctrl Pts',(-8.76939622531877,213.906607434409,16.8034489608121));
#810=CARTESIAN_POINT('Ctrl Pts',(-8.66772432874195,213.919818227642,16.8071742786265));
#811=CARTESIAN_POINT('Ctrl Pts',(-8.5664125394831,213.935401728983,16.8108995964408));
#812=CARTESIAN_POINT('Origin',(-9.5650092758881,220.4275,13.299460232683));
#813=CARTESIAN_POINT('',(-8.56641254195449,213.935401728603,18.6063375298052));
#814=CARTESIAN_POINT('',(-8.56641253804004,213.935401729205,18.3112126252644));
#815=CARTESIAN_POINT('',(-8.56641253948311,213.935401728983,13.299460232683));
#816=CARTESIAN_POINT('',(-3.56417939572678,217.755640411143,17.3451869052069));
#817=CARTESIAN_POINT('Ctrl Pts',(-8.56641254195454,213.935401728603,18.6063375298052));
#818=CARTESIAN_POINT('Ctrl Pts',(-8.68833036403294,213.916648663901,18.6018706056163));
#819=CARTESIAN_POINT('Ctrl Pts',(-8.81084278066524,213.901319721155,18.5974359133518));
#820=CARTESIAN_POINT('Ctrl Pts',(-9.26055902529622,213.857902712889,18.5812433775136));
#821=CARTESIAN_POINT('Ctrl Pts',(-9.5892158452352,213.850896662375,18.5695520524967));
#822=CARTESIAN_POINT('Ctrl Pts',(-10.2824203038856,213.888099251443,18.544428760773));
#823=CARTESIAN_POINT('Ctrl Pts',(-10.6455422486284,213.938210327968,18.5309844664345));
#824=CARTESIAN_POINT('Ctrl Pts',(-11.3339785922849,214.092626159546,18.5049403015861));
#825=CARTESIAN_POINT('Ctrl Pts',(-11.6591134032874,214.19254851702,18.4924896682525));
#826=CARTESIAN_POINT('Ctrl Pts',(-12.1818542534905,214.398729723253,18.4723150460429));
#827=CARTESIAN_POINT('Ctrl Pts',(-12.3843680729725,214.490736146593,18.4643908015709));
#828=CARTESIAN_POINT('Ctrl Pts',(-12.8569140755915,214.735066287893,18.4453047674253));
#829=CARTESIAN_POINT('Ctrl Pts',(-13.1215934684678,214.896573985817,18.4341070221345));
#830=CARTESIAN_POINT('Ctrl Pts',(-13.7062018365825,215.312674653404,18.4078078065524));
#831=CARTESIAN_POINT('Ctrl Pts',(-14.0157590321245,215.579641007941,18.3926253462773));
#832=CARTESIAN_POINT('Ctrl Pts',(-14.4294023082031,216.009600289199,18.370911505029));
#833=CARTESIAN_POINT('Ctrl Pts',(-14.554332564426,216.151191813098,18.3641428554388));
#834=CARTESIAN_POINT('Ctrl Pts',(-14.9272390265103,216.612454631163,18.3429065412528));
#835=CARTESIAN_POINT('Ctrl Pts',(-15.1518961356601,216.949746456233,18.3284719411755));
#836=CARTESIAN_POINT('Ctrl Pts',(-15.5158340053305,217.623437751705,18.3005378468446));
#837=CARTESIAN_POINT('Ctrl Pts',(-15.6610398144873,217.954953591578,18.2871600578749));
#838=CARTESIAN_POINT('Ctrl Pts',(-15.9250768021371,218.724869322219,18.2572043165271));
#839=CARTESIAN_POINT('Ctrl Pts',(-16.0272588952514,219.167046474938,18.241120400066));
#840=CARTESIAN_POINT('Ctrl Pts',(-16.1239313927658,219.943748089737,18.2130497253879));
#841=CARTESIAN_POINT('Ctrl Pts',(-16.1399519259056,220.273882471795,18.2011166055386));
#842=CARTESIAN_POINT('Ctrl Pts',(-16.1198084734998,221.024038596691,18.1735923257097));
#843=CARTESIAN_POINT('Ctrl Pts',(-16.0682098958506,221.442209911504,18.1579344691088));
#844=CARTESIAN_POINT('Ctrl Pts',(-15.8260034247853,222.531994782478,18.1174460204748));
#845=CARTESIAN_POINT('Ctrl Pts',(-15.5679710886048,223.183117994643,18.0930224675828));
#846=CARTESIAN_POINT('Ctrl Pts',(-14.9584143664839,224.20948786487,18.0491162015607));
#847=CARTESIAN_POINT('Ctrl Pts',(-14.6564425379106,224.60716343982,18.0307113441453));
#848=CARTESIAN_POINT('Ctrl Pts',(-14.1110941100088,225.177504757392,18.0024181479907));
#849=CARTESIAN_POINT('Ctrl Pts',(-13.8959407988524,225.374465165289,17.9920410341743));
#850=CARTESIAN_POINT('Ctrl Pts',(-13.3548609462099,225.807352574511,17.9670459656388));
#851=CARTESIAN_POINT('Ctrl Pts',(-13.0189591313867,226.028929087553,17.952328378378));
#852=CARTESIAN_POINT('Ctrl Pts',(-12.3694286123101,226.376627623788,17.9251328095551));
#853=CARTESIAN_POINT('Ctrl Pts',(-12.0622313933548,226.51197057773,17.9128175459766));
#854=CARTESIAN_POINT('Ctrl Pts',(-11.3918301434661,226.747964673064,17.887274900702));
#855=CARTESIAN_POINT('Ctrl Pts',(-11.0275797354467,226.842048836775,17.8739459678331));
#856=CARTESIAN_POINT('Ctrl Pts',(-10.2963018433506,226.965371616452,17.8471078028143));
#857=CARTESIAN_POINT('Ctrl Pts',(-9.93086099238396,226.995962363371,17.833658069813));
#858=CARTESIAN_POINT('Ctrl Pts',(-9.22516780888324,226.995938522834,17.8076083000064));
#859=CARTESIAN_POINT('Ctrl Pts',(-8.88605048732804,226.969587197239,17.7951574558463));
#860=CARTESIAN_POINT('Ctrl Pts',(-8.33120582643226,226.882848477007,17.7749951843227));
#861=CARTESIAN_POINT('Ctrl Pts',(-8.11380248784383,226.83747614369,17.7670832113921));
#862=CARTESIAN_POINT('Ctrl Pts',(-7.41738585133944,226.654880172117,17.741253394165));
#863=CARTESIAN_POINT('Ctrl Pts',(-6.95159262044023,226.474200069249,17.7230899730772));
#864=CARTESIAN_POINT('Ctrl Pts',(-6.2167530126804,226.088239242973,17.6924503502459));
#865=CARTESIAN_POINT('Ctrl Pts',(-5.93491138563916,225.911767589369,17.6802538735847));
#866=CARTESIAN_POINT('Ctrl Pts',(-5.36531823543378,225.491902390406,17.6548229397456));
#867=CARTESIAN_POINT('Ctrl Pts',(-5.08268632482112,225.243552152094,17.6414926736447));
#868=CARTESIAN_POINT('Ctrl Pts',(-4.56953927473337,224.708132547544,17.6146539674677));
#869=CARTESIAN_POINT('Ctrl Pts',(-4.33879036309665,224.423142954834,17.601205124521));
#870=CARTESIAN_POINT('Ctrl Pts',(-3.94204820292022,223.839564767276,17.5751562719249));
#871=CARTESIAN_POINT('Ctrl Pts',(-3.77317103304694,223.544309274512,17.5627054620663));
#872=CARTESIAN_POINT('Ctrl Pts',(-3.48882223178014,222.943481281218,17.5388404846186));
#873=CARTESIAN_POINT('Ctrl Pts',(-3.37176747369702,222.639731245391,17.5272818054087));
#874=CARTESIAN_POINT('Ctrl Pts',(-3.16435881922802,221.953776162167,17.501414270103));
#875=CARTESIAN_POINT('Ctrl Pts',(-3.08477629319816,221.569609720053,17.4870574314456));
#876=CARTESIAN_POINT('Ctrl Pts',(-2.9996308052904,220.831935900179,17.4596465586581));
#877=CARTESIAN_POINT('Ctrl Pts',(-2.98739844956718,220.480537025568,17.4467671128903));
#878=CARTESIAN_POINT('Ctrl Pts',(-3.02085255308364,219.743065966475,17.4202647727685));
#879=CARTESIAN_POINT('Ctrl Pts',(-3.07256017838808,219.358602560684,17.4065115566721));
#880=CARTESIAN_POINT('Ctrl Pts',(-3.25282097890203,218.560183203286,17.3768286789581));
#881=CARTESIAN_POINT('Ctrl Pts',(-3.38902977187178,218.149813396917,17.3608822190066));
#882=CARTESIAN_POINT('Ctrl Pts',(-3.56447265704563,217.755778515932,17.3450000608147));
#883=CARTESIAN_POINT('Ctrl Pts',(-8.56634167344375,213.934942588092,17.1066390527992));
#884=CARTESIAN_POINT('Ctrl Pts',(-7.58370964194595,214.086637379479,17.1427838792209));
#885=CARTESIAN_POINT('Ctrl Pts',(-5.61940080441763,214.869292213808,17.2176702712059));
#886=CARTESIAN_POINT('Ctrl Pts',(-4.1323472609602,216.562944902033,17.297190933901));
#887=CARTESIAN_POINT('Ctrl Pts',(-3.6159178879254,217.639124430532,17.3405667701745));
#888=CARTESIAN_POINT('Ctrl Pts',(-3.56415720909655,217.755629962851,17.3452010408845));
#889=CARTESIAN_POINT('',(-3.56449577705978,217.755726590281,17.049460232683));
#890=CARTESIAN_POINT('Ctrl Pts',(-8.5664125394831,213.935401728983,16.8108995964408));
#891=CARTESIAN_POINT('Ctrl Pts',(-8.38954753203511,213.962606618966,16.8174030682263));
#892=CARTESIAN_POINT('Ctrl Pts',(-8.21378059638075,213.997045533829,16.8239065400118));
#893=CARTESIAN_POINT('Ctrl Pts',(-8.03970853265256,214.038603925936,16.8304100117972));
#894=CARTESIAN_POINT('Ctrl Pts',(-7.86562552285327,214.080164931336,16.8369138925367));
#895=CARTESIAN_POINT('Ctrl Pts',(-7.69323790107358,214.128846239356,16.8434177732762));
#896=CARTESIAN_POINT('Ctrl Pts',(-7.52313065162887,214.184482533559,16.8499216540156));
#897=CARTESIAN_POINT('Ctrl Pts',(-7.35302710898973,214.240117615391,16.8564253930291));
#898=CARTESIAN_POINT('Ctrl Pts',(-7.18520413412092,214.302707281535,16.8629291320426));
#899=CARTESIAN_POINT('Ctrl Pts',(-7.02023026001761,214.372036750761,16.869432871056));
#900=CARTESIAN_POINT('Ctrl Pts',(-6.85522072101951,214.441381207985,16.875938016081));
#901=CARTESIAN_POINT('Ctrl Pts',(-6.69306179997731,214.517468258647,16.882443161106));
#902=CARTESIAN_POINT('Ctrl Pts',(-6.53430162399886,214.600035154007,16.8889483061309));
#903=CARTESIAN_POINT('Ctrl Pts',(-6.4591384873265,214.639125478784,16.8920280904759));
#904=CARTESIAN_POINT('Ctrl Pts',(-6.38473683040835,214.679667538778,16.8951078748209));
#905=CARTESIAN_POINT('Ctrl Pts',(-6.31115291909267,214.721629846216,16.8981876591659));
#906=CARTESIAN_POINT('Ctrl Pts',(-6.15572040850581,214.810267520926,16.9046931384786));
#907=CARTESIAN_POINT('Ctrl Pts',(-6.00388565612063,214.905275091119,16.9111986177912));
#908=CARTESIAN_POINT('Ctrl Pts',(-5.85616707743063,215.006335461873,16.9177040971038));
#909=CARTESIAN_POINT('Ctrl Pts',(-5.70847617322093,215.107376899374,16.9242083576412));
#910=CARTESIAN_POINT('Ctrl Pts',(-5.56490016026888,215.21446869913,16.9307126181785));
#911=CARTESIAN_POINT('Ctrl Pts',(-5.42592841693488,215.327250491834,16.9372168787158));
#912=CARTESIAN_POINT('Ctrl Pts',(-5.28535557729615,215.441331645885,16.9437960749721));
#913=CARTESIAN_POINT('Ctrl Pts',(-5.14949402812622,215.561234536735,16.9503752712285));
#914=CARTESIAN_POINT('Ctrl Pts',(-5.01881638608279,215.686543808346,16.9569544674848));
#915=CARTESIAN_POINT('Ctrl Pts',(-4.8896307115315,215.810422404006,16.9634585480076));
#916=CARTESIAN_POINT('Ctrl Pts',(-4.76551140741851,215.939584342466,16.9699626285305));
#917=CARTESIAN_POINT('Ctrl Pts',(-4.64687881283127,216.073590475119,16.9764667090533));
#918=CARTESIAN_POINT('Ctrl Pts',(-4.5261910835484,216.209918066336,16.9830834631764));
#919=CARTESIAN_POINT('Ctrl Pts',(-4.41118214287404,216.351258995884,16.9897002172995));
#920=CARTESIAN_POINT('Ctrl Pts',(-4.30225281687163,216.497114541094,16.9963169714226));
#921=CARTESIAN_POINT('Ctrl Pts',(-4.19332349086922,216.642970086304,17.0029337255457));
#922=CARTESIAN_POINT('Ctrl Pts',(-4.09047397552003,216.793339971235,17.0095504796689));
#923=CARTESIAN_POINT('Ctrl Pts',(-3.99405988405578,216.947692781756,17.016167233792));
#924=CARTESIAN_POINT('Ctrl Pts',(-3.89513931068914,217.106058309923,17.0229560039992));
#925=CARTESIAN_POINT('Ctrl Pts',(-3.80296991527436,217.268652644016,17.0297447742063));
#926=CARTESIAN_POINT('Ctrl Pts',(-3.71788231393586,217.434902183167,17.0365335444135));
#927=CARTESIAN_POINT('Ctrl Pts',(-3.66387641573762,217.540422324124,17.0408424405034));
#928=CARTESIAN_POINT('Ctrl Pts',(-3.61272257241555,217.64741443496,17.0451513365932));
#929=CARTESIAN_POINT('Ctrl Pts',(-3.56449577705978,217.755726590281,17.049460232683));
#930=CARTESIAN_POINT('Ctrl Pts',(-3.56449453672765,217.755729375935,17.0493750464513));
#931=CARTESIAN_POINT('Ctrl Pts',(-3.42184895107955,218.076096300942,17.0619282378949));
#932=CARTESIAN_POINT('Ctrl Pts',(-3.30509108272072,218.407367255961,17.0745686453501));
#933=CARTESIAN_POINT('Ctrl Pts',(-3.13199533356875,219.061153328526,17.0993565500648));
#934=CARTESIAN_POINT('Ctrl Pts',(-3.07217734232489,219.381697873888,17.1114354469349));
#935=CARTESIAN_POINT('Ctrl Pts',(-2.99818695354217,220.050612790516,17.1361849175924));
#936=CARTESIAN_POINT('Ctrl Pts',(-2.98744495082308,220.398353398598,17.1486177770354));
#937=CARTESIAN_POINT('Ctrl Pts',(-3.02375247197981,221.147855314967,17.1754474882791));
#938=CARTESIAN_POINT('Ctrl Pts',(-3.08025701801292,221.547737677937,17.1899075498947));
#939=CARTESIAN_POINT('Ctrl Pts',(-3.25073772948016,222.268247639878,17.2170319763457));
#940=CARTESIAN_POINT('Ctrl Pts',(-3.35360860475631,222.590108438083,17.2295511790662));
#941=CARTESIAN_POINT('Ctrl Pts',(-3.6097107005972,223.219646295434,17.2545349667765));
#942=CARTESIAN_POINT('Ctrl Pts',(-3.76324867980811,223.526086499884,17.2667799016374));
#943=CARTESIAN_POINT('Ctrl Pts',(-4.14811979773026,224.164389919723,17.2934299815988));
#944=CARTESIAN_POINT('Ctrl Pts',(-4.38760609531726,224.489707052275,17.3078939010257));
#945=CARTESIAN_POINT('Ctrl Pts',(-4.87948605898135,225.043147019949,17.335019642832));
#946=CARTESIAN_POINT('Ctrl Pts',(-5.12266471567581,225.277643973219,17.3475360294904));
#947=CARTESIAN_POINT('Ctrl Pts',(-5.64665984659456,225.710320135272,17.3725163915398));
#948=CARTESIAN_POINT('Ctrl Pts',(-5.9271659174243,225.907258095505,17.3847607241227));
#949=CARTESIAN_POINT('Ctrl Pts',(-6.56869241163014,226.286602581644,17.4114084406046));
#950=CARTESIAN_POINT('Ctrl Pts',(-6.93378250885962,226.459384900779,17.4258705535826));
#951=CARTESIAN_POINT('Ctrl Pts',(-7.62929856149833,226.713307228612,17.4529956265584));
#952=CARTESIAN_POINT('Ctrl Pts',(-7.95464034370278,226.804415940213,17.4655132772001));
#953=CARTESIAN_POINT('Ctrl Pts',(-8.62120737492208,226.936792838635,17.4904951458844));
#954=CARTESIAN_POINT('Ctrl Pts',(-8.96156960018723,226.97711969125,17.502739719728));
#955=CARTESIAN_POINT('Ctrl Pts',(-9.70629344889164,227.006789513843,17.5293882870581));
#956=CARTESIAN_POINT('Ctrl Pts',(-10.1096728239361,226.985727297469,17.5438510268335));
#957=CARTESIAN_POINT('Ctrl Pts',(-10.8424177383071,226.87936550372,17.5709763554103));
#958=CARTESIAN_POINT('Ctrl Pts',(-11.1720364920427,226.805258297907,17.5834935917891));
#959=CARTESIAN_POINT('Ctrl Pts',(-11.8216272717987,226.605633192209,17.6084750038983));
#960=CARTESIAN_POINT('Ctrl Pts',(-12.1403926306999,226.479694424385,17.6207195335874));
#961=CARTESIAN_POINT('Ctrl Pts',(-12.8100771818025,226.152579920255,17.6473677975153));
#962=CARTESIAN_POINT('Ctrl Pts',(-13.1551968149079,225.942710892046,17.6618302719185));
#963=CARTESIAN_POINT('Ctrl Pts',(-13.7498197004787,225.501522613733,17.688955476564));
#964=CARTESIAN_POINT('Ctrl Pts',(-14.0048534340223,225.279934867943,17.7014728721045));
#965=CARTESIAN_POINT('Ctrl Pts',(-14.4820417609284,224.796075104533,17.7264545725693));
#966=CARTESIAN_POINT('Ctrl Pts',(-14.702934497806,224.534005031239,17.7386992251292));
#967=CARTESIAN_POINT('Ctrl Pts',(-15.1373257970057,223.92839681512,17.7653469098894));
#968=CARTESIAN_POINT('Ctrl Pts',(-15.3415987486135,223.579958711572,17.7798086737038));
#969=CARTESIAN_POINT('Ctrl Pts',(-15.6558143322947,222.909524617702,17.8069335940013));
#970=CARTESIAN_POINT('Ctrl Pts',(-15.7752364910108,222.593470197247,17.8194514648179));
#971=CARTESIAN_POINT('Ctrl Pts',(-15.9658364814563,221.941131941036,17.8444343797002));
#972=CARTESIAN_POINT('Ctrl Pts',(-16.0359980811321,221.605624231888,17.8566797305927));
#973=CARTESIAN_POINT('Ctrl Pts',(-16.1311467334876,220.866522693084,17.8833242328193));
#974=CARTESIAN_POINT('Ctrl Pts',(-16.1457109252476,220.462993498464,17.8977820671492));
#975=CARTESIAN_POINT('Ctrl Pts',(-16.104364718765,219.723774626829,17.9249053450084));
#976=CARTESIAN_POINT('Ctrl Pts',(-16.0595871435462,219.388821105529,17.9374257717127));
#977=CARTESIAN_POINT('Ctrl Pts',(-15.9179346998843,218.723948944884,17.9624154108554));
#978=CARTESIAN_POINT('Ctrl Pts',(-15.8205266674463,218.395197842367,17.9746646985155));
#979=CARTESIAN_POINT('Ctrl Pts',(-15.5538855265847,217.699911670278,18.0012899202164));
#980=CARTESIAN_POINT('Ctrl Pts',(-15.3756345951177,217.338324992184,18.0157242435459));
#981=CARTESIAN_POINT('Ctrl Pts',(-14.9888945764055,216.707265028195,18.042837805756));
#982=CARTESIAN_POINT('Ctrl Pts',(-14.7903985243671,216.433256180962,18.0553736396308));
#983=CARTESIAN_POINT('Ctrl Pts',(-14.3496713250748,215.914274077919,18.0804030814496));
#984=CARTESIAN_POINT('Ctrl Pts',(-14.1074979864667,215.670610499069,18.0926754115356));
#985=CARTESIAN_POINT('Ctrl Pts',(-13.5460003517289,215.187820054492,18.1191525594927));
#986=CARTESIAN_POINT('Ctrl Pts',(-13.2217047681197,214.95656715257,18.1334135884719));
#987=CARTESIAN_POINT('Ctrl Pts',(-12.6269212101372,214.609069919675,18.1586409122319));
#988=CARTESIAN_POINT('Ctrl Pts',(-12.3658390164525,214.478988975446,18.1694271780231));
#989=CARTESIAN_POINT('Ctrl Pts',(-11.5867356838004,214.1535096648,18.2005639584577));
#990=CARTESIAN_POINT('Ctrl Pts',(-11.0516091689914,214.005634366083,18.2200899018624));
#991=CARTESIAN_POINT('Ctrl Pts',(-10.1618594604123,213.877078797149,18.2524292243656));
#992=CARTESIAN_POINT('Ctrl Pts',(-9.81605245988028,213.854736696764,18.2650284648028));
#993=CARTESIAN_POINT('Ctrl Pts',(-9.25804641143791,213.86279990131,18.2855947642937));
#994=CARTESIAN_POINT('Ctrl Pts',(-9.04626117447167,213.876132674738,18.2934467741397));
#995=CARTESIAN_POINT('Ctrl Pts',(-8.74554180327001,213.9097395917,18.3045882503671));
#996=CARTESIAN_POINT('Ctrl Pts',(-8.65582954168467,213.921647851118,18.3079103139631));
#997=CARTESIAN_POINT('Ctrl Pts',(-8.56641253804004,213.935401729205,18.3112126252644));
#998=CARTESIAN_POINT('Origin',(-9.5650092758881,220.4275,13.299460232683));
#999=CARTESIAN_POINT('',(-8.56641267657192,213.935401707896,20.1064334266479));
#1000=CARTESIAN_POINT('',(-8.56641252286322,213.935401731539,19.8107547916608));
#1001=CARTESIAN_POINT('',(-8.56641253948311,213.935401728983,13.299460232683));
#1002=CARTESIAN_POINT('Ctrl Pts',(-8.56641267657192,213.935401707896,20.1064334266479));
#1003=CARTESIAN_POINT('Ctrl Pts',(-8.87136225308463,213.888495207661,20.0953626242695));
#1004=CARTESIAN_POINT('Ctrl Pts',(-9.1793357959291,213.863118172897,20.0843805705333));
#1005=CARTESIAN_POINT('Ctrl Pts',(-9.87830521241394,213.854928107721,20.0591607709169));
#1006=CARTESIAN_POINT('Ctrl Pts',(-10.2681853620567,213.885146600018,20.0448611888454));
#1007=CARTESIAN_POINT('Ctrl Pts',(-10.9707856386109,214.003161535625,20.0185635942848));
#1008=CARTESIAN_POINT('Ctrl Pts',(-11.2841623842402,214.079834543127,20.0066987484162));
#1009=CARTESIAN_POINT('Ctrl Pts',(-11.9458563135753,214.294349663342,19.9816569984927));
#1010=CARTESIAN_POINT('Ctrl Pts',(-12.2905943555467,214.439582666127,19.968416495221));
#1011=CARTESIAN_POINT('Ctrl Pts',(-12.9846080713025,214.804377625288,19.9400904970178));
#1012=CARTESIAN_POINT('Ctrl Pts',(-13.32937132344,215.02909959395,19.9249988614455));
#1013=CARTESIAN_POINT('Ctrl Pts',(-13.8462047971165,215.439701887546,19.9006363794676));
#1014=CARTESIAN_POINT('Ctrl Pts',(-14.0325329363191,215.605881610663,19.8914574843435));
#1015=CARTESIAN_POINT('Ctrl Pts',(-14.4827802455246,216.05600403753,19.8684620806074));
#1016=CARTESIAN_POINT('Ctrl Pts',(-14.7318611138233,216.353423980648,19.8547572121631));
#1017=CARTESIAN_POINT('Ctrl Pts',(-15.176324862528,216.9909664309,19.8267173146518));
#1018=CARTESIAN_POINT('Ctrl Pts',(-15.3704176643833,217.330106249262,19.8124287038063));
#1019=CARTESIAN_POINT('Ctrl Pts',(-15.6679840282165,217.977543433631,19.7861273756198));
#1020=CARTESIAN_POINT('Ctrl Pts',(-15.7809239649705,218.280174944696,19.7742477914458));
#1021=CARTESIAN_POINT('Ctrl Pts',(-15.9756224918845,218.948323860728,19.7491940762076));
#1022=CARTESIAN_POINT('Ctrl Pts',(-16.0493215739641,219.315016192673,19.7359554509598));
#1023=CARTESIAN_POINT('Ctrl Pts',(-16.1378246236068,220.093972724416,19.7076321355497));
#1024=CARTESIAN_POINT('Ctrl Pts',(-16.1458192481961,220.505407360689,19.6925412446033));
#1025=CARTESIAN_POINT('Ctrl Pts',(-16.0968541922871,221.163496623104,19.6681852708366));
#1026=CARTESIAN_POINT('Ctrl Pts',(-16.0642156945445,221.410867380463,19.6590119860556));
#1027=CARTESIAN_POINT('Ctrl Pts',(-15.9451831838873,222.036182348671,19.6360204837678));
#1028=CARTESIAN_POINT('Ctrl Pts',(-15.839277099961,222.409429953872,19.6223143172367));
#1029=CARTESIAN_POINT('Ctrl Pts',(-15.5618441435728,223.135792837176,19.5942614308311));
#1030=CARTESIAN_POINT('Ctrl Pts',(-15.3903576826876,223.487268529567,19.5799607575521));
#1031=CARTESIAN_POINT('Ctrl Pts',(-15.0222424620504,224.097229241235,19.5536635155499));
#1032=CARTESIAN_POINT('Ctrl Pts',(-14.8357256346711,224.360421063211,19.541800116998));
#1033=CARTESIAN_POINT('Ctrl Pts',(-14.3929409657936,224.896845072784,19.5167595417564));
#1034=CARTESIAN_POINT('Ctrl Pts',(-14.1311109804855,225.164026930268,19.5035188537545));
#1035=CARTESIAN_POINT('Ctrl Pts',(-13.536662554114,225.675274126204,19.4751925917251));
#1036=CARTESIAN_POINT('Ctrl Pts',(-13.2009053476229,225.913246093635,19.4601008829762));
#1037=CARTESIAN_POINT('Ctrl Pts',(-12.6290036201959,226.242885733799,19.4357377617079));
#1038=CARTESIAN_POINT('Ctrl Pts',(-12.4059357270837,226.355055644795,19.4265583155266));
#1039=CARTESIAN_POINT('Ctrl Pts',(-11.8217714110484,226.608233775746,19.4035625284718));
#1040=CARTESIAN_POINT('Ctrl Pts',(-11.4535995895398,226.730489531538,19.389857787432));
#1041=CARTESIAN_POINT('Ctrl Pts',(-10.697322681181,226.909356575073,19.3618192786869));
#1042=CARTESIAN_POINT('Ctrl Pts',(-10.3106068861811,226.965135010763,19.3475319698847));
#1043=CARTESIAN_POINT('Ctrl Pts',(-9.59909760610262,227.003779860761,19.3212301752624));
#1044=CARTESIAN_POINT('Ctrl Pts',(-9.27609132710572,226.997519600794,19.3093488189161));
#1045=CARTESIAN_POINT('Ctrl Pts',(-8.58312104753871,226.932868117503,19.2842936645335));
#1046=CARTESIAN_POINT('Ctrl Pts',(-8.21502763230259,226.866558218589,19.2710552647226));
#1047=CARTESIAN_POINT('Ctrl Pts',(-7.4581155991825,226.662412892434,19.2427322714338));
#1048=CARTESIAN_POINT('Ctrl Pts',(-7.07257255841148,226.51854969284,19.2276414699562));
#1049=CARTESIAN_POINT('Ctrl Pts',(-6.47861998592081,226.231023158495,19.2032862785329));
#1050=CARTESIAN_POINT('Ctrl Pts',(-6.26060004559414,226.10971488277,19.1941136682103));
#1051=CARTESIAN_POINT('Ctrl Pts',(-5.7228811923377,225.769085285517,19.1711226348036));
#1052=CARTESIAN_POINT('Ctrl Pts',(-5.41472644668812,225.533343621429,19.1574163121015));
#1053=CARTESIAN_POINT('Ctrl Pts',(-4.84124731436518,225.008218222016,19.1293619770913));
#1054=CARTESIAN_POINT('Ctrl Pts',(-4.57743671423212,224.719471042636,19.1150599708813));
#1055=CARTESIAN_POINT('Ctrl Pts',(-4.1455964360432,224.152851071,19.0887631550285));
#1056=CARTESIAN_POINT('Ctrl Pts',(-3.96946055012573,223.882658875708,19.0769015199481));
#1057=CARTESIAN_POINT('Ctrl Pts',(-3.63346266791997,223.273678074683,19.0518623759098));
#1058=CARTESIAN_POINT('Ctrl Pts',(-3.48127946487064,222.931937808962,19.0386214627506));
#1059=CARTESIAN_POINT('Ctrl Pts',(-3.22444406685084,222.191132093857,19.0102948791743));
#1060=CARTESIAN_POINT('Ctrl Pts',(-3.12661194204717,221.791388745436,18.995203081251));
#1061=CARTESIAN_POINT('Ctrl Pts',(-3.03036950807394,221.138319798819,18.9708391810023));
#1062=CARTESIAN_POINT('Ctrl Pts',(-3.00808639499008,220.889615207719,18.9616590633623));
#1063=CARTESIAN_POINT('Ctrl Pts',(-2.98746531312541,220.253266811939,18.9386628092112));
#1064=CARTESIAN_POINT('Ctrl Pts',(-3.00916481715124,219.865939420958,18.9249582233908));
#1065=CARTESIAN_POINT('Ctrl Pts',(-3.12093157670463,219.096926090459,18.8969214416406));
#1066=CARTESIAN_POINT('Ctrl Pts',(-3.2112556041068,218.716837079781,18.8826357554713));
#1067=CARTESIAN_POINT('Ctrl Pts',(-3.40174911862122,218.146381161434,18.8604362167913));
#1068=CARTESIAN_POINT('Ctrl Pts',(-3.47840084484691,217.94909773627,18.8526223017938));
#1069=CARTESIAN_POINT('Ctrl Pts',(-3.65125604448979,217.560861078866,18.8371130703498));
#1070=CARTESIAN_POINT('Ctrl Pts',(-3.7475260671326,217.370215943457,18.829457201002));
#1071=CARTESIAN_POINT('Ctrl Pts',(-3.95671537741567,217.001747013743,18.8142888574926));
#1072=CARTESIAN_POINT('Ctrl Pts',(-4.06924114375303,216.823991122775,18.8067804243075));
#1073=CARTESIAN_POINT('Ctrl Pts',(-4.45171302458533,216.279501807851,18.7828376838305));
#1074=CARTESIAN_POINT('Ctrl Pts',(-4.75132617196281,215.935270588219,18.7661722889994));
#1075=CARTESIAN_POINT('Ctrl Pts',(-5.33249842919884,215.393038843552,18.736832102344));
#1076=CARTESIAN_POINT('Ctrl Pts',(-5.59850900407246,215.180897708691,18.7243891943444));
#1077=CARTESIAN_POINT('Ctrl Pts',(-6.07409004942746,214.858555522998,18.7037689566135));
#1078=CARTESIAN_POINT('Ctrl Pts',(-6.27536331259587,214.737342762193,18.6954016512601));
#1079=CARTESIAN_POINT('Ctrl Pts',(-6.72670946730445,214.497495959985,18.6770483595104));
#1080=CARTESIAN_POINT('Ctrl Pts',(-6.97866129730882,214.383354558408,18.6670515372613));
#1081=CARTESIAN_POINT('Ctrl Pts',(-7.66701486892694,214.122455834242,18.6401001758647));
#1082=CARTESIAN_POINT('Ctrl Pts',(-8.11259333343436,214.005206953428,18.6229649265663));
#1083=CARTESIAN_POINT('Ctrl Pts',(-8.56641254195454,213.935401728603,18.6063375298052));
#1084=CARTESIAN_POINT('Ctrl Pts',(-8.56641253804004,213.935401729205,18.3112126252644));
#1085=CARTESIAN_POINT('Ctrl Pts',(-8.36997440536395,213.965617303631,18.3184673960475));
#1086=CARTESIAN_POINT('Ctrl Pts',(-8.17496047561571,214.004740478982,18.3256048185137));
#1087=CARTESIAN_POINT('Ctrl Pts',(-7.646015736702,214.1360909561,18.3451118488523));
#1088=CARTESIAN_POINT('Ctrl Pts',(-7.3171801701004,214.245944676187,18.357440601545));
#1089=CARTESIAN_POINT('Ctrl Pts',(-6.63336669551033,214.536202733047,18.3843806595104));
#1090=CARTESIAN_POINT('Ctrl Pts',(-6.28299279643105,214.723968753859,18.399023454798));
#1091=CARTESIAN_POINT('Ctrl Pts',(-5.52116499799842,215.225801461647,18.4326930554762));
#1092=CARTESIAN_POINT('Ctrl Pts',(-5.12550260507675,215.559119006398,18.4510395020507));
#1093=CARTESIAN_POINT('Ctrl Pts',(-4.27123000516345,216.470418502388,18.495824608211));
#1094=CARTESIAN_POINT('Ctrl Pts',(-3.86276141095375,217.085813088716,18.5231002708795));
#1095=CARTESIAN_POINT('Ctrl Pts',(-3.49038445462706,217.922182823573,18.5564070491283));
#1096=CARTESIAN_POINT('Ctrl Pts',(-3.42328032045791,218.091510367437,18.5629351980736));
#1097=CARTESIAN_POINT('Ctrl Pts',(-3.27876222025222,218.50566077764,18.5786313840133));
#1098=CARTESIAN_POINT('Ctrl Pts',(-3.20849523122992,218.752657754445,18.5877784883708));
#1099=CARTESIAN_POINT('Ctrl Pts',(-3.06586608639912,219.394737957031,18.6114843498966));
#1100=CARTESIAN_POINT('Ctrl Pts',(-3.01493505723974,219.793485042617,18.6261779419072));
#1101=CARTESIAN_POINT('Ctrl Pts',(-2.98854043233637,220.536687959332,18.653647366988));
#1102=CARTESIAN_POINT('Ctrl Pts',(-3.00317826616809,220.879443664261,18.6662642119796));
#1103=CARTESIAN_POINT('Ctrl Pts',(-3.08518185692791,221.554578870942,18.6907136598359));
#1104=CARTESIAN_POINT('Ctrl Pts',(-3.15164957171135,221.886022898417,18.7026883210266));
#1105=CARTESIAN_POINT('Ctrl Pts',(-3.35265315076414,222.598535859466,18.7293683188244));
#1106=CARTESIAN_POINT('Ctrl Pts',(-3.49743274534101,222.975296660554,18.7441205655999));
#1107=CARTESIAN_POINT('Ctrl Pts',(-3.82737635361396,223.643281327915,18.7716401415968));
#1108=CARTESIAN_POINT('Ctrl Pts',(-4.0027112021535,223.937846995314,18.7842469661839));
#1109=CARTESIAN_POINT('Ctrl Pts',(-4.39486772893683,224.492963556946,18.8086809095874));
#1110=CARTESIAN_POINT('Ctrl Pts',(-4.61046945730514,224.753109126577,18.8206496842132));
#1111=CARTESIAN_POINT('Ctrl Pts',(-5.12539441407383,225.285153421369,18.8473327137973));
#1112=CARTESIAN_POINT('Ctrl Pts',(-5.43174573740655,225.548349229309,18.8620944446476));
#1113=CARTESIAN_POINT('Ctrl Pts',(-6.03923428221874,225.980027354127,18.8896220119337));
#1114=CARTESIAN_POINT('Ctrl Pts',(-6.33327021981347,226.156158375401,18.9022270991312));
#1115=CARTESIAN_POINT('Ctrl Pts',(-6.94174045684231,226.458818169821,18.9266583613908));
#1116=CARTESIAN_POINT('Ctrl Pts',(-7.25491008366973,226.585566373994,18.9386261223838));
#1117=CARTESIAN_POINT('Ctrl Pts',(-7.96059666620624,226.809731081137,18.9653096771189));
#1118=CARTESIAN_POINT('Ctrl Pts',(-8.35517675837759,226.896140204473,18.9800730442553));
#1119=CARTESIAN_POINT('Ctrl Pts',(-9.09477158698783,226.988027440672,19.0076019870503));
#1120=CARTESIAN_POINT('Ctrl Pts',(-9.43716122373233,227.003616896995,19.0202067712865));
#1121=CARTESIAN_POINT('Ctrl Pts',(-10.1163740347346,226.981455423096,19.0446375661691));
#1122=CARTESIAN_POINT('Ctrl Pts',(-10.4521879750289,226.944497032598,19.0566051505597));
#1123=CARTESIAN_POINT('Ctrl Pts',(-11.1797699625493,226.807121280599,19.0832887968867));
#1124=CARTESIAN_POINT('Ctrl Pts',(-11.5681328669191,226.696032767529,19.0980524492076));
#1125=CARTESIAN_POINT('Ctrl Pts',(-12.2628268238032,226.426118448823,19.125581631634));
#1126=CARTESIAN_POINT('Ctrl Pts',(-12.5716434488651,226.277440901381,19.1381863629654));
#1127=CARTESIAN_POINT('Ctrl Pts',(-13.1590765115144,225.935767867647,19.1626170762588));
#1128=CARTESIAN_POINT('Ctrl Pts',(-13.4371803505849,225.743948715649,19.1745846298366));
#1129=CARTESIAN_POINT('Ctrl Pts',(-14.0125494455396,225.277902798618,19.201268292148));
#1130=CARTESIAN_POINT('Ctrl Pts',(-14.3017551890115,224.995896484912,19.2160319942308));
#1131=CARTESIAN_POINT('Ctrl Pts',(-14.7853055475746,224.428768484286,19.2435612184673));
#1132=CARTESIAN_POINT('Ctrl Pts',(-14.9866520843772,224.151402078201,19.2561659405641));
#1133=CARTESIAN_POINT('Ctrl Pts',(-15.3417375710901,223.571978382248,19.2805966396113));
#1134=CARTESIAN_POINT('Ctrl Pts',(-15.4955832008704,223.271199807507,19.2925641878059));
#1135=CARTESIAN_POINT('Ctrl Pts',(-15.781055865837,222.588005925717,19.3192478529086));
#1136=CARTESIAN_POINT('Ctrl Pts',(-15.9018976302193,222.202564637567,19.3340115636836));
#1137=CARTESIAN_POINT('Ctrl Pts',(-16.0585921078357,221.473934241927,19.3615407952244));
#1138=CARTESIAN_POINT('Ctrl Pts',(-16.1042875156887,221.134251373437,19.3741455157092));
#1139=CARTESIAN_POINT('Ctrl Pts',(-16.1420555074285,220.455730182653,19.3985762122692));
#1140=CARTESIAN_POINT('Ctrl Pts',(-16.1348285250061,220.117966979409,19.4105437595237));
#1141=CARTESIAN_POINT('Ctrl Pts',(-16.0620924179585,219.381110138429,19.437227425115));
#1142=CARTESIAN_POINT('Ctrl Pts',(-15.9856531585374,218.984468243976,19.4519911374091));
#1143=CARTESIAN_POINT('Ctrl Pts',(-15.777995386848,218.26869333939,19.4795203702254));
#1144=CARTESIAN_POINT('Ctrl Pts',(-15.6571050030089,217.947978463935,19.4921250904275));
#1145=CARTESIAN_POINT('Ctrl Pts',(-15.3685178399554,217.332726596547,19.5165557865533));
#1146=CARTESIAN_POINT('Ctrl Pts',(-15.2019476394578,217.038803858544,19.5285233336451));
#1147=CARTESIAN_POINT('Ctrl Pts',(-14.7884081452339,216.424610374374,19.55520699932));
#1148=CARTESIAN_POINT('Ctrl Pts',(-14.5329793908163,216.111682411208,19.5699707118763));
#1149=CARTESIAN_POINT('Ctrl Pts',(-14.0106608694517,215.580044531341,19.5974999449133));
#1150=CARTESIAN_POINT('Ctrl Pts',(-13.7521131855595,215.355043174659,19.6101046650671));
#1151=CARTESIAN_POINT('Ctrl Pts',(-13.2062283944276,214.950287442311,19.6345353611156));
#1152=CARTESIAN_POINT('Ctrl Pts',(-12.9201744264638,214.770539467561,19.6465029081765));
#1153=CARTESIAN_POINT('Ctrl Pts',(-12.2647895615744,214.425982899019,19.673186573868));
#1154=CARTESIAN_POINT('Ctrl Pts',(-11.8914941883121,214.271651035321,19.6879502864747));
#1155=CARTESIAN_POINT('Ctrl Pts',(-11.1795032365256,214.051368581743,19.7154795195541));
#1156=CARTESIAN_POINT('Ctrl Pts',(-10.8451674738011,213.975922488765,19.7280842396985));
#1157=CARTESIAN_POINT('Ctrl Pts',(-10.1726126676792,213.878518996091,19.7525149357356));
#1158=CARTESIAN_POINT('Ctrl Pts',(-9.83552627509765,213.8559586126,19.7644824827939));
#1159=CARTESIAN_POINT('Ctrl Pts',(-9.18607377884404,213.862564612124,19.7878884504649));
#1160=CARTESIAN_POINT('Ctrl Pts',(-8.87468980035565,213.887983366073,19.7992637760119));
#1161=CARTESIAN_POINT('Ctrl Pts',(-8.56641252286324,213.935401731539,19.8107547916608));
#1162=CARTESIAN_POINT('Origin',(-9.5650092758881,220.4275,13.299460232683));
#1163=CARTESIAN_POINT('',(-8.56641253948309,213.935401728983,21.6066330547789));
#1164=CARTESIAN_POINT('',(-8.56641249601055,213.93540173567,21.3106446377989));
#1165=CARTESIAN_POINT('',(-8.56641253948311,213.935401728983,13.299460232683));
#1166=CARTESIAN_POINT('',(-3.5644042836807,217.755932083964,20.3452010408845));
#1167=CARTESIAN_POINT('Ctrl Pts',(-3.5644042836807,217.755932083964,20.3452010408845));
#1168=CARTESIAN_POINT('Ctrl Pts',(-3.53479735951743,217.822432155278,20.3478474748225));
#1169=CARTESIAN_POINT('Ctrl Pts',(-3.50629707109659,217.889421939641,20.3504939087605));
#1170=CARTESIAN_POINT('Ctrl Pts',(-3.47891801275172,217.956866773624,20.3531403426985));
#1171=CARTESIAN_POINT('Ctrl Pts',(-3.41158422421897,218.122735012473,20.3596487631453));
#1172=CARTESIAN_POINT('Ctrl Pts',(-3.35102435891376,218.291384312983,20.3661571835922));
#1173=CARTESIAN_POINT('Ctrl Pts',(-3.29744952997299,218.462244231942,20.372665604039));
#1174=CARTESIAN_POINT('Ctrl Pts',(-3.24388435954492,218.633073348139,20.3791728511427));
#1175=CARTESIAN_POINT('Ctrl Pts',(-3.19730180524949,218.806111991575,20.3856800982463));
#1176=CARTESIAN_POINT('Ctrl Pts',(-3.15786338785151,218.980773705252,20.39218734535));
#1177=CARTESIAN_POINT('Ctrl Pts',(-3.11842343956016,219.155442198827,20.3986948450474));
#1178=CARTESIAN_POINT('Ctrl Pts',(-3.08612825490753,219.331733586855,20.4052023447449));
#1179=CARTESIAN_POINT('Ctrl Pts',(-3.061088607215,219.50904949066,20.4117098444424));
#1180=CARTESIAN_POINT('Ctrl Pts',(-3.03605054355877,219.686354177261,20.4182169324681));
#1181=CARTESIAN_POINT('Ctrl Pts',(-3.01826714166577,219.864682942682,20.4247240204938));
#1182=CARTESIAN_POINT('Ctrl Pts',(-3.00779753437,220.043430241496,20.4312311085196));
#1183=CARTESIAN_POINT('Ctrl Pts',(-2.99732538489312,220.222220942894,20.437739776566));
#1184=CARTESIAN_POINT('Ctrl Pts',(-2.9941705988221,220.401430070943,20.4442484446124));
#1185=CARTESIAN_POINT('Ctrl Pts',(-2.99834025654847,220.580448988049,20.4507571126589));
#1186=CARTESIAN_POINT('Ctrl Pts',(-3.00231386450775,220.751050759359,20.4569597549021));
#1187=CARTESIAN_POINT('Ctrl Pts',(-3.01293897027891,220.921479537235,20.4631623971454));
#1188=CARTESIAN_POINT('Ctrl Pts',(-3.03017766570075,221.091210199557,20.4693650393887));
#1189=CARTESIAN_POINT('Ctrl Pts',(-3.04826619529189,221.269308253546,20.4758734598356));
#1190=CARTESIAN_POINT('Ctrl Pts',(-3.0736427024935,221.446695166059,20.4823818802824));
#1191=CARTESIAN_POINT('Ctrl Pts',(-3.10622689835863,221.622768004347,20.4888903007293));
#1192=CARTESIAN_POINT('Ctrl Pts',(-3.13880521991905,221.798809100083,20.495397547833));
#1193=CARTESIAN_POINT('Ctrl Pts',(-3.17858858059797,221.973536289439,20.5019047949366));
#1194=CARTESIAN_POINT('Ctrl Pts',(-3.22544536912698,222.146355687541,20.5084120420403));
#1195=CARTESIAN_POINT('Ctrl Pts',(-3.27230397651058,222.319181794028,20.5149195417378));
#1196=CARTESIAN_POINT('Ctrl Pts',(-3.3262364834277,222.490099660684,20.5214270414353));
#1197=CARTESIAN_POINT('Ctrl Pts',(-3.38706084985518,222.658528607566,20.5279345411328));
#1198=CARTESIAN_POINT('Ctrl Pts',(-3.44788136846479,222.826946899443,20.5344416291586));
#1199=CARTESIAN_POINT('Ctrl Pts',(-3.51559276864781,222.992876294803,20.5409487171843));
#1200=CARTESIAN_POINT('Ctrl Pts',(-3.58996401686807,223.155753938907,20.5474558052101));
#1201=CARTESIAN_POINT('Ctrl Pts',(-3.66435332356718,223.318671132199,20.5539644732565));
#1202=CARTESIAN_POINT('Ctrl Pts',(-3.74540558253226,223.478534810275,20.5604731413029));
#1203=CARTESIAN_POINT('Ctrl Pts',(-3.83284230885869,223.634803737502,20.5669818093494));
#1204=CARTESIAN_POINT('Ctrl Pts',(-3.91616791840677,223.78372518232,20.5731844515926));
#1205=CARTESIAN_POINT('Ctrl Pts',(-4.00529129038338,223.92938192184,20.5793870938357));
#1206=CARTESIAN_POINT('Ctrl Pts',(-4.09993324987283,224.071327579946,20.5855897360789));
#1207=CARTESIAN_POINT('Ctrl Pts',(-4.19924087396626,224.220270883032,20.5920981565257));
#1208=CARTESIAN_POINT('Ctrl Pts',(-4.3046570259188,224.365176089135,20.5986065769726));
#1209=CARTESIAN_POINT('Ctrl Pts',(-4.41582867140669,224.505547879186,20.6051149974194));
#1210=CARTESIAN_POINT('Ctrl Pts',(-4.52698027478209,224.645894362899,20.611622244523));
#1211=CARTESIAN_POINT('Ctrl Pts',(-4.64388510850822,224.781708818456,20.6181294916267));
#1212=CARTESIAN_POINT('Ctrl Pts',(-4.76614901173571,224.912527933875,20.6246367387303));
#1213=CARTESIAN_POINT('Ctrl Pts',(-4.88841766091932,225.04335212734,20.6311442384278));
#1214=CARTESIAN_POINT('Ctrl Pts',(-5.01604558662501,225.169180363538,20.6376517381253));
#1215=CARTESIAN_POINT('Ctrl Pts',(-5.14860023604473,225.289584593597,20.6441592378227));
#1216=CARTESIAN_POINT('Ctrl Pts',(-5.28114649990822,225.409981206748,20.6506663258485));
#1217=CARTESIAN_POINT('Ctrl Pts',(-5.41861863405153,225.52495429183,20.6571734138742));
#1218=CARTESIAN_POINT('Ctrl Pts',(-5.5605491237289,225.634114475095,20.6636805018999));
#1219=CARTESIAN_POINT('Ctrl Pts',(-5.7025140763043,225.743301164125,20.6701891699463));
#1220=CARTESIAN_POINT('Ctrl Pts',(-5.84893930273438,225.846671940053,20.6766978379928));
#1221=CARTESIAN_POINT('Ctrl Pts',(-5.99932546423248,225.943878735892,20.6832065060392));
#1222=CARTESIAN_POINT('Ctrl Pts',(-6.14264074033192,226.036515043951,20.6894091482825));
#1223=CARTESIAN_POINT('Ctrl Pts',(-6.28955281998549,226.123553552973,20.6956117905257));
#1224=CARTESIAN_POINT('Ctrl Pts',(-6.43960613327465,226.204730357069,20.701814432769));
#1225=CARTESIAN_POINT('Ctrl Pts',(-6.59705678317919,226.289909019785,20.7083228532159));
#1226=CARTESIAN_POINT('Ctrl Pts',(-6.7580170752744,226.368660960822,20.7148312736627));
#1227=CARTESIAN_POINT('Ctrl Pts',(-6.92194326428945,226.440713571863,20.7213396941096));
#1228=CARTESIAN_POINT('Ctrl Pts',(-7.08583990056104,226.512753193201,20.7278469412132));
#1229=CARTESIAN_POINT('Ctrl Pts',(-7.25270108282343,226.578095769987,20.7343541883169));
#1230=CARTESIAN_POINT('Ctrl Pts',(-7.42196169162853,226.636516222728,20.7408614354206));
#1231=CARTESIAN_POINT('Ctrl Pts',(-7.59122887067551,226.694938943194,20.747368935118));
#1232=CARTESIAN_POINT('Ctrl Pts',(-7.7628953705179,226.746438897336,20.7538764348155));
#1233=CARTESIAN_POINT('Ctrl Pts',(-7.93637863766748,226.790840132882,20.760383934513));
#1234=CARTESIAN_POINT('Ctrl Pts',(-8.10985093007039,226.835238559556,20.7668910225388));
#1235=CARTESIAN_POINT('Ctrl Pts',(-8.28513945916111,226.872539089427,20.7733981105645));
#1236=CARTESIAN_POINT('Ctrl Pts',(-8.46164886517903,226.902616308344,20.7799051985903));
#1237=CARTESIAN_POINT('Ctrl Pts',(-8.63820113038585,226.93270083047,20.7864138666367));
#1238=CARTESIAN_POINT('Ctrl Pts',(-8.81597455917306,226.955558482764,20.7929225346832));
#1239=CARTESIAN_POINT('Ctrl Pts',(-8.99436499000496,226.971115247055,20.7994312027296));
#1240=CARTESIAN_POINT('Ctrl Pts',(-9.16436782532625,226.985940560417,20.8056338449728));
#1241=CARTESIAN_POINT('Ctrl Pts',(-9.33493071767583,226.994135739091,20.811836487216));
#1242=CARTESIAN_POINT('Ctrl Pts',(-9.50552756271286,226.995680671107,20.8180391294592));
#1243=CARTESIAN_POINT('Ctrl Pts',(-9.68453450054184,226.997301765267,20.824547549906));
#1244=CARTESIAN_POINT('Ctrl Pts',(-9.86363666088933,226.991600887527,20.8310559703528));
#1245=CARTESIAN_POINT('Ctrl Pts',(-10.0422259373855,226.978591486194,20.8375643907997));
#1246=CARTESIAN_POINT('Ctrl Pts',(-10.2207830176651,226.965584430207,20.8440716379033));
#1247=CARTESIAN_POINT('Ctrl Pts',(-10.3988270893347,226.945271502551,20.8505788850069));
#1248=CARTESIAN_POINT('Ctrl Pts',(-10.5757533909038,226.917718157848,20.8570861321105));
#1249=CARTESIAN_POINT('Ctrl Pts',(-10.7526865602763,226.890163743598,20.863593631808));
#1250=CARTESIAN_POINT('Ctrl Pts',(-10.9285015656054,226.855368394116,20.8701011315054));
#1251=CARTESIAN_POINT('Ctrl Pts',(-11.1026012204192,226.813449139683,20.8766086312029));
#1252=CARTESIAN_POINT('Ctrl Pts',(-11.2766898614931,226.771532537108,20.8831157192286));
#1253=CARTESIAN_POINT('Ctrl Pts',(-11.4490630675468,226.722493004138,20.8896228072543));
#1254=CARTESIAN_POINT('Ctrl Pts',(-11.6191359772892,226.666498228649,20.89612989528));
#1255=CARTESIAN_POINT('Ctrl Pts',(-11.7892501833405,226.610489856771,20.9026385633264));
#1256=CARTESIAN_POINT('Ctrl Pts',(-11.9570626814568,226.547522962876,20.9091472313728));
#1257=CARTESIAN_POINT('Ctrl Pts',(-12.1220048761023,226.477814777182,20.9156558994192));
#1258=CARTESIAN_POINT('Ctrl Pts',(-12.2791917869917,226.411384144338,20.9218585416626));
#1259=CARTESIAN_POINT('Ctrl Pts',(-12.4337718681797,226.338831682618,20.928061183906));
#1260=CARTESIAN_POINT('Ctrl Pts',(-12.5852707315359,226.260385747383,20.9342638261493));
#1261=CARTESIAN_POINT('Ctrl Pts',(-12.7442381943143,226.178072580055,20.9407722465962));
#1262=CARTESIAN_POINT('Ctrl Pts',(-12.8998643331246,226.089243593976,20.9472806670431));
#1263=CARTESIAN_POINT('Ctrl Pts',(-13.051617985906,225.994195169104,20.95378908749));
#1264=CARTESIAN_POINT('Ctrl Pts',(-13.2033442804186,225.899163879638,20.9602963345937));
#1265=CARTESIAN_POINT('Ctrl Pts',(-13.3511992193042,225.797915553555,20.9668035816974));
#1266=CARTESIAN_POINT('Ctrl Pts',(-13.4946789271899,225.690790969929,20.9733108288011));
#1267=CARTESIAN_POINT('Ctrl Pts',(-13.6381642045721,225.583662228015,20.9798183284986));
#1268=CARTESIAN_POINT('Ctrl Pts',(-13.7772736603562,225.470656954879,20.9863258281962));
#1269=CARTESIAN_POINT('Ctrl Pts',(-13.911534243043,225.352157969078,20.9928333278937));
#1270=CARTESIAN_POINT('Ctrl Pts',(-14.0457863322543,225.233666479656,20.9993404159195));
#1271=CARTESIAN_POINT('Ctrl Pts',(-14.1751899296145,225.109682178431,21.0058475039453));
#1272=CARTESIAN_POINT('Ctrl Pts',(-14.2993065762613,224.980626889752,21.0123545919711));
#1273=CARTESIAN_POINT('Ctrl Pts',(-14.423453360332,224.85154026447,21.0188632600176));
#1274=CARTESIAN_POINT('Ctrl Pts',(-14.542310411807,224.717380413672,21.025371928064));
#1275=CARTESIAN_POINT('Ctrl Pts',(-14.6554768254437,224.578605338271,21.0318805961105));
#1276=CARTESIAN_POINT('Ctrl Pts',(-14.7633223589226,224.446355216002,21.0380832383535));
#1277=CARTESIAN_POINT('Ctrl Pts',(-14.8659999238356,224.30991409734,21.0442858805965));
#1278=CARTESIAN_POINT('Ctrl Pts',(-14.9631970816233,224.169705742141,21.0504885228395));
#1279=CARTESIAN_POINT('Ctrl Pts',(-15.0651858703252,224.022585387615,21.0569969432863));
#1280=CARTESIAN_POINT('Ctrl Pts',(-15.1611732105453,223.871269445411,21.063505363733));
#1281=CARTESIAN_POINT('Ctrl Pts',(-15.2508283104252,223.716268357455,21.0700137841798));
#1282=CARTESIAN_POINT('Ctrl Pts',(-15.3404672472126,223.561295213218,21.0765210312834));
#1283=CARTESIAN_POINT('Ctrl Pts',(-15.4237760665512,223.402638517467,21.083028278387));
#1284=CARTESIAN_POINT('Ctrl Pts',(-15.5004688644832,223.240835187043,21.0895355254905));
#1285=CARTESIAN_POINT('Ctrl Pts',(-15.5771646394235,223.079025575849,21.096043025188));
#1286=CARTESIAN_POINT('Ctrl Pts',(-15.6472437429409,222.914069364404,21.1025505248854));
#1287=CARTESIAN_POINT('Ctrl Pts',(-15.7104671812764,222.746526204164,21.1090580245828));
#1288=CARTESIAN_POINT('Ctrl Pts',(-15.7736866200261,222.578993642893,21.1155651126085));
#1289=CARTESIAN_POINT('Ctrl Pts',(-15.8300511520011,222.408874750662,21.1220722006341));
#1290=CARTESIAN_POINT('Ctrl Pts',(-15.8793706052601,222.236747469152,21.1285792886598));
#1291=CARTESIAN_POINT('Ctrl Pts',(-15.9287020340382,222.0645783925,21.1350879567062));
#1292=CARTESIAN_POINT('Ctrl Pts',(-15.9709848783842,221.890400250001,21.1415966247525));
#1293=CARTESIAN_POINT('Ctrl Pts',(-16.0060790815224,221.714805387795,21.1481052927989));
#1294=CARTESIAN_POINT('Ctrl Pts',(-16.0395232186852,221.547466678506,21.1543079350425));
#1295=CARTESIAN_POINT('Ctrl Pts',(-16.0664391269862,221.378841665284,21.160510577286));
#1296=CARTESIAN_POINT('Ctrl Pts',(-16.0867489186466,221.20945104359,21.1667132195296));
#1297=CARTESIAN_POINT('Ctrl Pts',(-16.1080599435492,221.031709793579,21.1732216399765));
#1298=CARTESIAN_POINT('Ctrl Pts',(-16.1221039493854,220.853068113816,21.1797300604234));
#1299=CARTESIAN_POINT('Ctrl Pts',(-16.1288273804571,220.67413189703,21.1862384808703));
#1300=CARTESIAN_POINT('Ctrl Pts',(-16.1355495994233,220.495227939007,21.192745727974));
#1301=CARTESIAN_POINT('Ctrl Pts',(-16.1349538657106,220.316029859808,21.1992529750776));
#1302=CARTESIAN_POINT('Ctrl Pts',(-16.1270386821526,220.137145950915,21.2057602221813));
#1303=CARTESIAN_POINT('Ctrl Pts',(-16.1191231913485,219.958255098229,21.2122677218789));
#1304=CARTESIAN_POINT('Ctrl Pts',(-16.1038876923085,219.779678750371,21.2187752215764));
#1305=CARTESIAN_POINT('Ctrl Pts',(-16.0813827838882,219.602023345736,21.2252827212739));
#1306=CARTESIAN_POINT('Ctrl Pts',(-16.0588792991536,219.424379179781,21.2317898092997));
#1307=CARTESIAN_POINT('Ctrl Pts',(-16.0291073643761,219.24765614829,21.2382968973255));
#1308=CARTESIAN_POINT('Ctrl Pts',(-15.992169284705,219.072454014225,21.2448039853512));
#1309=CARTESIAN_POINT('Ctrl Pts',(-15.955222235902,218.897209338396,21.2513126533977));
#1310=CARTESIAN_POINT('Ctrl Pts',(-15.9111056272774,218.723486602133,21.2578213214442));
#1311=CARTESIAN_POINT('Ctrl Pts',(-15.8599727954535,218.551874853591,21.2643299894906));
#1312=CARTESIAN_POINT('Ctrl Pts',(-15.8112441369301,218.38833197918,21.2705326317337));
#1313=CARTESIAN_POINT('Ctrl Pts',(-15.7561439509047,218.226706391172,21.2767352739767));
#1314=CARTESIAN_POINT('Ctrl Pts',(-15.6948469991278,218.06749472686,21.2829379162198));
#1315=CARTESIAN_POINT('Ctrl Pts',(-15.6305282267967,217.900434237024,21.2894463366668));
#1316=CARTESIAN_POINT('Ctrl Pts',(-15.5593654988214,217.735977707823,21.2959547571137));
#1317=CARTESIAN_POINT('Ctrl Pts',(-15.4815949403778,217.574685691768,21.3024631775607));
#1318=CARTESIAN_POINT('Ctrl Pts',(-15.4038384024723,217.413422753565,21.3089704246645));
#1319=CARTESIAN_POINT('Ctrl Pts',(-15.3194765460853,217.255323469332,21.3154776717683));
#1320=CARTESIAN_POINT('Ctrl Pts',(-15.2287926287379,217.100926156767,21.321984918872));
#1321=CARTESIAN_POINT('Ctrl Pts',(-15.1381051912846,216.946522850914,21.3284924185696));
#1322=CARTESIAN_POINT('Ctrl Pts',(-15.041095355859,216.795822073621,21.3349999182672));
#1323=CARTESIAN_POINT('Ctrl Pts',(-14.9380915562974,216.649336132398,21.3415074179649));
#1324=CARTESIAN_POINT('Ctrl Pts',(-14.8350942728721,216.502859458041,21.3480145059907));
#1325=CARTESIAN_POINT('Ctrl Pts',(-14.7261039626575,216.360597339963,21.3545215940166));
#1326=CARTESIAN_POINT('Ctrl Pts',(-14.6114916352916,216.223031995754,21.3610286820425));
#1327=CARTESIAN_POINT('Ctrl Pts',(-14.4968514782962,216.085433248571,21.367537350089));
#1328=CARTESIAN_POINT('Ctrl Pts',(-14.3765867735346,215.952533793941,21.3740460181356));
#1329=CARTESIAN_POINT('Ctrl Pts',(-14.2511086202641,215.824782505178,21.3805546861821));
#1330=CARTESIAN_POINT('Ctrl Pts',(-14.131530222897,215.70303785104,21.3867573284247));
#1331=CARTESIAN_POINT('Ctrl Pts',(-14.007217548415,215.585968554647,21.3929599706674));
#1332=CARTESIAN_POINT('Ctrl Pts',(-13.8785573987871,215.473931791735,21.39916261291));
#1333=CARTESIAN_POINT('Ctrl Pts',(-13.7435545539198,215.35637183423,21.4056710333562));
#1334=CARTESIAN_POINT('Ctrl Pts',(-13.6037211437779,215.244315146567,21.4121794538024));
#1335=CARTESIAN_POINT('Ctrl Pts',(-13.4595281061087,215.138146685694,21.4186878742485));
#1336=CARTESIAN_POINT('Ctrl Pts',(-13.3153610636748,215.031997364956,21.4251951213515));
#1337=CARTESIAN_POINT('Ctrl Pts',(-13.1668362118925,214.931734336459,21.4317023684545));
#1338=CARTESIAN_POINT('Ctrl Pts',(-13.0144557425449,214.837700855472,21.4382096155575));
#1339=CARTESIAN_POINT('Ctrl Pts',(-12.8620693581972,214.743663724358,21.4447171152543));
#1340=CARTESIAN_POINT('Ctrl Pts',(-12.7058273189625,214.655856790611,21.4512246149511));
#1341=CARTESIAN_POINT('Ctrl Pts',(-12.5462595756325,214.574579186186,21.457732114648));
#1342=CARTESIAN_POINT('Ctrl Pts',(-12.3867019267372,214.493306723475,21.464239202673));
#1343=CARTESIAN_POINT('Ctrl Pts',(-12.2238192712919,214.418562904278,21.4707462906981));
#1344=CARTESIAN_POINT('Ctrl Pts',(-12.0581651120773,214.350600348124,21.4772533787232));
#1345=CARTESIAN_POINT('Ctrl Pts',(-11.8924707294939,214.282621289619,21.483762046769));
#1346=CARTESIAN_POINT('Ctrl Pts',(-11.7240037848776,214.221426904122,21.4902707148148));
#1347=CARTESIAN_POINT('Ctrl Pts',(-11.5533376131676,214.16722158561,21.4967793828606));
#1348=CARTESIAN_POINT('Ctrl Pts',(-11.390695856167,214.115564903134,21.5029820251071));
#1349=CARTESIAN_POINT('Ctrl Pts',(-11.2260571743146,214.070255238941,21.5091846673536));
#1350=CARTESIAN_POINT('Ctrl Pts',(-11.0599305287965,214.031427310443,21.5153873096001));
#1351=CARTESIAN_POINT('Ctrl Pts',(-10.8856159387133,213.990685655672,21.5218956637372));
#1352=CARTESIAN_POINT('Ctrl Pts',(-10.70960668459,213.957067642328,21.5284040178742));
#1353=CARTESIAN_POINT('Ctrl Pts',(-10.5324990668702,213.930693176118,21.5349123720113));
#1354=CARTESIAN_POINT('Ctrl Pts',(-10.3554104856796,213.904321544785,21.5414200265936));
#1355=CARTESIAN_POINT('Ctrl Pts',(-10.1772240828402,213.885191955317,21.547927681176));
#1356=CARTESIAN_POINT('Ctrl Pts',(-9.99854440398449,213.873372850241,21.5544353357583));
#1357=CARTESIAN_POINT('Ctrl Pts',(-9.81988793815879,213.861555280635,21.5609421449038));
#1358=CARTESIAN_POINT('Ctrl Pts',(-9.6407386338316,213.857046318932,21.5674489540493));
#1359=CARTESIAN_POINT('Ctrl Pts',(-9.46170462070395,213.859862407173,21.5739557631948));
#1360=CARTESIAN_POINT('Ctrl Pts',(-9.28265581833371,213.862678728038,21.5804631098403));
#1361=CARTESIAN_POINT('Ctrl Pts',(-9.10372263647445,213.872821304833,21.5869704564857));
#1362=CARTESIAN_POINT('Ctrl Pts',(-8.9255125263733,213.890254455441,21.5934778031312));
#1363=CARTESIAN_POINT('Ctrl Pts',(-8.80542267653288,213.902002074235,21.5978628870138));
#1364=CARTESIAN_POINT('Ctrl Pts',(-8.6856611493707,213.917059235126,21.6022479708963));
#1365=CARTESIAN_POINT('Ctrl Pts',(-8.56641253948309,213.935401728983,21.6066330547789));
#1366=CARTESIAN_POINT('Ctrl Pts',(-3.56440038396886,217.755940843118,20.3449344831036));
#1367=CARTESIAN_POINT('Ctrl Pts',(-3.72217954016058,217.401551906918,20.3309552758584));
#1368=CARTESIAN_POINT('Ctrl Pts',(-3.91104354622654,217.061835574471,20.3172122659413));
#1369=CARTESIAN_POINT('Ctrl Pts',(-4.33474296458688,216.437073442448,20.2899325464198));
#1370=CARTESIAN_POINT('Ctrl Pts',(-4.5657898581105,216.151171440253,20.276474609578));
#1371=CARTESIAN_POINT('Ctrl Pts',(-5.04249271025739,215.653046412835,20.2510248826881));
#1372=CARTESIAN_POINT('Ctrl Pts',(-5.282359907248,215.436759590529,20.2391467284508));
#1373=CARTESIAN_POINT('Ctrl Pts',(-5.83206781777541,215.010021252701,20.2140941743716));
#1374=CARTESIAN_POINT('Ctrl Pts',(-6.14596905659718,214.806637590061,20.2008553671631));
#1375=CARTESIAN_POINT('Ctrl Pts',(-6.83780609242649,214.437883427208,20.1725317917663));
#1376=CARTESIAN_POINT('Ctrl Pts',(-7.21747420341387,214.279149783409,20.1574408286186));
#1377=CARTESIAN_POINT('Ctrl Pts',(-7.84747441461473,214.082677668548,20.1330842235568));
#1378=CARTESIAN_POINT('Ctrl Pts',(-8.08952909221407,214.022060039919,20.1239103945435));
#1379=CARTESIAN_POINT('Ctrl Pts',(-8.41154930403893,213.96064402034,20.1120696123733));
#1380=CARTESIAN_POINT('Ctrl Pts',(-8.48888323888335,213.947327071521,20.1092480332231));
#1381=CARTESIAN_POINT('Ctrl Pts',(-8.56641267657191,213.935401707896,20.1064334266479));
#1382=CARTESIAN_POINT('',(-3.56436698136806,217.756015941159,20.0493620353935));
#1383=CARTESIAN_POINT('Ctrl Pts',(-8.56641252286323,213.935401731539,19.8107547916608));
#1384=CARTESIAN_POINT('Ctrl Pts',(-8.47658697404286,213.949218451139,19.8141030332035));
#1385=CARTESIAN_POINT('Ctrl Pts',(-8.38702512011895,213.964902971343,19.8174592556835));
#1386=CARTESIAN_POINT('Ctrl Pts',(-7.96200493834302,214.048470316293,19.8334590941798));
#1387=CARTESIAN_POINT('Ctrl Pts',(-7.63188604197693,214.140633375229,19.8460638143236));
#1388=CARTESIAN_POINT('Ctrl Pts',(-6.99360036182961,214.373890310902,19.870494510358));
#1389=CARTESIAN_POINT('Ctrl Pts',(-6.68614470250907,214.513916110237,19.8824620574143));
#1390=CARTESIAN_POINT('Ctrl Pts',(-6.03790412713544,214.871732692584,19.9091457231082));
#1391=CARTESIAN_POINT('Ctrl Pts',(-5.70368810177906,215.098596987727,19.9239094357223));
#1392=CARTESIAN_POINT('Ctrl Pts',(-5.12518200097061,215.57444171602,19.9515781296542));
#1393=CARTESIAN_POINT('Ctrl Pts',(-4.87575027990482,215.815005433155,19.9643180184114));
#1394=CARTESIAN_POINT('Ctrl Pts',(-4.43256239976724,216.31573072798,19.9883499505313));
#1395=CARTESIAN_POINT('Ctrl Pts',(-4.23679456436406,216.572790310296,19.9998037913944));
#1396=CARTESIAN_POINT('Ctrl Pts',(-3.87141595165064,217.133889916712,20.0239159674045));
#1397=CARTESIAN_POINT('Ctrl Pts',(-3.70544948442922,217.439118735266,20.036569482791));
#1398=CARTESIAN_POINT('Ctrl Pts',(-3.56436694397359,217.756015954205,20.0493619863969));
#1399=CARTESIAN_POINT('Ctrl Pts',(-3.564366954258,217.756015931105,20.0493619854644));
#1400=CARTESIAN_POINT('Ctrl Pts',(-3.42399997205587,218.071305871916,20.0620896065016));
#1401=CARTESIAN_POINT('Ctrl Pts',(-3.30869749791195,218.397175080915,20.0749031376178));
#1402=CARTESIAN_POINT('Ctrl Pts',(-3.1364999766944,219.041098583929,20.0990292565749));
#1403=CARTESIAN_POINT('Ctrl Pts',(-3.07636764319025,219.357278065577,20.1104272775376));
#1404=CARTESIAN_POINT('Ctrl Pts',(-2.9917190994504,220.092870773152,20.1369836871761));
#1405=CARTESIAN_POINT('Ctrl Pts',(-2.98376048116599,220.512772929801,20.1522083113005));
#1406=CARTESIAN_POINT('Ctrl Pts',(-3.03106446473163,221.128612540731,20.1749888214773));
#1407=CARTESIAN_POINT('Ctrl Pts',(-3.05525421734807,221.325877811382,20.182341521411));
#1408=CARTESIAN_POINT('Ctrl Pts',(-3.14806838762053,221.875231259636,20.2028466663363));
#1409=CARTESIAN_POINT('Ctrl Pts',(-3.23662821972675,222.223231830572,20.2156882500002));
#1410=CARTESIAN_POINT('Ctrl Pts',(-3.48414575128661,222.943470583998,20.2429184914726));
#1411=CARTESIAN_POINT('Ctrl Pts',(-3.64995684983691,223.311794701132,20.2573811167641));
#1412=CARTESIAN_POINT('Ctrl Pts',(-4.01462930597707,223.956185917962,20.2845063914786));
#1413=CARTESIAN_POINT('Ctrl Pts',(-4.20315161034636,224.236544632763,20.2970236961078));
#1414=CARTESIAN_POINT('Ctrl Pts',(-4.62461536314397,224.769637970439,20.3220051576142));
#1415=CARTESIAN_POINT('Ctrl Pts',(-4.85751149073806,225.021095653179,20.3342496703531));
#1416=CARTESIAN_POINT('Ctrl Pts',(-5.4050821878546,225.526717176957,20.3608980663854));
#1417=CARTESIAN_POINT('Ctrl Pts',(-5.72575796847155,225.772324649656,20.3753606921759));
#1418=CARTESIAN_POINT('Ctrl Pts',(-6.35244602017507,226.16664448678,20.4024859670985));
#1419=CARTESIAN_POINT('Ctrl Pts',(-6.65139187866571,226.324039010012,20.4150032714026));
#1420=CARTESIAN_POINT('Ctrl Pts',(-7.2752854245464,226.59344022371,20.4399847320627));
#1421=CARTESIAN_POINT('Ctrl Pts',(-7.59958753488194,226.704344254276,20.4522292443093));
#1422=CARTESIAN_POINT('Ctrl Pts',(-8.32146927719641,226.889745548612,20.4788776426468));
#1423=CARTESIAN_POINT('Ctrl Pts',(-8.72027363513029,226.953863681076,20.4933402712701));
#1424=CARTESIAN_POINT('Ctrl Pts',(-9.45901385992855,227.003753268408,20.5204655473734));
#1425=CARTESIAN_POINT('Ctrl Pts',(-9.79684691545333,227.000519847014,20.5329828498314));
#1426=CARTESIAN_POINT('Ctrl Pts',(-10.4738754023762,226.941762542038,20.5579643056546));
#1427=CARTESIAN_POINT('Ctrl Pts',(-10.8119794856105,226.885574144297,20.5702088150763));
#1428=CARTESIAN_POINT('Ctrl Pts',(-11.5354297526574,226.706389453364,20.596857226657));
#1429=CARTESIAN_POINT('Ctrl Pts',(-11.9169310700252,226.573674862352,20.611319871551));
#1430=CARTESIAN_POINT('Ctrl Pts',(-12.5909465329058,226.267195677162,20.6384451544365));
#1431=CARTESIAN_POINT('Ctrl Pts',(-12.8868247258841,226.10410818829,20.6509624462923));
#1432=CARTESIAN_POINT('Ctrl Pts',(-13.4549779564063,225.731253147559,20.6759438743746));
#1433=CARTESIAN_POINT('Ctrl Pts',(-13.725977048819,225.521418259354,20.6881883676085));
#1434=CARTESIAN_POINT('Ctrl Pts',(-14.2778789600524,225.020524172276,20.7148368550182));
#1435=CARTESIAN_POINT('Ctrl Pts',(-14.550786978412,224.722732746825,20.7292995930898));
#1436=CARTESIAN_POINT('Ctrl Pts',(-14.9987888110947,224.133222701686,20.7564249148172));
#1437=CARTESIAN_POINT('Ctrl Pts',(-15.1819091219565,223.849308501406,20.7689421459586));
#1438=CARTESIAN_POINT('Ctrl Pts',(-15.5052293001537,223.251581803732,20.7939234151534));
#1439=CARTESIAN_POINT('Ctrl Pts',(-15.6442740988953,222.93831529334,20.8061678156611));
#1440=CARTESIAN_POINT('Ctrl Pts',(-15.8925627932994,222.235562533251,20.8328167371655));
#1441=CARTESIAN_POINT('Ctrl Pts',(-15.99157223055,221.843940669469,20.847280008704));
#1442=CARTESIAN_POINT('Ctrl Pts',(-16.1063517867847,221.112461751688,20.8744055528446));
#1443=CARTESIAN_POINT('Ctrl Pts',(-16.1328939753869,220.775668842591,20.8869224364139));
#1444=CARTESIAN_POINT('Ctrl Pts',(-16.1340147440907,220.09612598684,20.9119027958082));
#1445=CARTESIAN_POINT('Ctrl Pts',(-16.1078363584803,219.754404464642,20.9241466652819));
#1446=CARTESIAN_POINT('Ctrl Pts',(-15.9930813828533,219.0178969564,20.9507980624471));
#1447=CARTESIAN_POINT('Ctrl Pts',(-15.8944642404124,218.626088458852,20.9652643786049));
#1448=CARTESIAN_POINT('Ctrl Pts',(-15.6485220759481,217.927665937655,20.9923911932469));
#1449=CARTESIAN_POINT('Ctrl Pts',(-15.5121561251272,217.618632041559,21.00490609431));
#1450=CARTESIAN_POINT('Ctrl Pts',(-15.1908830511084,217.019989700377,21.0298812573614));
#1451=CARTESIAN_POINT('Ctrl Pts',(-15.0058017289454,216.73164260105,21.0421220913157));
#1452=CARTESIAN_POINT('Ctrl Pts',(-14.5552210210059,216.137364708134,21.0687873168909));
#1453=CARTESIAN_POINT('Ctrl Pts',(-14.2822156774612,215.838880408336,21.0832707094809));
#1454=CARTESIAN_POINT('Ctrl Pts',(-13.7342026419343,215.340661767418,21.1104046856861));
#1455=CARTESIAN_POINT('Ctrl Pts',(-13.467784602556,215.133499827557,21.122908504048));
#1456=CARTESIAN_POINT('Ctrl Pts',(-12.9016442953918,214.759333368419,21.1478543941725));
#1457=CARTESIAN_POINT('Ctrl Pts',(-12.6023809146416,214.593494343939,21.1600780472947));
#1458=CARTESIAN_POINT('Ctrl Pts',(-11.9475289056733,214.29470764598,21.1858140888539));
#1459=CARTESIAN_POINT('Ctrl Pts',(-11.5905783599794,214.167739206821,21.1993738710055));
#1460=CARTESIAN_POINT('Ctrl Pts',(-10.8799876390107,213.982168770691,21.2262303803463));
#1461=CARTESIAN_POINT('Ctrl Pts',(-10.5285275447603,213.920343146166,21.2394472811927));
#1462=CARTESIAN_POINT('Ctrl Pts',(-9.95459543700939,213.866918871754,21.2606470150643));
#1463=CARTESIAN_POINT('Ctrl Pts',(-9.73450443685142,213.857547467828,21.2686346160857));
#1464=CARTESIAN_POINT('Ctrl Pts',(-9.19689296883385,213.861693672273,21.2879296254591));
#1465=CARTESIAN_POINT('Ctrl Pts',(-8.88008359071177,213.887153706704,21.299205733684));
#1466=CARTESIAN_POINT('Ctrl Pts',(-8.56641249601056,213.93540173567,21.3106446377989));
#1467=CARTESIAN_POINT('Origin',(-9.5650092758881,220.4275,13.299460232683));
#1468=CARTESIAN_POINT('',(-8.56644477621466,213.935612949337,23.1066316371468));
#1469=CARTESIAN_POINT('',(-8.56641251907856,213.935401732122,22.8111193571925));
#1470=CARTESIAN_POINT('',(-8.56641253948311,213.935401728983,13.299460232683));
#1471=CARTESIAN_POINT('',(-3.5643775898971,217.75599204164,21.8452010400181));
#1472=CARTESIAN_POINT('Ctrl Pts',(-3.56416861600915,217.755899031629,21.8452010408846));
#1473=CARTESIAN_POINT('Ctrl Pts',(-3.49367726204123,217.913837005602,21.8514878271466));
#1474=CARTESIAN_POINT('Ctrl Pts',(-3.03370142066733,219.064948353895,21.896516178972));
#1475=CARTESIAN_POINT('Ctrl Pts',(-2.80504219648456,221.428186175492,21.9802860963608));
#1476=CARTESIAN_POINT('Ctrl Pts',(-4.05860463643601,224.474478584985,22.0965107930509));
#1477=CARTESIAN_POINT('Ctrl Pts',(-6.5916878842657,226.580376372473,22.2127354897411));
#1478=CARTESIAN_POINT('Ctrl Pts',(-9.81568051540194,227.256532994026,22.3289601864313));
#1479=CARTESIAN_POINT('Ctrl Pts',(-12.9814247673003,226.345830248444,22.4451848831214));
#1480=CARTESIAN_POINT('Ctrl Pts',(-15.3532980932185,224.059887699582,22.5614095798116));
#1481=CARTESIAN_POINT('Ctrl Pts',(-16.3801492390522,220.929888872735,22.6776342765017));
#1482=CARTESIAN_POINT('Ctrl Pts',(-15.8233694721233,217.683150066482,22.7938589731919));
#1483=CARTESIAN_POINT('Ctrl Pts',(-13.8123369923987,215.074114855829,22.9100836698821));
#1484=CARTESIAN_POINT('Ctrl Pts',(-11.1230444095932,213.84959831998,23.0143412245337));
#1485=CARTESIAN_POINT('Ctrl Pts',(-9.29470533235739,213.824217379214,23.079857213622));
#1486=CARTESIAN_POINT('Ctrl Pts',(-8.56644477621466,213.935612949337,23.1066316371468));
#1487=CARTESIAN_POINT('Ctrl Pts',(-8.56641253948309,213.935401728983,21.6066330547789));
#1488=CARTESIAN_POINT('Ctrl Pts',(-8.3894230442971,213.962625767328,21.6131414223268));
#1489=CARTESIAN_POINT('Ctrl Pts',(-8.21356402764859,213.997089262171,21.6196497898747));
#1490=CARTESIAN_POINT('Ctrl Pts',(-8.03943146533779,214.038670080018,21.6261581574226));
#1491=CARTESIAN_POINT('Ctrl Pts',(-7.9907918911896,214.050284641051,21.6279761070452));
#1492=CARTESIAN_POINT('Ctrl Pts',(-7.94228695252796,214.062454207622,21.6297940566677));
#1493=CARTESIAN_POINT('Ctrl Pts',(-7.89392946841015,214.075175411352,21.6316120062903));
#1494=CARTESIAN_POINT('Ctrl Pts',(-7.7208053981574,214.120718445867,21.6381204267326));
#1495=CARTESIAN_POINT('Ctrl Pts',(-7.54951629235842,214.173350432713,21.644628847175));
#1496=CARTESIAN_POINT('Ctrl Pts',(-7.38064528439244,214.232898369939,21.6511372676173));
#1497=CARTESIAN_POINT('Ctrl Pts',(-7.2118047206266,214.292435571815,21.6576445147165));
#1498=CARTESIAN_POINT('Ctrl Pts',(-7.045381677182,214.358886132791,21.6641517618156));
#1499=CARTESIAN_POINT('Ctrl Pts',(-6.88194237461298,214.432027757901,21.6706590089147));
#1500=CARTESIAN_POINT('Ctrl Pts',(-6.71849672776852,214.505172222173,21.6771665086077));
#1501=CARTESIAN_POINT('Ctrl Pts',(-6.55803533822124,214.585008146831,21.6836740083007));
#1502=CARTESIAN_POINT('Ctrl Pts',(-6.40110354599101,214.671265472566,21.6901815079937));
#1503=CARTESIAN_POINT('Ctrl Pts',(-6.24418168144193,214.757517341566,21.696688596015));
#1504=CARTESIAN_POINT('Ctrl Pts',(-6.0907892392744,214.850189649198,21.7031956840362));
#1505=CARTESIAN_POINT('Ctrl Pts',(-5.94144633783544,214.948966707551,21.7097027720575));
#1506=CARTESIAN_POINT('Ctrl Pts',(-5.79206717364938,215.047767750489,21.7162114400996));
#1507=CARTESIAN_POINT('Ctrl Pts',(-5.6467397750841,215.152676336573,21.7227201081416));
#1508=CARTESIAN_POINT('Ctrl Pts',(-5.50595553062097,215.263333262226,21.7292287761837));
#1509=CARTESIAN_POINT('Ctrl Pts',(-5.37179070620613,215.368787299765,21.7354314184493));
#1510=CARTESIAN_POINT('Ctrl Pts',(-5.24175183262221,215.479461383305,21.7416340607148));
#1511=CARTESIAN_POINT('Ctrl Pts',(-5.11623648382192,215.595010367619,21.7478367029804));
#1512=CARTESIAN_POINT('Ctrl Pts',(-4.985039041467,215.715790267078,21.7543201395391));
#1513=CARTESIAN_POINT('Ctrl Pts',(-4.85873866444235,215.841938709607,21.7608035760978));
#1514=CARTESIAN_POINT('Ctrl Pts',(-4.73776719612821,215.973033779913,21.7672870126565));
#1515=CARTESIAN_POINT('Ctrl Pts',(-4.61662035516313,216.104318899082,21.77377984827));
#1516=CARTESIAN_POINT('Ctrl Pts',(-4.50081811444833,216.240564780003,21.7802726838834));
#1517=CARTESIAN_POINT('Ctrl Pts',(-4.39075627042517,216.381311517248,21.7867655194969));
#1518=CARTESIAN_POINT('Ctrl Pts',(-4.28087732374446,216.52182436595,21.7932475655185));
#1519=CARTESIAN_POINT('Ctrl Pts',(-4.17671989706322,216.666822868973,21.7997296115401));
#1520=CARTESIAN_POINT('Ctrl Pts',(-4.07863695587423,216.815816989451,21.8062116575616));
#1521=CARTESIAN_POINT('Ctrl Pts',(-3.98030912096595,216.965183118802,21.812709887971));
#1522=CARTESIAN_POINT('Ctrl Pts',(-3.88808633511593,217.118564588947,21.8192081183804));
#1523=CARTESIAN_POINT('Ctrl Pts',(-3.80228023173682,217.275438870168,21.8257063487898));
#1524=CARTESIAN_POINT('Ctrl Pts',(-3.71647412835771,217.43231315139,21.8322045791993));
#1525=CARTESIAN_POINT('Ctrl Pts',(-3.63708485560123,217.592679961277,21.8387028096087));
#1526=CARTESIAN_POINT('Ctrl Pts',(-3.5643775898971,217.75599204164,21.8452010400181));
#1527=CARTESIAN_POINT('Ctrl Pts',(-8.56641249601055,213.93540173567,21.3106446377989));
#1528=CARTESIAN_POINT('Ctrl Pts',(-8.52525305869076,213.941732767625,21.3121456331564));
#1529=CARTESIAN_POINT('Ctrl Pts',(-8.48414764320617,213.948456172611,21.3136490352153));
#1530=CARTESIAN_POINT('Ctrl Pts',(-8.04051737340022,214.025359384233,21.3299269836222));
#1531=CARTESIAN_POINT('Ctrl Pts',(-7.64532845082853,214.132558152772,21.3449640143666));
#1532=CARTESIAN_POINT('Ctrl Pts',(-7.02633802186128,214.364220103762,21.3693733937307));
#1533=CARTESIAN_POINT('Ctrl Pts',(-6.79528681862571,214.466219987345,21.3786578748512));
#1534=CARTESIAN_POINT('Ctrl Pts',(-6.22867552257323,214.756428035527,21.4016337167605));
#1535=CARTESIAN_POINT('Ctrl Pts',(-5.90270642103213,214.961265201595,21.4152242589311));
#1536=CARTESIAN_POINT('Ctrl Pts',(-5.27588871887165,215.436520281897,21.4435853853044));
#1537=CARTESIAN_POINT('Ctrl Pts',(-4.9782839409249,215.708562417615,21.4583321369296));
#1538=CARTESIAN_POINT('Ctrl Pts',(-4.48493440540704,216.250580834524,21.4854059381812));
#1539=CARTESIAN_POINT('Ctrl Pts',(-4.28118228032884,216.511507103564,21.4975815039144));
#1540=CARTESIAN_POINT('Ctrl Pts',(-3.89317423196355,217.09413997241,21.522759024059));
#1541=CARTESIAN_POINT('Ctrl Pts',(-3.71471489064406,217.418337392917,21.5358494248267));
#1542=CARTESIAN_POINT('Ctrl Pts',(-3.41098041158804,218.1005191015,21.5628110205319));
#1543=CARTESIAN_POINT('Ctrl Pts',(-3.28749476648131,218.45780136923,21.576648290593));
#1544=CARTESIAN_POINT('Ctrl Pts',(-3.1120162396283,219.154728661805,21.6031948020374));
#1545=CARTESIAN_POINT('Ctrl Pts',(-3.05459565490678,219.491767565084,21.6157679472523));
#1546=CARTESIAN_POINT('Ctrl Pts',(-2.99308210739199,220.16718818016,21.6401502830618));
#1547=CARTESIAN_POINT('Ctrl Pts',(-2.9883791088815,220.504481723805,21.6520997703637));
#1548=CARTESIAN_POINT('Ctrl Pts',(-3.03497040416168,221.243752534018,21.6787929500338));
#1549=CARTESIAN_POINT('Ctrl Pts',(-3.09750256739933,221.643649737566,21.6935859780652));
#1550=CARTESIAN_POINT('Ctrl Pts',(-3.28008839699931,222.366909689754,21.7211396907295));
#1551=CARTESIAN_POINT('Ctrl Pts',(-3.38959612062809,222.691529047768,21.7337388201495));
#1552=CARTESIAN_POINT('Ctrl Pts',(-3.65628806834959,223.316320811232,21.7581609037031));
#1553=CARTESIAN_POINT('Ctrl Pts',(-3.81237686131413,223.615837164349,21.7701252039574));
#1554=CARTESIAN_POINT('Ctrl Pts',(-4.20407771649984,224.244246134498,21.7968105585949));
#1555=CARTESIAN_POINT('Ctrl Pts',(-4.44843681847167,224.566076075575,21.8115795194624));
#1556=CARTESIAN_POINT('Ctrl Pts',(-4.95184277510129,225.115817347278,21.8391131572495));
#1557=CARTESIAN_POINT('Ctrl Pts',(-5.20230846054504,225.349743501631,21.8517168985767));
#1558=CARTESIAN_POINT('Ctrl Pts',(-5.73360359908224,225.773400645336,21.8761460851326));
#1559=CARTESIAN_POINT('Ctrl Pts',(-6.01315207762804,225.963079029813,21.8881130621469));
#1560=CARTESIAN_POINT('Ctrl Pts',(-6.65603304634676,226.330456797,21.9147970236711));
#1561=CARTESIAN_POINT('Ctrl Pts',(-7.02369918705625,226.497818945543,21.9295616570046));
#1562=CARTESIAN_POINT('Ctrl Pts',(-7.7275326130488,226.742982483472,21.9570916635878));
#1563=CARTESIAN_POINT('Ctrl Pts',(-8.05900731333201,226.8301254269,21.9696962127739));
#1564=CARTESIAN_POINT('Ctrl Pts',(-8.72771803433792,226.951093759999,21.9941266452453));
#1565=CARTESIAN_POINT('Ctrl Pts',(-9.0638010039909,226.985481703144,22.0060940928163));
#1566=CARTESIAN_POINT('Ctrl Pts',(-9.80400995909011,227.003965871894,22.0327778101602));
#1567=CARTESIAN_POINT('Ctrl Pts',(-10.2070477603034,226.976912087675,22.0475416834825));
#1568=CARTESIAN_POINT('Ctrl Pts',(-10.942938332996,226.858903702029,22.0750710515117));
#1569=CARTESIAN_POINT('Ctrl Pts',(-11.2760902578085,226.778394324539,22.0876757417495));
#1570=CARTESIAN_POINT('Ctrl Pts',(-11.9221747810092,226.567703947549,22.1121063915488));
#1571=CARTESIAN_POINT('Ctrl Pts',(-12.234359164234,226.438565337485,22.1240739210752));
#1572=CARTESIAN_POINT('Ctrl Pts',(-12.8947696274408,226.103741514943,22.1507575957941));
#1573=CARTESIAN_POINT('Ctrl Pts',(-13.2367495123097,225.888757436728,22.1655213366474));
#1574=CARTESIAN_POINT('Ctrl Pts',(-13.828616499134,225.43582266959,22.193050593511));
#1575=CARTESIAN_POINT('Ctrl Pts',(-14.0837208831899,225.206924935095,22.2056553084643));
#1576=CARTESIAN_POINT('Ctrl Pts',(-14.5525689430352,224.714991408478,22.2300859963712));
#1577=CARTESIAN_POINT('Ctrl Pts',(-14.7661483781519,224.453228211382,22.2420535402837));
#1578=CARTESIAN_POINT('Ctrl Pts',(-15.1887283225446,223.845219313211,22.2687372076869));
#1579=CARTESIAN_POINT('Ctrl Pts',(-15.3878194872296,223.493750133571,22.2835009254593));
#1580=CARTESIAN_POINT('Ctrl Pts',(-15.6940347081742,222.814273941548,22.3110301630578));
#1581=CARTESIAN_POINT('Ctrl Pts',(-15.8100456876087,222.491761998218,22.323634882415));
#1582=CARTESIAN_POINT('Ctrl Pts',(-15.9894632378588,221.836302814863,22.3480655782149));
#1583=CARTESIAN_POINT('Ctrl Pts',(-16.0533288387823,221.504553811236,22.3600331257722));
#1584=CARTESIAN_POINT('Ctrl Pts',(-16.1369571474612,220.768853570509,22.38671679123));
#1585=CARTESIAN_POINT('Ctrl Pts',(-16.1455185845192,220.365004039223,22.4014805030597));
#1586=CARTESIAN_POINT('Ctrl Pts',(-16.092806622519,219.621581642751,22.4290097345515));
#1587=CARTESIAN_POINT('Ctrl Pts',(-16.0419632396185,219.28263112878,22.4416144539379));
#1588=CARTESIAN_POINT('Ctrl Pts',(-15.8890164099352,218.620494805612,22.4660451456337));
#1589=CARTESIAN_POINT('Ctrl Pts',(-15.7878854359691,218.298146135043,22.4780126891417));
#1590=CARTESIAN_POINT('Ctrl Pts',(-15.5125503529144,217.610803999439,22.5046963562077));
#1591=CARTESIAN_POINT('Ctrl Pts',(-15.328533374289,217.251213078302,22.5194600740673));
#1592=CARTESIAN_POINT('Ctrl Pts',(-14.9295078741619,216.621741542972,22.5469893143005));
#1593=CARTESIAN_POINT('Ctrl Pts',(-14.723976653956,216.347461639948,22.5595940361221));
#1594=CARTESIAN_POINT('Ctrl Pts',(-14.275264621315,215.837093829494,22.5840247422708));
#1595=CARTESIAN_POINT('Ctrl Pts',(-14.0333369700272,215.601281663765,22.5959922976794));
#1596=CARTESIAN_POINT('Ctrl Pts',(-13.4649248219259,215.12677556142,22.6226759607245));
#1597=CARTESIAN_POINT('Ctrl Pts',(-13.132364167226,214.897492103208,22.6374396615925));
#1598=CARTESIAN_POINT('Ctrl Pts',(-12.4825105964452,214.532601477923,22.6649688787291));
#1599=CARTESIAN_POINT('Ctrl Pts',(-12.1714743394182,214.388626164841,22.6775735951568));
#1600=CARTESIAN_POINT('Ctrl Pts',(-11.5343726563734,214.152156053282,22.702004271634));
#1601=CARTESIAN_POINT('Ctrl Pts',(-11.2095412681749,214.059309528426,22.7139718029805));
#1602=CARTESIAN_POINT('Ctrl Pts',(-10.4840702626317,213.911185974383,22.7406554725911));
#1603=CARTESIAN_POINT('Ctrl Pts',(-10.0825450090323,213.867075794052,22.7554192061965));
#1604=CARTESIAN_POINT('Ctrl Pts',(-9.33736867791312,213.854082130686,22.782948467206));
#1605=CARTESIAN_POINT('Ctrl Pts',(-8.99525649347223,213.874863944432,22.7955531934518));
#1606=CARTESIAN_POINT('Ctrl Pts',(-8.62631457548049,213.926399684012,22.8089454838006));
#1607=CARTESIAN_POINT('Ctrl Pts',(-8.59634599327152,213.930797447187,22.8100329974778));
#1608=CARTESIAN_POINT('Ctrl Pts',(-8.56641251907856,213.935401732122,22.8111193571925));
#1609=CARTESIAN_POINT('Origin',(-9.5650092758881,220.4275,13.0723306367838));
#1610=CARTESIAN_POINT('',(-2.32706014497643,222.08361514646,18.2085068946934));
#1611=CARTESIAN_POINT('',(-2.32706014064267,222.08361512752,17.9937352134487));
#1612=CARTESIAN_POINT('',(-2.32706014352378,222.083615140112,13.0723306367838));
#1613=CARTESIAN_POINT('',(-4.77016637793249,226.096724513451,16.8624574521386));
#1614=CARTESIAN_POINT('Ctrl Pts',(-2.32706014642907,222.083615152809,18.2085068946934));
#1615=CARTESIAN_POINT('Ctrl Pts',(-2.32210396509998,222.061954467998,18.2078041343395));
#1616=CARTESIAN_POINT('Ctrl Pts',(-2.31724458509797,222.040269642134,18.20710161939));
#1617=CARTESIAN_POINT('Ctrl Pts',(-2.22196482041621,221.605956353662,18.1930501637203));
#1618=CARTESIAN_POINT('Ctrl Pts',(-2.16682389075098,221.186390263925,18.1798113310898));
#1619=CARTESIAN_POINT('Ctrl Pts',(-2.13514968788479,220.489052292784,18.1571372059926));
#1620=CARTESIAN_POINT('Ctrl Pts',(-2.13798540735707,220.213214266251,18.148079171135));
#1621=CARTESIAN_POINT('Ctrl Pts',(-2.18335179057499,219.526323777665,18.1255785336987));
#1622=CARTESIAN_POINT('Ctrl Pts',(-2.24484727560812,219.117452392193,18.1122641781551));
#1623=CARTESIAN_POINT('Ctrl Pts',(-2.43398169550412,218.319120246695,18.086193710584));
#1624=CARTESIAN_POINT('Ctrl Pts',(-2.56047142451016,217.930849697939,18.0734714500374));
#1625=CARTESIAN_POINT('Ctrl Pts',(-2.84170597686665,217.260521592296,18.0502473157883));
#1626=CARTESIAN_POINT('Ctrl Pts',(-2.98408286091855,216.974391698552,18.0397930261513));
#1627=CARTESIAN_POINT('Ctrl Pts',(-3.38038157103749,216.292078104069,18.0139540708523));
#1628=CARTESIAN_POINT('Ctrl Pts',(-3.65436371795859,215.909135347337,17.9987082185219));
#1629=CARTESIAN_POINT('Ctrl Pts',(-4.22423142005133,215.253958042351,17.9710662267574));
#1630=CARTESIAN_POINT('Ctrl Pts',(-4.50955324267303,214.974812119247,17.958613255716));
#1631=CARTESIAN_POINT('Ctrl Pts',(-5.05545465682575,214.520583234732,17.9360143917689));
#1632=CARTESIAN_POINT('Ctrl Pts',(-5.30732220627134,214.336536301069,17.925867890668));
#1633=CARTESIAN_POINT('Ctrl Pts',(-5.99118714104723,213.900011854493,17.8993047605327));
#1634=CARTESIAN_POINT('Ctrl Pts',(-6.43845003491997,213.674356084373,17.8830348345053));
#1635=CARTESIAN_POINT('Ctrl Pts',(-7.2655013047947,213.356997927809,17.8548078274597));
#1636=CARTESIAN_POINT('Ctrl Pts',(-7.63626012400779,213.24699436418,17.8427254172694));
#1637=CARTESIAN_POINT('Ctrl Pts',(-8.27365458943152,213.110835015188,17.8220334042943));
#1638=CARTESIAN_POINT('Ctrl Pts',(-8.53620547228076,213.069324915448,17.8134607260683));
#1639=CARTESIAN_POINT('Ctrl Pts',(-9.05955471374562,213.015144384242,17.7962745570342));
#1640=CARTESIAN_POINT('Ctrl Pts',(-9.31993191027916,213.001973893195,17.787720535042));
#1641=CARTESIAN_POINT('Ctrl Pts',(-9.97395545515586,213.003334975478,17.7664024132067));
#1642=CARTESIAN_POINT('Ctrl Pts',(-10.3667664542497,213.035432799526,17.7537751394619));
#1643=CARTESIAN_POINT('Ctrl Pts',(-11.1277619541694,213.159012958934,17.7293354539525));
#1644=CARTESIAN_POINT('Ctrl Pts',(-11.4951790296413,213.247838538925,17.7175398519527));
#1645=CARTESIAN_POINT('Ctrl Pts',(-12.1327918203874,213.454490744461,17.6960971417852));
#1646=CARTESIAN_POINT('Ctrl Pts',(-12.4057512231434,213.561165988057,17.6865155419699));
#1647=CARTESIAN_POINT('Ctrl Pts',(-13.0987772289861,213.880422704259,17.6615279581603));
#1648=CARTESIAN_POINT('Ctrl Pts',(-13.5062176397907,214.117299552932,17.6462433480277));
#1649=CARTESIAN_POINT('Ctrl Pts',(-14.2017198752555,214.615446971552,17.6189814130416));
#1650=CARTESIAN_POINT('Ctrl Pts',(-14.4969876789751,214.863811228451,17.6069257805237));
#1651=CARTESIAN_POINT('Ctrl Pts',(-14.9618189363419,215.321011604633,17.5862300541356));
#1652=CARTESIAN_POINT('Ctrl Pts',(-15.1417680109901,215.518168610312,17.5776236755778));
#1653=CARTESIAN_POINT('Ctrl Pts',(-15.4742339690437,215.924352536848,17.5604790324062));
#1654=CARTESIAN_POINT('Ctrl Pts',(-15.62722275611,216.132521303583,17.5520027033277));
#1655=CARTESIAN_POINT('Ctrl Pts',(-15.9863249253457,216.678670403555,17.5306937013481));
#1656=CARTESIAN_POINT('Ctrl Pts',(-16.1768484278135,217.025940067463,17.5180004072504));
#1657=CARTESIAN_POINT('Ctrl Pts',(-16.4935882050772,217.731528825997,17.4934811769796));
#1658=CARTESIAN_POINT('Ctrl Pts',(-16.6218142739163,218.087635907835,17.4816706771408));
#1659=CARTESIAN_POINT('Ctrl Pts',(-16.7995812384531,218.731680291338,17.4602985049771));
#1660=CARTESIAN_POINT('Ctrl Pts',(-16.8603244779048,219.015691075553,17.4508053666314));
#1661=CARTESIAN_POINT('Ctrl Pts',(-16.9753347035247,219.766008171184,17.425947174219));
#1662=CARTESIAN_POINT('Ctrl Pts',(-17.0023158506633,220.235195208752,17.4106992737412));
#1663=CARTESIAN_POINT('Ctrl Pts',(-16.9706701425142,221.085052036686,17.3835891739532));
#1664=CARTESIAN_POINT('Ctrl Pts',(-16.9271084364594,221.464650946495,17.3716448955252));
#1665=CARTESIAN_POINT('Ctrl Pts',(-16.8081246943073,222.079037226353,17.3517936759725));
#1666=CARTESIAN_POINT('Ctrl Pts',(-16.749875192425,222.316413577487,17.3439410962955));
#1667=CARTESIAN_POINT('Ctrl Pts',(-16.5827007613452,222.876685830675,17.3248799372984));
#1668=CARTESIAN_POINT('Ctrl Pts',(-16.4630511936464,223.195807291556,17.313684262589));
#1669=CARTESIAN_POINT('Ctrl Pts',(-16.140235979446,223.904439747228,17.2883753558592));
#1670=CARTESIAN_POINT('Ctrl Pts',(-15.9235834627549,224.286419556004,17.2744243677764));
#1671=CARTESIAN_POINT('Ctrl Pts',(-15.4517842830699,224.969537182123,17.2482037003139));
#1672=CARTESIAN_POINT('Ctrl Pts',(-15.2038871825958,225.27386747277,17.2359016921879));
#1673=CARTESIAN_POINT('Ctrl Pts',(-14.7542809474064,225.744369116809,17.2147835387583));
#1674=CARTESIAN_POINT('Ctrl Pts',(-14.5657718857908,225.922043695332,17.2062825605152));
#1675=CARTESIAN_POINT('Ctrl Pts',(-14.063090853326,226.348492747106,17.1847173119976));
#1676=CARTESIAN_POINT('Ctrl Pts',(-13.7373614529065,226.582366379407,17.1717601227396));
#1677=CARTESIAN_POINT('Ctrl Pts',(-13.0618277705983,226.989019514935,17.1466397446557));
#1678=CARTESIAN_POINT('Ctrl Pts',(-12.7141078543828,227.162813937265,17.1344977851769));
#1679=CARTESIAN_POINT('Ctrl Pts',(-12.1102164976681,227.407612408186,17.1138031477379));
#1680=CARTESIAN_POINT('Ctrl Pts',(-11.8609430534801,227.493526568406,17.1052943283599));
#1681=CARTESIAN_POINT('Ctrl Pts',(-11.3511873066932,227.639389030663,17.0879733038455));
#1682=CARTESIAN_POINT('Ctrl Pts',(-11.0909698123511,227.698897440246,17.0792152586814));
#1683=CARTESIAN_POINT('Ctrl Pts',(-10.4231955025473,227.814176393877,17.05713736363));
#1684=CARTESIAN_POINT('Ctrl Pts',(-10.0131666449614,227.850345565265,17.0439773245414));
#1685=CARTESIAN_POINT('Ctrl Pts',(-9.09282548864075,227.854961737221,17.0148398347408));
#1686=CARTESIAN_POINT('Ctrl Pts',(-8.58450135314707,227.805084241931,16.9989139672253));
#1687=CARTESIAN_POINT('Ctrl Pts',(-7.74565003476578,227.634488451042,16.9710123388683));
#1688=CARTESIAN_POINT('Ctrl Pts',(-7.41126306797327,227.54172030827,16.9596116568641));
#1689=CARTESIAN_POINT('Ctrl Pts',(-6.66537949076576,227.277359525314,16.9338973713439));
#1690=CARTESIAN_POINT('Ctrl Pts',(-6.26037268929582,227.091418900882,16.9197524030822));
#1691=CARTESIAN_POINT('Ctrl Pts',(-5.61828607476952,226.723621555755,16.8963869672816));
#1692=CARTESIAN_POINT('Ctrl Pts',(-5.37111141586429,226.561747110543,16.8871129336033));
#1693=CARTESIAN_POINT('Ctrl Pts',(-5.00989087148352,226.293122974372,16.8726720866765));
#1694=CARTESIAN_POINT('Ctrl Pts',(-4.8884750215089,226.19678613307,16.8676408735317));
#1695=CARTESIAN_POINT('Ctrl Pts',(-4.7701642719937,226.096722732318,16.8625842674934));
#1696=CARTESIAN_POINT('',(-11.0325691248945,227.706022727146,16.8623306367838));
#1697=CARTESIAN_POINT('Origin',(-9.5650092758881,220.4275,16.8623306367838));
#1698=CARTESIAN_POINT('Ctrl Pts',(-11.0325691248945,227.706022727146,16.8623306367838));
#1699=CARTESIAN_POINT('Ctrl Pts',(-11.3664520015378,227.638702321289,16.873107117976));
#1700=CARTESIAN_POINT('Ctrl Pts',(-11.6952932200652,227.548491477193,16.8837865095595));
#1701=CARTESIAN_POINT('Ctrl Pts',(-12.4058689282491,227.299912674198,16.9079636488564));
#1702=CARTESIAN_POINT('Ctrl Pts',(-12.78294197922,227.131636453634,16.9215596311809));
#1703=CARTESIAN_POINT('Ctrl Pts',(-13.5102233319119,226.731509484253,16.9486085300468));
#1704=CARTESIAN_POINT('Ctrl Pts',(-13.8586973105211,226.499526218286,16.9620033633715));
#1705=CARTESIAN_POINT('Ctrl Pts',(-14.4197451235622,226.053465383991,16.9847131071428));
#1706=CARTESIAN_POINT('Ctrl Pts',(-14.6422405033614,225.853517685693,16.9940969375049));
#1707=CARTESIAN_POINT('Ctrl Pts',(-15.105466670646,225.383728504135,17.0150964352589));
#1708=CARTESIAN_POINT('Ctrl Pts',(-15.3397760486754,225.108624173946,17.0268854767492));
#1709=CARTESIAN_POINT('Ctrl Pts',(-15.8095129415885,224.467896729905,17.0528787810246));
#1710=CARTESIAN_POINT('Ctrl Pts',(-16.0347613854788,224.096416934114,17.0669504055027));
#1711=CARTESIAN_POINT('Ctrl Pts',(-16.3707824332871,223.413977897785,17.0912112881226));
#1712=CARTESIAN_POINT('Ctrl Pts',(-16.4957148233745,223.111325546006,17.1014943929102));
#1713=CARTESIAN_POINT('Ctrl Pts',(-16.6889188509594,222.538753021359,17.1206190718923));
#1714=CARTESIAN_POINT('Ctrl Pts',(-16.7627700727123,222.271331334969,17.1294759094059));
#1715=CARTESIAN_POINT('Ctrl Pts',(-16.9038776471242,221.620341707601,17.1511564716329));
#1716=CARTESIAN_POINT('Ctrl Pts',(-16.9562738082279,221.234391356412,17.1639455009017));
#1717=CARTESIAN_POINT('Ctrl Pts',(-17.0045345579974,220.379746921014,17.191680163052));
#1718=CARTESIAN_POINT('Ctrl Pts',(-16.9868025254948,219.911933077545,17.2064550361295));
#1719=CARTESIAN_POINT('Ctrl Pts',(-16.8826393291851,219.128510904576,17.2314208421144));
#1720=CARTESIAN_POINT('Ctrl Pts',(-16.8191708446094,218.811263189795,17.2416533889227));
#1721=CARTESIAN_POINT('Ctrl Pts',(-16.6310939773038,218.111930923378,17.2651714584483));
#1722=CARTESIAN_POINT('Ctrl Pts',(-16.4957576402069,217.733776782419,17.2783733718917));
#1723=CARTESIAN_POINT('Ctrl Pts',(-16.1839488193253,217.044176472127,17.302918360906));
#1724=CARTESIAN_POINT('Ctrl Pts',(-16.0142294302257,216.730906442206,17.314278033668));
#1725=CARTESIAN_POINT('Ctrl Pts',(-15.6680266411098,216.188822846242,17.3346422665537));
#1726=CARTESIAN_POINT('Ctrl Pts',(-15.4994232782294,215.95581870081,17.3436694283758));
#1727=CARTESIAN_POINT('Ctrl Pts',(-15.0828048187287,215.445267178821,17.3646548761991));
#1728=CARTESIAN_POINT('Ctrl Pts',(-14.8265913625722,215.175409900105,17.3768131090087));
#1729=CARTESIAN_POINT('Ctrl Pts',(-14.2829729135411,214.682715215723,17.4008123407416));
#1730=CARTESIAN_POINT('Ctrl Pts',(-13.9972487937676,214.459502613153,17.4125786732757));
#1731=CARTESIAN_POINT('Ctrl Pts',(-13.3873133411384,214.051061087227,17.4360842932225));
#1732=CARTESIAN_POINT('Ctrl Pts',(-13.0631322612257,213.867612922968,17.447780577118));
#1733=CARTESIAN_POINT('Ctrl Pts',(-12.5544886220891,213.628249392386,17.4655640318984));
#1734=CARTESIAN_POINT('Ctrl Pts',(-12.3793583452,213.553910394328,17.471598970894));
#1735=CARTESIAN_POINT('Ctrl Pts',(-11.7904080913613,213.330199819355,17.4918897524981));
#1736=CARTESIAN_POINT('Ctrl Pts',(-11.3661828443406,213.210863171403,17.5064105796682));
#1737=CARTESIAN_POINT('Ctrl Pts',(-10.5377181400125,213.055462241632,17.5338044871253));
#1738=CARTESIAN_POINT('Ctrl Pts',(-10.1361444328218,213.013532371511,17.5466746382143));
#1739=CARTESIAN_POINT('Ctrl Pts',(-9.26627987588568,212.993828834096,17.5742062805271));
#1740=CARTESIAN_POINT('Ctrl Pts',(-8.79946208631248,213.02732142526,17.5888630886214));
#1741=CARTESIAN_POINT('Ctrl Pts',(-7.95826909807447,213.168165401446,17.6166377237797));
#1742=CARTESIAN_POINT('Ctrl Pts',(-7.58319747056088,213.261470445929,17.6293249566016));
#1743=CARTESIAN_POINT('Ctrl Pts',(-6.90897619022518,213.486204023206,17.6523450806787));
#1744=CARTESIAN_POINT('Ctrl Pts',(-6.60793749568898,213.609008043203,17.6627150851672));
#1745=CARTESIAN_POINT('Ctrl Pts',(-5.85627098381767,213.974811940931,17.6891961857512));
#1746=CARTESIAN_POINT('Ctrl Pts',(-5.42097352983243,214.245357228308,17.7052107902391));
#1747=CARTESIAN_POINT('Ctrl Pts',(-4.71715938556209,214.790763797414,17.7342383923617));
#1748=CARTESIAN_POINT('Ctrl Pts',(-4.43562983868875,215.045686638269,17.746696576101));
#1749=CARTESIAN_POINT('Ctrl Pts',(-3.86771744929529,215.645150047734,17.7734260996362));
#1750=CARTESIAN_POINT('Ctrl Pts',(-3.59049053710997,215.996344630054,17.7875536619242));
#1751=CARTESIAN_POINT('Ctrl Pts',(-3.17136195311709,216.638749789969,17.8117831616491));
#1752=CARTESIAN_POINT('Ctrl Pts',(-3.01379480645471,216.9182347316,17.8219182078256));
#1753=CARTESIAN_POINT('Ctrl Pts',(-2.69880468596579,217.572597968556,17.845480530563));
#1754=CARTESIAN_POINT('Ctrl Pts',(-2.55309004789233,217.951974960682,17.8588436838628));
#1755=CARTESIAN_POINT('Ctrl Pts',(-2.33688509166876,218.690493539517,17.8838089754247));
#1756=CARTESIAN_POINT('Ctrl Pts',(-2.26046952072287,219.046675699729,17.8954228356148));
#1757=CARTESIAN_POINT('Ctrl Pts',(-2.14371744073878,219.888105432109,17.9223151614729));
#1758=CARTESIAN_POINT('Ctrl Pts',(-2.12432948315065,220.374563886058,17.9375461392075));
#1759=CARTESIAN_POINT('Ctrl Pts',(-2.17487556335512,221.241994836359,17.9658545605105));
#1760=CARTESIAN_POINT('Ctrl Pts',(-2.22675216201783,221.622265872814,17.9784493589725));
#1761=CARTESIAN_POINT('Ctrl Pts',(-2.31401337033869,222.025799698542,17.9918189667561));
#1762=CARTESIAN_POINT('Ctrl Pts',(-2.32045068676773,222.054728916553,17.9927776700927));
#1763=CARTESIAN_POINT('Ctrl Pts',(-2.32706014063967,222.083615127507,17.9937352138657));
#1764=CARTESIAN_POINT('Origin',(-9.5650092758881,220.4275,13.0723306367838));
#1765=CARTESIAN_POINT('',(-2.32706014352379,222.083615140112,19.7089958026428));
#1766=CARTESIAN_POINT('',(-2.32706014352379,222.083615140112,19.4936375522789));
#1767=CARTESIAN_POINT('',(-2.32706014352378,222.083615140112,13.0723306367838));
#1768=CARTESIAN_POINT('Ctrl Pts',(-2.32706014352379,222.083615140112,19.7089958026428));
#1769=CARTESIAN_POINT('Ctrl Pts',(-2.30047190785961,221.967412895113,19.7051708413102));
#1770=CARTESIAN_POINT('Ctrl Pts',(-2.27668217648846,221.850571072812,19.7013096369922));
#1771=CARTESIAN_POINT('Ctrl Pts',(-2.19802473087538,221.41024382748,19.6867484544075));
#1772=CARTESIAN_POINT('Ctrl Pts',(-2.16180189953639,221.083829776417,19.6759555636875));
#1773=CARTESIAN_POINT('Ctrl Pts',(-2.12900267657558,220.343409766457,19.6518204159509));
#1774=CARTESIAN_POINT('Ctrl Pts',(-2.14519211391713,219.929917746384,19.6386041151558));
#1775=CARTESIAN_POINT('Ctrl Pts',(-2.25322473445972,219.052722202425,19.6106362129188));
#1776=CARTESIAN_POINT('Ctrl Pts',(-2.35505796479877,218.592068243783,19.5959245416255));
#1777=CARTESIAN_POINT('Ctrl Pts',(-2.59230284739704,217.857978678388,19.5708360283521));
#1778=CARTESIAN_POINT('Ctrl Pts',(-2.7020912020848,217.577687602054,19.5609457624705));
#1779=CARTESIAN_POINT('Ctrl Pts',(-2.95868560064616,217.024145113943,19.5410355105462));
#1780=CARTESIAN_POINT('Ctrl Pts',(-3.10621303181063,216.751864998419,19.5310409425646));
#1781=CARTESIAN_POINT('Ctrl Pts',(-3.46585831357423,216.176976735492,19.5093950178645));
#1782=CARTESIAN_POINT('Ctrl Pts',(-3.68443440706161,215.879376242398,19.4978313948192));
#1783=CARTESIAN_POINT('Ctrl Pts',(-4.08313701992516,215.413576135059,19.4784220873938));
#1784=CARTESIAN_POINT('Ctrl Pts',(-4.25112817327413,215.23587001649,19.4706119013012));
#1785=CARTESIAN_POINT('Ctrl Pts',(-4.64428063454888,214.859094118336,19.452903636119));
#1786=CARTESIAN_POINT('Ctrl Pts',(-4.87337655275899,214.66474916145,19.4430332207231));
#1787=CARTESIAN_POINT('Ctrl Pts',(-5.36260356150215,214.298291356263,19.4230851308526));
#1788=CARTESIAN_POINT('Ctrl Pts',(-5.62308061974576,214.127609878896,19.4130345620716));
#1789=CARTESIAN_POINT('Ctrl Pts',(-6.21445329411459,213.791179371166,19.3913179622485));
#1790=CARTESIAN_POINT('Ctrl Pts',(-6.54858138430205,213.632785906354,19.3797388178734));
#1791=CARTESIAN_POINT('Ctrl Pts',(-7.12065779561545,213.412141500243,19.360327424998));
#1792=CARTESIAN_POINT('Ctrl Pts',(-7.35239252118773,213.335643092575,19.3525317545391));
#1793=CARTESIAN_POINT('Ctrl Pts',(-7.87856886077109,213.190252594692,19.3347782378942));
#1794=CARTESIAN_POINT('Ctrl Pts',(-8.17430056414148,213.127653355615,19.3248464286262));
#1795=CARTESIAN_POINT('Ctrl Pts',(-8.77552011857894,213.03826049708,19.3050128148131));
#1796=CARTESIAN_POINT('Ctrl Pts',(-9.08051200685536,213.012014823147,19.2951329575655));
#1797=CARTESIAN_POINT('Ctrl Pts',(-9.7538535687899,212.995799664462,19.2736304925091));
#1798=CARTESIAN_POINT('Ctrl Pts',(-10.1216007395234,213.014266015159,19.2620973795276));
#1799=CARTESIAN_POINT('Ctrl Pts',(-10.7300362243994,213.090362076963,19.242689723127));
#1800=CARTESIAN_POINT('Ctrl Pts',(-10.9719419023606,213.132884200195,19.2348485429606));
#1801=CARTESIAN_POINT('Ctrl Pts',(-11.5005535399199,213.253081047393,19.2172222754659));
#1802=CARTESIAN_POINT('Ctrl Pts',(-11.7856062948913,213.336127207407,19.2074681203071));
#1803=CARTESIAN_POINT('Ctrl Pts',(-12.3679274153678,213.544344964034,19.1872810509783));
#1804=CARTESIAN_POINT('Ctrl Pts',(-12.6635690125956,213.67227194501,19.1768855620918));
#1805=CARTESIAN_POINT('Ctrl Pts',(-13.28176900011,213.98892193483,19.1547245085286));
#1806=CARTESIAN_POINT('Ctrl Pts',(-13.6002866011794,214.183612841995,19.1430408008345));
#1807=CARTESIAN_POINT('Ctrl Pts',(-14.098558161296,214.542288215958,19.123593933268));
#1808=CARTESIAN_POINT('Ctrl Pts',(-14.2872974432798,214.692626362952,19.1158744910718));
#1809=CARTESIAN_POINT('Ctrl Pts',(-14.7056619086849,215.060549603569,19.0977455195365));
#1810=CARTESIAN_POINT('Ctrl Pts',(-14.9293746866115,215.284149848615,19.0873516044574));
#1811=CARTESIAN_POINT('Ctrl Pts',(-15.3983588482896,215.816890310943,19.0642161813805));
#1812=CARTESIAN_POINT('Ctrl Pts',(-15.634633666527,216.132694125688,19.0515792800852));
#1813=CARTESIAN_POINT('Ctrl Pts',(-16.0461910375981,216.785050100787,19.027127781145));
#1814=CARTESIAN_POINT('Ctrl Pts',(-16.2229837116891,217.119248363932,19.0153298019882));
#1815=CARTESIAN_POINT('Ctrl Pts',(-16.4902336243877,217.733547048976,18.9938986598166));
#1816=CARTESIAN_POINT('Ctrl Pts',(-16.5909344516242,218.008309532919,18.9843314965688));
#1817=CARTESIAN_POINT('Ctrl Pts',(-16.8105847696473,218.738366739265,18.9593649708459));
#1818=CARTESIAN_POINT('Ctrl Pts',(-16.9029605890803,219.200299162075,18.9440862980425));
#1819=CARTESIAN_POINT('Ctrl Pts',(-16.9903995340594,220.050475815334,18.9168494924568));
#1820=CARTESIAN_POINT('Ctrl Pts',(-16.9999605762653,220.435567692592,18.9048124134579));
#1821=CARTESIAN_POINT('Ctrl Pts',(-16.9669956739624,221.058838002524,18.8850030764383));
#1822=CARTESIAN_POINT('Ctrl Pts',(-16.9427807556596,221.297255593235,18.8772967078153));
#1823=CARTESIAN_POINT('Ctrl Pts',(-16.856847513365,221.867414271007,18.85849605591));
#1824=CARTESIAN_POINT('Ctrl Pts',(-16.7839671078767,222.19693727521,18.847410657975));
#1825=CARTESIAN_POINT('Ctrl Pts',(-16.5658734843559,222.939309137342,18.8222610657631));
#1826=CARTESIAN_POINT('Ctrl Pts',(-16.4060807409604,223.346581297765,18.8083589844638));
#1827=CARTESIAN_POINT('Ctrl Pts',(-16.0344595763663,224.092800590549,18.7820283771376));
#1828=CARTESIAN_POINT('Ctrl Pts',(-15.8292858799659,224.433377463363,18.7695693599054));
#1829=CARTESIAN_POINT('Ctrl Pts',(-15.4445933003643,224.969553190341,18.7481498794409));
#1830=CARTESIAN_POINT('Ctrl Pts',(-15.2800807680872,225.17489010477,18.7395140091022));
#1831=CARTESIAN_POINT('Ctrl Pts',(-14.840425331656,225.66759060646,18.717915575669));
#1832=CARTESIAN_POINT('Ctrl Pts',(-14.5524425196163,225.942396499317,18.7050594066018));
#1833=CARTESIAN_POINT('Ctrl Pts',(-13.9401073410729,226.439335323675,18.6799414212701));
#1834=CARTESIAN_POINT('Ctrl Pts',(-13.6173624978847,226.661445601656,18.6677084651178));
#1835=CARTESIAN_POINT('Ctrl Pts',(-13.0390846987034,226.995448530127,18.6464878787564));
#1836=CARTESIAN_POINT('Ctrl Pts',(-12.7920040442674,227.120305514397,18.6375330472916));
#1837=CARTESIAN_POINT('Ctrl Pts',(-12.2327067063729,227.36474841753,18.617575360012));
#1838=CARTESIAN_POINT('Ctrl Pts',(-11.9182056381151,227.477641533135,18.6066228465448));
#1839=CARTESIAN_POINT('Ctrl Pts',(-11.1703413991543,227.690452272812,18.5814331052276));
#1840=CARTESIAN_POINT('Ctrl Pts',(-10.7334727342002,227.773401426338,18.5673824510654));
#1841=CARTESIAN_POINT('Ctrl Pts',(-9.96081423030371,227.849398959688,18.5428791395993));
#1842=CARTESIAN_POINT('Ctrl Pts',(-9.62800967284445,227.859678442177,18.5323912066602));
#1843=CARTESIAN_POINT('Ctrl Pts',(-9.04758765304841,227.838607002637,18.5135572085965));
#1844=CARTESIAN_POINT('Ctrl Pts',(-8.80015158037661,227.81717009459,18.5054107885034));
#1845=CARTESIAN_POINT('Ctrl Pts',(-8.11480430513934,227.722998221794,18.4827697305975));
#1846=CARTESIAN_POINT('Ctrl Pts',(-7.68164022701674,227.623354578063,18.4684180662905));
#1847=CARTESIAN_POINT('Ctrl Pts',(-6.74447618547228,227.317295674667,18.4370644034806));
#1848=CARTESIAN_POINT('Ctrl Pts',(-6.24899345708361,227.092988017449,18.4202509099228));
#1849=CARTESIAN_POINT('Ctrl Pts',(-5.55462658359729,226.681898229831,18.3940563967064));
#1850=CARTESIAN_POINT('Ctrl Pts',(-5.33426364847651,226.534991916174,18.3853631490128));
#1851=CARTESIAN_POINT('Ctrl Pts',(-4.80362594513781,226.138713539552,18.363703181754));
#1852=CARTESIAN_POINT('Ctrl Pts',(-4.50465797159068,225.875580913323,18.3508438814215));
#1853=CARTESIAN_POINT('Ctrl Pts',(-3.95441579324309,225.306734913659,18.325641341943));
#1854=CARTESIAN_POINT('Ctrl Pts',(-3.70358607378879,225.002366951441,18.313330328301));
#1855=CARTESIAN_POINT('Ctrl Pts',(-3.31537597522586,224.44663310395,18.2917782679188));
#1856=CARTESIAN_POINT('Ctrl Pts',(-3.16617917437426,224.204577271759,18.2825656654063));
#1857=CARTESIAN_POINT('Ctrl Pts',(-2.90562932704472,223.721917534191,18.2646230269707));
#1858=CARTESIAN_POINT('Ctrl Pts',(-2.79255164204267,223.482716380539,18.2559508365068));
#1859=CARTESIAN_POINT('Ctrl Pts',(-2.53943247771237,222.863761018799,18.2342038529146));
#1860=CARTESIAN_POINT('Ctrl Pts',(-2.41722700429904,222.477683843817,18.2212920792415));
#1861=CARTESIAN_POINT('Ctrl Pts',(-2.32706014642908,222.083615152809,18.2085068946934));
#1862=CARTESIAN_POINT('Ctrl Pts',(-2.32706014063967,222.083615127507,17.9937352138657));
#1863=CARTESIAN_POINT('Ctrl Pts',(-2.42155354930591,222.496592748557,18.0074249341979));
#1864=CARTESIAN_POINT('Ctrl Pts',(-2.55123135414616,222.900781650506,18.0208235410008));
#1865=CARTESIAN_POINT('Ctrl Pts',(-2.83799463065485,223.586621739649,18.0443056432437));
#1866=CARTESIAN_POINT('Ctrl Pts',(-2.98019387169534,223.873219343435,18.0544132362178));
#1867=CARTESIAN_POINT('Ctrl Pts',(-3.33409224030484,224.484043879771,18.0773176280899));
#1868=CARTESIAN_POINT('Ctrl Pts',(-3.5535591202775,224.802696627779,18.0900378385423));
#1869=CARTESIAN_POINT('Ctrl Pts',(-4.04374702187136,225.40746655989,18.1153254107216));
#1870=CARTESIAN_POINT('Ctrl Pts',(-4.31441945009331,225.692071950172,18.1278453863113));
#1871=CARTESIAN_POINT('Ctrl Pts',(-4.95737444090755,226.268972798661,18.1551821837294));
#1872=CARTESIAN_POINT('Ctrl Pts',(-5.33765391809707,226.549800960772,18.1699827885112));
#1873=CARTESIAN_POINT('Ctrl Pts',(-6.07226673256509,226.991020128397,18.1978916942966));
#1874=CARTESIAN_POINT('Ctrl Pts',(-6.41747372692786,227.163379431627,18.2105564594258));
#1875=CARTESIAN_POINT('Ctrl Pts',(-7.20608826266851,227.483209048732,18.2381197655319));
#1876=CARTESIAN_POINT('Ctrl Pts',(-7.65319804222951,227.617251286518,18.2528457753969));
#1877=CARTESIAN_POINT('Ctrl Pts',(-8.41707192638694,227.769909593164,18.2774541775544));
#1878=CARTESIAN_POINT('Ctrl Pts',(-8.72779796434602,227.811795185888,18.2873705663468));
#1879=CARTESIAN_POINT('Ctrl Pts',(-9.44334906188881,227.862493777602,18.3106521618845));
#1880=CARTESIAN_POINT('Ctrl Pts',(-9.84811354798096,227.858098232245,18.3239607522979));
#1881=CARTESIAN_POINT('Ctrl Pts',(-10.6101328260902,227.787444549524,18.3487860778925));
#1882=CARTESIAN_POINT('Ctrl Pts',(-10.966848760515,227.727905404018,18.3603161217349));
#1883=CARTESIAN_POINT('Ctrl Pts',(-11.7911961443038,227.527642981419,18.3871724940504));
#1884=CARTESIAN_POINT('Ctrl Pts',(-12.2520992645401,227.36633885914,18.4024482979087));
#1885=CARTESIAN_POINT('Ctrl Pts',(-13.0412107757542,226.999663532904,18.4307981386047));
#1886=CARTESIAN_POINT('Ctrl Pts',(-13.3755371463506,226.811636006959,18.4433854292814));
#1887=CARTESIAN_POINT('Ctrl Pts',(-14.0802061386903,226.340172735883,18.4708403677849));
#1888=CARTESIAN_POINT('Ctrl Pts',(-14.4414246545558,226.045976812335,18.4855343930558));
#1889=CARTESIAN_POINT('Ctrl Pts',(-14.9957298734947,225.500541466468,18.5101016617732));
#1890=CARTESIAN_POINT('Ctrl Pts',(-15.204604719612,225.267276697609,18.5200078946399));
#1891=CARTESIAN_POINT('Ctrl Pts',(-15.6476430184285,224.704741485482,18.5432515584913));
#1892=CARTESIAN_POINT('Ctrl Pts',(-15.8709178877368,224.368153373104,18.5565303716137));
#1893=CARTESIAN_POINT('Ctrl Pts',(-16.2609251390718,223.661458865847,18.5827126743831));
#1894=CARTESIAN_POINT('Ctrl Pts',(-16.4269111512587,223.292476305614,18.5955705311267));
#1895=CARTESIAN_POINT('Ctrl Pts',(-16.6483870243326,222.668693709772,18.6164962457484));
#1896=CARTESIAN_POINT('Ctrl Pts',(-16.7219798292349,222.421230265401,18.6246137609169));
#1897=CARTESIAN_POINT('Ctrl Pts',(-16.9059463122479,221.659423716009,18.6496128003276));
#1898=CARTESIAN_POINT('Ctrl Pts',(-16.9747280003389,221.13675423253,18.6670025584781));
#1899=CARTESIAN_POINT('Ctrl Pts',(-16.9977561394262,220.206397573014,18.6972256736218));
#1900=CARTESIAN_POINT('Ctrl Pts',(-16.974641397581,219.801423368469,18.7101387665896));
#1901=CARTESIAN_POINT('Ctrl Pts',(-16.8814403135148,219.134172155197,18.7314476047595));
#1902=CARTESIAN_POINT('Ctrl Pts',(-16.8298353369547,218.870207283031,18.7398983631579));
#1903=CARTESIAN_POINT('Ctrl Pts',(-16.682300732956,218.285951018789,18.7591076479962));
#1904=CARTESIAN_POINT('Ctrl Pts',(-16.5788339770011,217.968166543045,18.7700139367891));
#1905=CARTESIAN_POINT('Ctrl Pts',(-16.2919354310337,217.254373886331,18.7951853162429));
#1906=CARTESIAN_POINT('Ctrl Pts',(-16.0942942615363,216.86537779706,18.8093326869734));
#1907=CARTESIAN_POINT('Ctrl Pts',(-15.6864430235768,216.211964367328,18.8339154374005));
#1908=CARTESIAN_POINT('Ctrl Pts',(-15.4901826881989,215.940294589145,18.844440467568));
#1909=CARTESIAN_POINT('Ctrl Pts',(-15.0968156936696,215.466794341181,18.8639208151436));
#1910=CARTESIAN_POINT('Ctrl Pts',(-14.90526474734,215.261151985745,18.8728920049249));
#1911=CARTESIAN_POINT('Ctrl Pts',(-14.422283807523,214.798274574398,18.8946686388329));
#1912=CARTESIAN_POINT('Ctrl Pts',(-14.1214107910071,214.552084716638,18.9074327661885));
#1913=CARTESIAN_POINT('Ctrl Pts',(-13.4193305045008,214.064106836284,18.9351332869662));
#1914=CARTESIAN_POINT('Ctrl Pts',(-13.0117146676471,213.834413159432,18.9498985304144));
#1915=CARTESIAN_POINT('Ctrl Pts',(-12.2873447247625,213.511876702688,18.9749471218641));
#1916=CARTESIAN_POINT('Ctrl Pts',(-11.9810499004735,213.399007794074,18.9852739776058));
#1917=CARTESIAN_POINT('Ctrl Pts',(-11.2853867910288,213.193527319324,19.0088385563274));
#1918=CARTESIAN_POINT('Ctrl Pts',(-10.8939482657376,213.111491167145,19.0219828060928));
#1919=CARTESIAN_POINT('Ctrl Pts',(-10.025025367986,213.001456407477,19.0503850213506));
#1920=CARTESIAN_POINT('Ctrl Pts',(-9.54756864262726,212.987241786036,19.0654668039173));
#1921=CARTESIAN_POINT('Ctrl Pts',(-8.7478434069281,213.040454676401,19.0907851593377));
#1922=CARTESIAN_POINT('Ctrl Pts',(-8.42541324435631,213.083283306579,19.1010685028397));
#1923=CARTESIAN_POINT('Ctrl Pts',(-7.7130455600146,213.225963035331,19.1246595524244));
#1924=CARTESIAN_POINT('Ctrl Pts',(-7.32631652686385,213.336649308658,19.1378823224297));
#1925=CARTESIAN_POINT('Ctrl Pts',(-6.50827662426678,213.644418843755,19.1662296799495));
#1926=CARTESIAN_POINT('Ctrl Pts',(-6.08299880440806,213.852591943149,19.1811892190289));
#1927=CARTESIAN_POINT('Ctrl Pts',(-5.40907082605865,214.266318688236,19.206168620162));
#1928=CARTESIAN_POINT('Ctrl Pts',(-5.14875550849096,214.450152611693,19.2162307817845));
#1929=CARTESIAN_POINT('Ctrl Pts',(-4.58355129335439,214.906432083682,19.2397871691728));
#1930=CARTESIAN_POINT('Ctrl Pts',(-4.28772950204011,215.18846983192,19.2532291240352));
#1931=CARTESIAN_POINT('Ctrl Pts',(-3.74809255361878,215.795293153064,19.2795788946077));
#1932=CARTESIAN_POINT('Ctrl Pts',(-3.50469526439693,216.11861823811,19.2924462997711));
#1933=CARTESIAN_POINT('Ctrl Pts',(-3.05850140270302,216.824478297707,19.3188484853919));
#1934=CARTESIAN_POINT('Ctrl Pts',(-2.86035973679985,217.208170263362,19.3324021002533));
#1935=CARTESIAN_POINT('Ctrl Pts',(-2.54830240153909,217.968051174317,19.3591318994512));
#1936=CARTESIAN_POINT('Ctrl Pts',(-2.42870130702823,218.340354300302,19.3719737333157));
#1937=CARTESIAN_POINT('Ctrl Pts',(-2.26183796860232,219.046652246936,19.3954909856034));
#1938=CARTESIAN_POINT('Ctrl Pts',(-2.20693694062125,219.377820017955,19.4061962659489));
#1939=CARTESIAN_POINT('Ctrl Pts',(-2.12606800226917,220.212609151706,19.4327589430066));
#1940=CARTESIAN_POINT('Ctrl Pts',(-2.12860879516586,220.717279213083,19.4485340280141));
#1941=CARTESIAN_POINT('Ctrl Pts',(-2.21336939035454,221.509088072157,19.4744896584806));
#1942=CARTESIAN_POINT('Ctrl Pts',(-2.26175313702442,221.79819489391,19.4841054250604));
#1943=CARTESIAN_POINT('Ctrl Pts',(-2.32706014352381,222.083615140112,19.4936375522789));
#1944=CARTESIAN_POINT('Origin',(-9.5650092758881,220.4275,13.0723306367838));
#1945=CARTESIAN_POINT('',(-2.32706014352378,222.083615140112,21.2085475436267));
#1946=CARTESIAN_POINT('',(-2.32706014352378,222.083615140112,20.9934722664173));
#1947=CARTESIAN_POINT('',(-2.32706014352378,222.083615140112,13.0723306367838));
#1948=CARTESIAN_POINT('Ctrl Pts',(-2.32706014352378,222.083615140112,21.2085475436267));
#1949=CARTESIAN_POINT('Ctrl Pts',(-2.29067744856862,221.924606814539,21.2032121935422));
#1950=CARTESIAN_POINT('Ctrl Pts',(-2.25953076752694,221.76438299199,21.1978906574866));
#1951=CARTESIAN_POINT('Ctrl Pts',(-2.15943736549611,221.140230533513,21.1773934841625));
#1952=CARTESIAN_POINT('Ctrl Pts',(-2.1292129158352,220.67126436805,21.1625579387337));
#1953=CARTESIAN_POINT('Ctrl Pts',(-2.15235756160399,219.907558402704,21.1384437179925));
#1954=CARTESIAN_POINT('Ctrl Pts',(-2.17888173342531,219.613335440006,21.1291347829288));
#1955=CARTESIAN_POINT('Ctrl Pts',(-2.27901244974445,218.948638047671,21.1074012542151));
#1956=CARTESIAN_POINT('Ctrl Pts',(-2.36349264996805,218.580626489315,21.0949703754711));
#1957=CARTESIAN_POINT('Ctrl Pts',(-2.59209424788203,217.84625723333,21.0699001258384));
#1958=CARTESIAN_POINT('Ctrl Pts',(-2.73810332213685,217.481702652179,21.0573166008195));
#1959=CARTESIAN_POINT('Ctrl Pts',(-3.05346850778909,216.845371485901,21.0348014116817));
#1960=CARTESIAN_POINT('Ctrl Pts',(-3.21288770038141,216.569734123722,21.0248301768813));
#1961=CARTESIAN_POINT('Ctrl Pts',(-3.52322603190614,216.104826741208,21.0070655044395));
#1962=CARTESIAN_POINT('Ctrl Pts',(-3.66662879256625,215.911112933253,20.9992908553329));
#1963=CARTESIAN_POINT('Ctrl Pts',(-4.05559769689474,215.435874413837,20.9792444944986));
#1964=CARTESIAN_POINT('Ctrl Pts',(-4.31345168894857,215.165267609318,20.9669763001765));
#1965=CARTESIAN_POINT('Ctrl Pts',(-4.83044654524026,214.698717235795,20.9444247543041));
#1966=CARTESIAN_POINT('Ctrl Pts',(-5.08421290781687,214.498123586661,20.9341142568569));
#1967=CARTESIAN_POINT('Ctrl Pts',(-5.59411151432932,214.146549200159,20.9145099237481));
#1968=CARTESIAN_POINT('Ctrl Pts',(-5.84782477233739,213.993146145017,20.9052168962572));
#1969=CARTESIAN_POINT('Ctrl Pts',(-6.32742164773734,213.741022874229,20.8879812578872));
#1970=CARTESIAN_POINT('Ctrl Pts',(-6.55035396129104,213.637595863703,20.8800361598846));
#1971=CARTESIAN_POINT('Ctrl Pts',(-7.11869446112255,213.407437347015,20.8600047416419));
#1972=CARTESIAN_POINT('Ctrl Pts',(-7.46917192305004,213.294954411808,20.8479321452791));
#1973=CARTESIAN_POINT('Ctrl Pts',(-8.123421852615,213.137389953464,20.8261537816968));
#1974=CARTESIAN_POINT('Ctrl Pts',(-8.42443874689206,213.084273083397,20.816407505599));
#1975=CARTESIAN_POINT('Ctrl Pts',(-9.02811376623984,213.01577459488,20.7971690449428));
#1976=CARTESIAN_POINT('Ctrl Pts',(-9.33015252294875,213.000066341208,20.7876917249686));
#1977=CARTESIAN_POINT('Ctrl Pts',(-9.87614806825051,213.005015098356,20.7703274469561));
#1978=CARTESIAN_POINT('Ctrl Pts',(-10.1197278765743,213.019236248374,20.7624444634787));
#1979=CARTESIAN_POINT('Ctrl Pts',(-10.7293264943658,213.085063597094,20.7424188443321));
#1980=CARTESIAN_POINT('Ctrl Pts',(-11.0930267691665,213.152049884162,20.7302867399801));
#1981=CARTESIAN_POINT('Ctrl Pts',(-11.8988517421009,213.363582253579,20.7033192151015));
#1982=CARTESIAN_POINT('Ctrl Pts',(-12.3354532018239,213.523124429873,20.6886744661428));
#1983=CARTESIAN_POINT('Ctrl Pts',(-13.0209691866163,213.849190287463,20.6647129001226));
#1984=CARTESIAN_POINT('Ctrl Pts',(-13.2798151585075,213.991815539836,20.6553769456795));
#1985=CARTESIAN_POINT('Ctrl Pts',(-13.8726172465205,214.366161022031,20.6326566438609));
#1986=CARTESIAN_POINT('Ctrl Pts',(-14.1974087914904,214.610611226364,20.6192700414723));
#1987=CARTESIAN_POINT('Ctrl Pts',(-14.8030533482934,215.149487046498,20.5929212889187));
#1988=CARTESIAN_POINT('Ctrl Pts',(-15.0829962392353,215.4428882069,20.5800037839607));
#1989=CARTESIAN_POINT('Ctrl Pts',(-15.5118522233454,215.973016585438,20.5584459779944));
#1990=CARTESIAN_POINT('Ctrl Pts',(-15.6738880566487,216.197965535638,20.5497476310065));
#1991=CARTESIAN_POINT('Ctrl Pts',(-16.0300946854129,216.755797069064,20.5286737031338));
#1992=CARTESIAN_POINT('Ctrl Pts',(-16.2116784042381,217.095758060593,20.5160593488344));
#1993=CARTESIAN_POINT('Ctrl Pts',(-16.5166253320068,217.791894693132,20.4911830517017));
#1994=CARTESIAN_POINT('Ctrl Pts',(-16.6409024123731,218.14646395273,20.4790001001295));
#1995=CARTESIAN_POINT('Ctrl Pts',(-16.8302926897919,218.854517519902,20.4555672789049));
#1996=CARTESIAN_POINT('Ctrl Pts',(-16.8976367805084,219.206356277793,20.4443268493651));
#1997=CARTESIAN_POINT('Ctrl Pts',(-16.96986215678,219.821510641083,20.4247496385416));
#1998=CARTESIAN_POINT('Ctrl Pts',(-16.9866147836004,220.082768196613,20.4164253452367));
#1999=CARTESIAN_POINT('Ctrl Pts',(-16.9925822663669,220.615728781881,20.399116742089));
#2000=CARTESIAN_POINT('Ctrl Pts',(-16.9807414145727,220.887050971814,20.3902001910271));
#2001=CARTESIAN_POINT('Ctrl Pts',(-16.9149473115799,221.553371538104,20.3683097000751));
#2002=CARTESIAN_POINT('Ctrl Pts',(-16.8440074045992,221.945845068201,20.3554464469621));
#2003=CARTESIAN_POINT('Ctrl Pts',(-16.6448018349091,222.69703036294,20.3307171728653));
#2004=CARTESIAN_POINT('Ctrl Pts',(-16.51976674611,223.055346401256,20.318862886007));
#2005=CARTESIAN_POINT('Ctrl Pts',(-16.2562335182604,223.657957116871,20.2979595490158));
#2006=CARTESIAN_POINT('Ctrl Pts',(-16.1302460643418,223.906866845773,20.2889308177063));
#2007=CARTESIAN_POINT('Ctrl Pts',(-15.8149228186467,224.451437285413,20.2683522671979));
#2008=CARTESIAN_POINT('Ctrl Pts',(-15.6180175370193,224.741962433751,20.2568534622972));
#2009=CARTESIAN_POINT('Ctrl Pts',(-15.1450909329889,225.343303626199,20.232107237657));
#2010=CARTESIAN_POINT('Ctrl Pts',(-14.862020104667,225.647089961319,20.2189813645144));
#2011=CARTESIAN_POINT('Ctrl Pts',(-14.3038169393816,226.153708375352,20.1951892125795));
#2012=CARTESIAN_POINT('Ctrl Pts',(-14.0372259634207,226.364253158572,20.1844986993186));
#2013=CARTESIAN_POINT('Ctrl Pts',(-13.5546132074656,226.69439014515,20.1655412972362));
#2014=CARTESIAN_POINT('Ctrl Pts',(-13.3453153644527,226.822821471657,20.1574879591046));
#2015=CARTESIAN_POINT('Ctrl Pts',(-12.7415561605158,227.153294712489,20.1349592941939));
#2016=CARTESIAN_POINT('Ctrl Pts',(-12.3348152817452,227.330756666226,20.1206228446136));
#2017=CARTESIAN_POINT('Ctrl Pts',(-11.5554702743514,227.590745447442,20.0944854040611));
#2018=CARTESIAN_POINT('Ctrl Pts',(-11.1876173430014,227.682922846633,20.0826407000382));
#2019=CARTESIAN_POINT('Ctrl Pts',(-10.5358836713754,227.794170031071,20.0616227849783));
#2020=CARTESIAN_POINT('Ctrl Pts',(-10.2549454274158,227.825770393044,20.0524660011245));
#2021=CARTESIAN_POINT('Ctrl Pts',(-9.69138977528366,227.856775844201,20.0340044513881));
#2022=CARTESIAN_POINT('Ctrl Pts',(-9.40922609184513,227.856217585886,20.0247559954426));
#2023=CARTESIAN_POINT('Ctrl Pts',(-8.67831277111062,227.813101987925,20.0009677149966));
#2024=CARTESIAN_POINT('Ctrl Pts',(-8.23218644208722,227.745760752112,19.9866573512504));
#2025=CARTESIAN_POINT('Ctrl Pts',(-7.42161941709315,227.546787033794,19.9603065823169));
#2026=CARTESIAN_POINT('Ctrl Pts',(-7.05601693873511,227.426308844656,19.948216298912));
#2027=CARTESIAN_POINT('Ctrl Pts',(-6.44612309451856,227.171365029621,19.9267435678265));
#2028=CARTESIAN_POINT('Ctrl Pts',(-6.1970291083259,227.050480892418,19.9176516228574));
#2029=CARTESIAN_POINT('Ctrl Pts',(-5.59973285733264,226.718186136233,19.8953117856517));
#2030=CARTESIAN_POINT('Ctrl Pts',(-5.26105526897236,226.49150356665,19.8821857451723));
#2031=CARTESIAN_POINT('Ctrl Pts',(-4.62495895279984,225.985496466477,19.8563502884024));
#2032=CARTESIAN_POINT('Ctrl Pts',(-4.32853018020001,225.707149872931,19.8436791218822));
#2033=CARTESIAN_POINT('Ctrl Pts',(-3.85501924088612,225.183211756049,19.8211334531661));
#2034=CARTESIAN_POINT('Ctrl Pts',(-3.66739796168034,224.948445925893,19.8113230326356));
#2035=CARTESIAN_POINT('Ctrl Pts',(-3.22589435763549,224.321580518046,19.7862147093219));
#2036=CARTESIAN_POINT('Ctrl Pts',(-2.99381225976474,223.915712486983,19.7710341013907));
#2037=CARTESIAN_POINT('Ctrl Pts',(-2.64649857997839,223.148844470155,19.7441815867148));
#2038=CARTESIAN_POINT('Ctrl Pts',(-2.51779728092353,222.79568672693,19.732421716276));
#2039=CARTESIAN_POINT('Ctrl Pts',(-2.38373744320302,222.318140179946,19.7167040247322));
#2040=CARTESIAN_POINT('Ctrl Pts',(-2.35396592468814,222.201205198144,19.7128664458054));
#2041=CARTESIAN_POINT('Ctrl Pts',(-2.3270601435238,222.083615140112,19.7089958026428));
#2042=CARTESIAN_POINT('Ctrl Pts',(-2.3270601435238,222.083615140112,19.4936375522789));
#2043=CARTESIAN_POINT('Ctrl Pts',(-2.34657523476383,222.168904643412,19.4964859500597));
#2044=CARTESIAN_POINT('Ctrl Pts',(-2.36760145650064,222.253864927936,19.4993278716634));
#2045=CARTESIAN_POINT('Ctrl Pts',(-2.46988291773169,222.63789112906,19.5121936846859));
#2046=CARTESIAN_POINT('Ctrl Pts',(-2.56830175058811,222.932042820511,19.5220897614031));
#2047=CARTESIAN_POINT('Ctrl Pts',(-2.88171506065924,223.704459661193,19.5485044218329));
#2048=CARTESIAN_POINT('Ctrl Pts',(-3.12940102734921,224.167530880077,19.5649048086962));
#2049=CARTESIAN_POINT('Ctrl Pts',(-3.635730425349,224.912646135619,19.5942829651423));
#2050=CARTESIAN_POINT('Ctrl Pts',(-3.87118332546716,225.208005675924,19.6066702275435));
#2051=CARTESIAN_POINT('Ctrl Pts',(-4.42953906156439,225.808349328586,19.6332027888154));
#2052=CARTESIAN_POINT('Ctrl Pts',(-4.75940928671279,226.104894583252,19.6472087592545));
#2053=CARTESIAN_POINT('Ctrl Pts',(-5.36154530101965,226.555907926894,19.6709730578039));
#2054=CARTESIAN_POINT('Ctrl Pts',(-5.62072376282386,226.725841410005,19.6807575869233));
#2055=CARTESIAN_POINT('Ctrl Pts',(-6.24724350353804,227.082747812925,19.7041239112082));
#2056=CARTESIAN_POINT('Ctrl Pts',(-6.62103800088425,227.25633083429,19.7176812521101));
#2057=CARTESIAN_POINT('Ctrl Pts',(-7.38621993179623,227.537101081672,19.7441345592823));
#2058=CARTESIAN_POINT('Ctrl Pts',(-7.77586596463888,227.64501511036,19.7569944802048));
#2059=CARTESIAN_POINT('Ctrl Pts',(-8.43115869457016,227.770144692142,19.7780894737306));
#2060=CARTESIAN_POINT('Ctrl Pts',(-8.69241076933698,227.805753068418,19.7863766585904));
#2061=CARTESIAN_POINT('Ctrl Pts',(-9.29634056238251,227.85553793091,19.8056998358621));
#2062=CARTESIAN_POINT('Ctrl Pts',(-9.63921078779478,227.860023949447,19.8169009719609));
#2063=CARTESIAN_POINT('Ctrl Pts',(-10.413944360157,227.816534615359,19.8422883676004));
#2064=CARTESIAN_POINT('Ctrl Pts',(-10.8437844024267,227.754386757235,19.8563556999688));
#2065=CARTESIAN_POINT('Ctrl Pts',(-11.5840476617996,227.580194255654,19.8806101001404));
#2066=CARTESIAN_POINT('Ctrl Pts',(-11.8970535519219,227.484349230045,19.8908909111218));
#2067=CARTESIAN_POINT('Ctrl Pts',(-12.4672033902866,227.267671658956,19.9101941936052));
#2068=CARTESIAN_POINT('Ctrl Pts',(-12.7257178465925,227.15212619773,19.9192379802753));
#2069=CARTESIAN_POINT('Ctrl Pts',(-13.3202032668512,226.844544134493,19.9410331759553));
#2070=CARTESIAN_POINT('Ctrl Pts',(-13.6490181078658,226.640455333386,19.9537374578161));
#2071=CARTESIAN_POINT('Ctrl Pts',(-14.2231931224776,226.218719652065,19.9768146116524));
#2072=CARTESIAN_POINT('Ctrl Pts',(-14.472942068778,226.008638059786,19.9872237573243));
#2073=CARTESIAN_POINT('Ctrl Pts',(-15.076077872615,225.429407099842,20.0137130317224));
#2074=CARTESIAN_POINT('Ctrl Pts',(-15.4066638135829,225.039009796361,20.029698369996));
#2075=CARTESIAN_POINT('Ctrl Pts',(-15.9087154281818,224.30460622898,20.0586992929625));
#2076=CARTESIAN_POINT('Ctrl Pts',(-16.0985067753413,223.975453744671,20.0711627708239));
#2077=CARTESIAN_POINT('Ctrl Pts',(-16.4623469094577,223.215334319586,20.0984414038876));
#2078=CARTESIAN_POINT('Ctrl Pts',(-16.6228297076729,222.779619069092,20.1130813767211));
#2079=CARTESIAN_POINT('Ctrl Pts',(-16.8208328845255,222.033410761896,20.1374718833744));
#2080=CARTESIAN_POINT('Ctrl Pts',(-16.8813201832796,221.730388955505,20.147251414438));
#2081=CARTESIAN_POINT('Ctrl Pts',(-16.9769393703159,221.024712930019,20.1703668162202));
#2082=CARTESIAN_POINT('Ctrl Pts',(-16.9984376167653,220.621197089469,20.1836516704173));
#2083=CARTESIAN_POINT('Ctrl Pts',(-16.9768903805895,219.858073386007,20.2084154292662));
#2084=CARTESIAN_POINT('Ctrl Pts',(-16.9405709923145,219.499424846909,20.2199083516493));
#2085=CARTESIAN_POINT('Ctrl Pts',(-16.7941098544994,218.664354245661,20.2467491211088));
#2086=CARTESIAN_POINT('Ctrl Pts',(-16.662701117504,218.193367588818,20.2620450889858));
#2087=CARTESIAN_POINT('Ctrl Pts',(-16.3473932351695,217.38176487186,20.2904135490581));
#2088=CARTESIAN_POINT('Ctrl Pts',(-16.1813320050492,217.036111932691,20.3029974488928));
#2089=CARTESIAN_POINT('Ctrl Pts',(-15.7563174808548,216.302652504037,20.3304476119246));
#2090=CARTESIAN_POINT('Ctrl Pts',(-15.4860314830882,215.923261195046,20.3451402067217));
#2091=CARTESIAN_POINT('Ctrl Pts',(-14.9725619589663,215.329303407285,20.3699436651484));
#2092=CARTESIAN_POINT('Ctrl Pts',(-14.747615324723,215.100791058506,20.3800927465402));
#2093=CARTESIAN_POINT('Ctrl Pts',(-14.2183843445785,214.628531937305,20.4031338704412));
#2094=CARTESIAN_POINT('Ctrl Pts',(-13.9082531238,214.392753374532,20.4159371352308));
#2095=CARTESIAN_POINT('Ctrl Pts',(-13.241239186166,213.963816026339,20.4416720789896));
#2096=CARTESIAN_POINT('Ctrl Pts',(-12.8841246736997,213.773376660736,20.454542169822));
#2097=CARTESIAN_POINT('Ctrl Pts',(-12.1294902104531,213.446888514678,20.4805398910733));
#2098=CARTESIAN_POINT('Ctrl Pts',(-11.7323587706698,213.31356331614,20.4936780735982));
#2099=CARTESIAN_POINT('Ctrl Pts',(-11.0310201238832,213.142329616453,20.5171413721309));
#2100=CARTESIAN_POINT('Ctrl Pts',(-10.7317846843792,213.088458442007,20.5271222139738));
#2101=CARTESIAN_POINT('Ctrl Pts',(-10.1302633122089,213.0178949244,20.546867024687));
#2102=CARTESIAN_POINT('Ctrl Pts',(-9.82856544506723,213.001040426773,20.5566131318937));
#2103=CARTESIAN_POINT('Ctrl Pts',(-9.14865836407859,213.004550496215,20.5783183730496));
#2104=CARTESIAN_POINT('Ctrl Pts',(-8.77134170528814,213.035367795969,20.5901734138472));
#2105=CARTESIAN_POINT('Ctrl Pts',(-7.88585699570715,213.17629156163,20.618608310811));
#2106=CARTESIAN_POINT('Ctrl Pts',(-7.38365689166721,213.311233547868,20.6356357124331));
#2107=CARTESIAN_POINT('Ctrl Pts',(-6.60502037318625,213.610702059008,20.6628422814819));
#2108=CARTESIAN_POINT('Ctrl Pts',(-6.31791919317206,213.742690414593,20.6730333737289));
#2109=CARTESIAN_POINT('Ctrl Pts',(-5.70346879354235,214.074122090688,20.6953099317454));
#2110=CARTESIAN_POINT('Ctrl Pts',(-5.3813833337656,214.281429831489,20.7072972047863));
#2111=CARTESIAN_POINT('Ctrl Pts',(-4.68582043669606,214.809234272608,20.7350083016605));
#2112=CARTESIAN_POINT('Ctrl Pts',(-4.32530903048185,215.143854680783,20.7511120477045));
#2113=CARTESIAN_POINT('Ctrl Pts',(-3.76538947688334,215.777651339591,20.7787129573732));
#2114=CARTESIAN_POINT('Ctrl Pts',(-3.54970655522995,216.060255763609,20.7901719957391));
#2115=CARTESIAN_POINT('Ctrl Pts',(-3.13549849151622,216.692202303754,20.8142446927574));
#2116=CARTESIAN_POINT('Ctrl Pts',(-2.94339568770494,217.044411522999,20.8267725934783));
#2117=CARTESIAN_POINT('Ctrl Pts',(-2.64935186365373,217.705607644256,20.8498166379786));
#2118=CARTESIAN_POINT('Ctrl Pts',(-2.5374766506202,218.009072911052,20.8603477782695));
#2119=CARTESIAN_POINT('Ctrl Pts',(-2.31318355757807,218.766337170325,20.886189349078));
#2120=CARTESIAN_POINT('Ctrl Pts',(-2.22312578831232,219.225335235943,20.9013632411845));
#2121=CARTESIAN_POINT('Ctrl Pts',(-2.13822138303841,220.075613156536,20.9286155263893));
#2122=CARTESIAN_POINT('Ctrl Pts',(-2.12997896722796,220.463903042511,20.9407615404069));
#2123=CARTESIAN_POINT('Ctrl Pts',(-2.16822786957818,221.13332197213,20.9620616889371));
#2124=CARTESIAN_POINT('Ctrl Pts',(-2.20046433660451,221.414430005094,20.9712026590243));
#2125=CARTESIAN_POINT('Ctrl Pts',(-2.27129455783844,221.823924866086,20.9847804413007));
#2126=CARTESIAN_POINT('Ctrl Pts',(-2.29744258283379,221.954173416824,20.9891298844837));
#2127=CARTESIAN_POINT('Ctrl Pts',(-2.32706014352378,222.083615140112,20.9934722664173));
#2128=CARTESIAN_POINT('Origin',(-9.5650092758881,220.4275,13.0723306367838));
#2129=CARTESIAN_POINT('',(-2.32706014352378,222.083615140112,22.7083113649779));
#2130=CARTESIAN_POINT('',(-2.32706014352379,222.083615140112,22.4932818704712));
#2131=CARTESIAN_POINT('',(-2.32706014352378,222.083615140112,13.0723306367838));
#2132=CARTESIAN_POINT('Ctrl Pts',(-2.32706014352378,222.083615140112,22.7083113649779));
#2133=CARTESIAN_POINT('Ctrl Pts',(-2.30993617223006,222.008775879141,22.7058574551474));
#2134=CARTESIAN_POINT('Ctrl Pts',(-2.29396907020276,221.93365411763,22.7034101871926));
#2135=CARTESIAN_POINT('Ctrl Pts',(-2.21340579669363,221.523407417826,22.690119467907));
#2136=CARTESIAN_POINT('Ctrl Pts',(-2.17081014396024,221.184404722166,22.6794247128545));
#2137=CARTESIAN_POINT('Ctrl Pts',(-2.13792715452825,220.598664145304,22.6608146657191));
#2138=CARTESIAN_POINT('Ctrl Pts',(-2.13632763323498,220.353125723592,22.6529248038953));
#2139=CARTESIAN_POINT('Ctrl Pts',(-2.16327742492608,219.727485206578,22.6325074565967));
#2140=CARTESIAN_POINT('Ctrl Pts',(-2.20891461629934,219.348828944677,22.6199792242049));
#2141=CARTESIAN_POINT('Ctrl Pts',(-2.36244029462227,218.578995454685,22.5945386299344));
#2142=CARTESIAN_POINT('Ctrl Pts',(-2.47371381938029,218.189754493654,22.5816978056368));
#2143=CARTESIAN_POINT('Ctrl Pts',(-2.70449465803931,217.576729123676,22.5610135158876));
#2144=CARTESIAN_POINT('Ctrl Pts',(-2.80471874383024,217.346586881944,22.5531239954013));
#2145=CARTESIAN_POINT('Ctrl Pts',(-3.08630227417628,216.780222411959,22.5329522909066));
#2146=CARTESIAN_POINT('Ctrl Pts',(-3.28229803827049,216.452100367257,22.5204219710051));
#2147=CARTESIAN_POINT('Ctrl Pts',(-3.75765671634722,215.779880148158,22.4934804297164));
#2148=CARTESIAN_POINT('Ctrl Pts',(-4.0443504032772,215.442717881488,22.4791988147356));
#2149=CARTESIAN_POINT('Ctrl Pts',(-4.5718885807336,214.924024143107,22.4556776782834));
#2150=CARTESIAN_POINT('Ctrl Pts',(-4.79686072543252,214.728003509758,22.4463124787637));
#2151=CARTESIAN_POINT('Ctrl Pts',(-5.24844230303773,214.380034012311,22.4282780230309));
#2152=CARTESIAN_POINT('Ctrl Pts',(-5.47283001199601,214.225995207075,22.4195874086073));
#2153=CARTESIAN_POINT('Ctrl Pts',(-6.03737833346397,213.882449847122,22.3980698695241));
#2154=CARTESIAN_POINT('Ctrl Pts',(-6.38496372186076,213.706698224727,22.3852659077569));
#2155=CARTESIAN_POINT('Ctrl Pts',(-7.11433384599855,213.407210297224,22.3596946204497));
#2156=CARTESIAN_POINT('Ctrl Pts',(-7.4956038201558,213.285522261289,22.3469828272222));
#2157=CARTESIAN_POINT('Ctrl Pts',(-8.13798201697713,213.1362880565,22.3261504538461));
#2158=CARTESIAN_POINT('Ctrl Pts',(-8.39406222070813,213.090807307502,22.3179812239388));
#2159=CARTESIAN_POINT('Ctrl Pts',(-9.04226888962455,213.01049129537,22.297163229788));
#2160=CARTESIAN_POINT('Ctrl Pts',(-9.43575581599409,212.993217765795,22.2842495633227));
#2161=CARTESIAN_POINT('Ctrl Pts',(-10.266303286026,213.022737152691,22.2570583278507));
#2162=CARTESIAN_POINT('Ctrl Pts',(-10.7016381571165,213.076961675595,22.2429075039658));
#2163=CARTESIAN_POINT('Ctrl Pts',(-11.461766362115,213.240820712413,22.2181891934802));
#2164=CARTESIAN_POINT('Ctrl Pts',(-11.7885682991165,213.335121646166,22.2075415832261));
#2165=CARTESIAN_POINT('Ctrl Pts',(-12.3361946290884,213.534730504839,22.1890530599899));
#2166=CARTESIAN_POINT('Ctrl Pts',(-12.5603941042771,213.629161527809,22.1812389424368));
#2167=CARTESIAN_POINT('Ctrl Pts',(-13.1240771180322,213.899886716642,22.160855347223));
#2168=CARTESIAN_POINT('Ctrl Pts',(-13.4553133848922,214.091709774326,22.1482802486735));
#2169=CARTESIAN_POINT('Ctrl Pts',(-14.1495411177664,214.56879426428,22.1209771320596));
#2170=CARTESIAN_POINT('Ctrl Pts',(-14.5037304677471,214.864101199476,22.1064162283989));
#2171=CARTESIAN_POINT('Ctrl Pts',(-15.038184526671,215.401217363446,22.0825022649132));
#2172=CARTESIAN_POINT('Ctrl Pts',(-15.2351916999809,215.624563918822,22.0731205319217));
#2173=CARTESIAN_POINT('Ctrl Pts',(-15.649991117352,216.156028954515,22.0513250737639));
#2174=CARTESIAN_POINT('Ctrl Pts',(-15.8587892570077,216.470126697955,22.0389080265418));
#2175=CARTESIAN_POINT('Ctrl Pts',(-16.233878955244,217.139708259058,22.0138897637739));
#2176=CARTESIAN_POINT('Ctrl Pts',(-16.3976811089666,217.495265082828,22.0013431778036));
#2177=CARTESIAN_POINT('Ctrl Pts',(-16.6432163489893,218.162138938969,21.9788108725268));
#2178=CARTESIAN_POINT('Ctrl Pts',(-16.7341995317957,218.469034941589,21.9687876637482));
#2179=CARTESIAN_POINT('Ctrl Pts',(-16.8584907499056,219.015522820206,21.9509773198099));
#2180=CARTESIAN_POINT('Ctrl Pts',(-16.9004230825528,219.252658949724,21.9432103665987));
#2181=CARTESIAN_POINT('Ctrl Pts',(-16.9778684245745,219.862047842992,21.9231596694772));
#2182=CARTESIAN_POINT('Ctrl Pts',(-16.996929735759,220.235718726426,21.9108788155557));
#2183=CARTESIAN_POINT('Ctrl Pts',(-16.9763849263231,221.07485770042,21.8836951485234));
#2184=CARTESIAN_POINT('Ctrl Pts',(-16.9211983269321,221.538378501719,21.8689813692956));
#2185=CARTESIAN_POINT('Ctrl Pts',(-16.7629933612987,222.271531356571,21.8453077613203));
#2186=CARTESIAN_POINT('Ctrl Pts',(-16.6871296468638,222.545713264899,21.8363304748988));
#2187=CARTESIAN_POINT('Ctrl Pts',(-16.4737872875778,223.173998147446,21.8148683238468));
#2188=CARTESIAN_POINT('Ctrl Pts',(-16.3245057326333,223.523251065422,21.8023634848418));
#2189=CARTESIAN_POINT('Ctrl Pts',(-15.7908846162956,224.546966779987,21.7647452189702));
#2190=CARTESIAN_POINT('Ctrl Pts',(-15.3271385312262,225.174009586209,21.7407855160221));
#2191=CARTESIAN_POINT('Ctrl Pts',(-14.4147849005621,226.072466904296,21.6997760947127));
#2192=CARTESIAN_POINT('Ctrl Pts',(-14.0194858848182,226.389345806151,21.6830335215032));
#2193=CARTESIAN_POINT('Ctrl Pts',(-13.2232041765645,226.903940736997,21.6522450556006));
#2194=CARTESIAN_POINT('Ctrl Pts',(-12.8305716375023,227.110522239455,21.6381748919537));
#2195=CARTESIAN_POINT('Ctrl Pts',(-12.1956690054495,227.375184113816,21.6164578883041));
#2196=CARTESIAN_POINT('Ctrl Pts',(-11.9649358464029,227.45822086996,21.6087471340083));
#2197=CARTESIAN_POINT('Ctrl Pts',(-11.4051867261805,227.628892575216,21.5900764087818));
#2198=CARTESIAN_POINT('Ctrl Pts',(-11.0734283412152,227.70561567122,21.5789377884399));
#2199=CARTESIAN_POINT('Ctrl Pts',(-10.2937027519206,227.830317595454,21.5530816516186));
#2200=CARTESIAN_POINT('Ctrl Pts',(-9.84427485025483,227.860852353863,21.5384941082072));
#2201=CARTESIAN_POINT('Ctrl Pts',(-9.07338888817047,227.843180956798,21.5139294299327));
#2202=CARTESIAN_POINT('Ctrl Pts',(-8.75274939327258,227.814938588949,21.5038295352915));
#2203=CARTESIAN_POINT('Ctrl Pts',(-8.16311659938214,227.724140920058,21.4849629938888));
#2204=CARTESIAN_POINT('Ctrl Pts',(-7.8938244582455,227.667210687966,21.4761828634758));
#2205=CARTESIAN_POINT('Ctrl Pts',(-7.2513521330713,227.493622412706,21.4545200503151));
#2206=CARTESIAN_POINT('Ctrl Pts',(-6.88301449040506,227.362195662283,21.4416620113475));
#2207=CARTESIAN_POINT('Ctrl Pts',(-6.09414204949026,227.008416767656,21.4136188346326));
#2208=CARTESIAN_POINT('Ctrl Pts',(-5.6811335608299,226.773435939409,21.398617870774));
#2209=CARTESIAN_POINT('Ctrl Pts',(-5.05234853856323,226.331171320823,21.3743556346163));
#2210=CARTESIAN_POINT('Ctrl Pts',(-4.82165446175907,226.147467343778,21.3650623037669));
#2211=CARTESIAN_POINT('Ctrl Pts',(-4.32195982387544,225.69848498254,21.3433420306893));
#2212=CARTESIAN_POINT('Ctrl Pts',(-4.06104685159372,225.425424463126,21.3309081624663));
#2213=CARTESIAN_POINT('Ctrl Pts',(-3.57330792467805,224.83023757764,21.3058259664741));
#2214=CARTESIAN_POINT('Ctrl Pts',(-3.34905185738043,224.507508008661,21.2932337764099));
#2215=CARTESIAN_POINT('Ctrl Pts',(-3.0193442370554,223.942259566493,21.272488594922));
#2216=CARTESIAN_POINT('Ctrl Pts',(-2.89941027074407,223.709123874344,21.2642548891155));
#2217=CARTESIAN_POINT('Ctrl Pts',(-2.68344347686597,223.228378490463,21.2475724537361));
#2218=CARTESIAN_POINT('Ctrl Pts',(-2.58786191709321,222.980983913624,21.239089687199));
#2219=CARTESIAN_POINT('Ctrl Pts',(-2.43645954221772,222.51659522828,21.2231797922976));
#2220=CARTESIAN_POINT('Ctrl Pts',(-2.37685572610723,222.301243664256,21.215849830224));
#2221=CARTESIAN_POINT('Ctrl Pts',(-2.32706014352379,222.083615140112,21.2085475436267));
#2222=CARTESIAN_POINT('Ctrl Pts',(-2.32706014352377,222.083615140111,20.9934722664173));
#2223=CARTESIAN_POINT('Ctrl Pts',(-2.37302219046874,222.284489433057,21.0002109970093));
#2224=CARTESIAN_POINT('Ctrl Pts',(-2.42733976185024,222.483420742139,21.0069308837144));
#2225=CARTESIAN_POINT('Ctrl Pts',(-2.6194467611132,223.086860757186,21.0274248144326));
#2226=CARTESIAN_POINT('Ctrl Pts',(-2.78388140633691,223.48189842344,21.0409532015039));
#2227=CARTESIAN_POINT('Ctrl Pts',(-3.13676874303,224.158627908724,21.0650612985225));
#2228=CARTESIAN_POINT('Ctrl Pts',(-3.31222590994216,224.445744839996,21.075673551005));
#2229=CARTESIAN_POINT('Ctrl Pts',(-3.66110839715427,224.938161965543,21.095252819122));
#2230=CARTESIAN_POINT('Ctrl Pts',(-3.82735574053104,225.147822916049,21.1040288499195));
#2231=CARTESIAN_POINT('Ctrl Pts',(-4.29388681400181,225.675024815344,21.1270310989562));
#2232=CARTESIAN_POINT('Ctrl Pts',(-4.61150532208632,225.975838425633,21.1411063323562));
#2233=CARTESIAN_POINT('Ctrl Pts',(-5.28100530545114,226.506341353821,21.168234999857));
#2234=CARTESIAN_POINT('Ctrl Pts',(-5.62958615834679,226.737606033599,21.1812681062697));
#2235=CARTESIAN_POINT('Ctrl Pts',(-6.16629021328331,227.031828784665,21.200914584888));
#2236=CARTESIAN_POINT('Ctrl Pts',(-6.3404366688093,227.118582075073,21.2072479985611));
#2237=CARTESIAN_POINT('Ctrl Pts',(-6.85696826311641,227.351045756221,21.2257595088801));
#2238=CARTESIAN_POINT('Ctrl Pts',(-7.20714736566454,227.477993953849,21.2379443936199));
#2239=CARTESIAN_POINT('Ctrl Pts',(-7.91407919324336,227.67568374856,21.261629446084));
#2240=CARTESIAN_POINT('Ctrl Pts',(-8.26946378307179,227.747561760475,21.2731092635776));
#2241=CARTESIAN_POINT('Ctrl Pts',(-8.99731108755849,227.840086110003,21.2962896866643));
#2242=CARTESIAN_POINT('Ctrl Pts',(-9.3689362337319,227.859207006241,21.3080020936629));
#2243=CARTESIAN_POINT('Ctrl Pts',(-10.0277253212077,227.84363784224,21.3294036682888));
#2244=CARTESIAN_POINT('Ctrl Pts',(-10.3143785645223,227.820175586527,21.3388422728082));
#2245=CARTESIAN_POINT('Ctrl Pts',(-10.9512914233369,227.730612136927,21.3598338166342));
#2246=CARTESIAN_POINT('Ctrl Pts',(-11.2996208501922,227.655802322713,21.3713173764041));
#2247=CARTESIAN_POINT('Ctrl Pts',(-12.0262249611028,227.444181803147,21.3954274698382));
#2248=CARTESIAN_POINT('Ctrl Pts',(-12.4014862584198,227.301058087846,21.4079684061296));
#2249=CARTESIAN_POINT('Ctrl Pts',(-13.0513870213233,226.990857489982,21.4309031570746));
#2250=CARTESIAN_POINT('Ctrl Pts',(-13.3302521577846,226.834950868597,21.4413043597842));
#2251=CARTESIAN_POINT('Ctrl Pts',(-13.9890480815785,226.40873686795,21.466977439797));
#2252=CARTESIAN_POINT('Ctrl Pts',(-14.3552483849207,226.119682185612,21.4821174409435));
#2253=CARTESIAN_POINT('Ctrl Pts',(-14.9701868730345,225.532656385067,21.5092386240666));
#2254=CARTESIAN_POINT('Ctrl Pts',(-15.2273444257801,225.245853011125,21.5212904637803));
#2255=CARTESIAN_POINT('Ctrl Pts',(-15.7504909001604,224.562364437465,21.5486175288558));
#2256=CARTESIAN_POINT('Ctrl Pts',(-16.00281993397,224.157359950013,21.5642374092363));
#2257=CARTESIAN_POINT('Ctrl Pts',(-16.3848413898707,223.388391045293,21.59227112971));
#2258=CARTESIAN_POINT('Ctrl Pts',(-16.528321616708,223.033123793031,21.6046128011548));
#2259=CARTESIAN_POINT('Ctrl Pts',(-16.8006715412328,222.1727907167,21.6333288599048));
#2260=CARTESIAN_POINT('Ctrl Pts',(-16.9050774668386,221.66210335968,21.6494724460049));
#2261=CARTESIAN_POINT('Ctrl Pts',(-16.978878474208,220.901638036691,21.6742236982483));
#2262=CARTESIAN_POINT('Ctrl Pts',(-16.9904612562206,220.657555382856,21.6822301074336));
#2263=CARTESIAN_POINT('Ctrl Pts',(-16.9891531617008,219.971263477854,21.7046759668111));
#2264=CARTESIAN_POINT('Ctrl Pts',(-16.9488297092438,219.530130084693,21.7189798651512));
#2265=CARTESIAN_POINT('Ctrl Pts',(-16.7790010302797,218.599020112037,21.749097222835));
#2266=CARTESIAN_POINT('Ctrl Pts',(-16.6381796307915,218.11335368559,21.7647655880783));
#2267=CARTESIAN_POINT('Ctrl Pts',(-16.3655058763193,217.43855425339,21.7883026395618));
#2268=CARTESIAN_POINT('Ctrl Pts',(-16.2724854397666,217.235272994973,21.7956176110844));
#2269=CARTESIAN_POINT('Ctrl Pts',(-15.9554456686739,216.617702055468,21.8183316725521));
#2270=CARTESIAN_POINT('Ctrl Pts',(-15.7011046572463,216.220293488937,21.8335990970824));
#2271=CARTESIAN_POINT('Ctrl Pts',(-15.1572483454862,215.525798514015,21.8616811781887));
#2272=CARTESIAN_POINT('Ctrl Pts',(-14.8771769633977,215.223589511885,21.8745328973669));
#2273=CARTESIAN_POINT('Ctrl Pts',(-14.3479411010795,214.740008018598,21.8974144983309));
#2274=CARTESIAN_POINT('Ctrl Pts',(-14.1098511394846,214.548009800449,21.9073921087155));
#2275=CARTESIAN_POINT('Ctrl Pts',(-13.4754634993292,214.098049354175,21.9328408052922));
#2276=CARTESIAN_POINT('Ctrl Pts',(-13.0651192679757,213.862224422885,21.9481826384738));
#2277=CARTESIAN_POINT('Ctrl Pts',(-12.2746445955096,213.503247062108,21.9758515167598));
#2278=CARTESIAN_POINT('Ctrl Pts',(-11.9016117935492,213.368627002028,21.9882418489154));
#2279=CARTESIAN_POINT('Ctrl Pts',(-11.2033408842381,213.178087444413,22.0112702861164));
#2280=CARTESIAN_POINT('Ctrl Pts',(-10.8816907741404,213.112826303536,22.0219444904595));
#2281=CARTESIAN_POINT('Ctrl Pts',(-10.0962794390204,213.00696755133,22.0478745913165));
#2282=CARTESIAN_POINT('Ctrl Pts',(-9.63094653244583,212.988265031202,22.062991435789));
#2283=CARTESIAN_POINT('Ctrl Pts',(-8.78488341392032,213.033691593834,22.0900266341313));
#2284=CARTESIAN_POINT('Ctrl Pts',(-8.40500381015918,213.083700901667,22.1020175441638));
#2285=CARTESIAN_POINT('Ctrl Pts',(-7.55136810680951,213.263991326907,22.1297076512296));
#2286=CARTESIAN_POINT('Ctrl Pts',(-7.08326735948123,213.412406457009,22.1457848275857));
#2287=CARTESIAN_POINT('Ctrl Pts',(-6.30576788927078,213.746556989635,22.1734047210413));
#2288=CARTESIAN_POINT('Ctrl Pts',(-5.98887126005915,213.910683480097,22.1849076191427));
#2289=CARTESIAN_POINT('Ctrl Pts',(-5.34282024378537,214.306650151197,22.2090472794819));
#2290=CARTESIAN_POINT('Ctrl Pts',(-5.01822260389615,214.543758818937,22.2215985684965));
#2291=CARTESIAN_POINT('Ctrl Pts',(-4.47172297852263,215.015311663626,22.2445885700694));
#2292=CARTESIAN_POINT('Ctrl Pts',(-4.24288287420834,215.240178184157,22.2550356621304));
#2293=CARTESIAN_POINT('Ctrl Pts',(-3.71851236906288,215.826787168969,22.2807799351764));
#2294=CARTESIAN_POINT('Ctrl Pts',(-3.44116754807681,216.202969001846,22.2959431945086));
#2295=CARTESIAN_POINT('Ctrl Pts',(-3.00170360935679,216.934186615539,22.323153658904));
#2296=CARTESIAN_POINT('Ctrl Pts',(-2.82867379465129,217.280755300368,22.3352694716326));
#2297=CARTESIAN_POINT('Ctrl Pts',(-2.5880635263226,217.874590502732,22.3556198113916));
#2298=CARTESIAN_POINT('Ctrl Pts',(-2.50483695343464,218.114691931457,22.3638061110496));
#2299=CARTESIAN_POINT('Ctrl Pts',(-2.36706090695082,218.589564161074,22.3799375243874));
#2300=CARTESIAN_POINT('Ctrl Pts',(-2.31130771011504,218.823666208686,22.3878263256649));
#2301=CARTESIAN_POINT('Ctrl Pts',(-2.20791461400365,219.375472980169,22.4061373935482));
#2302=CARTESIAN_POINT('Ctrl Pts',(-2.16932439880815,219.694388225998,22.4164974597949));
#2303=CARTESIAN_POINT('Ctrl Pts',(-2.13012169505317,220.398606769479,22.4389985734314));
#2304=CARTESIAN_POINT('Ctrl Pts',(-2.13859304935318,220.783489795464,22.451043491159));
#2305=CARTESIAN_POINT('Ctrl Pts',(-2.20769917476166,221.474866197379,22.4731025302482));
#2306=CARTESIAN_POINT('Ctrl Pts',(-2.25789711789328,221.781342399993,22.483144092343));
#2307=CARTESIAN_POINT('Ctrl Pts',(-2.32706014352379,222.083615140112,22.4932818704712));
#2308=CARTESIAN_POINT('Origin',(-9.5650092758881,220.4275,13.0723306367838));
#2309=CARTESIAN_POINT('',(-2.32706014352378,222.083615140112,24.0723306367839));
#2310=CARTESIAN_POINT('',(-2.3270601451162,222.083615147071,23.9931288105751));
#2311=CARTESIAN_POINT('',(-2.32706014352378,222.083615140112,13.0723306367838));
#2312=CARTESIAN_POINT('',(-2.58002606432454,217.909438337893,24.0723306367837));
#2313=CARTESIAN_POINT('Origin',(-9.5650092758881,220.4275,24.0723306367837));
#2314=CARTESIAN_POINT('Ctrl Pts',(-2.58002606432455,217.909438337893,24.0723306367837));
#2315=CARTESIAN_POINT('Ctrl Pts',(-2.77484084615926,217.369031404672,24.053860635046));
#2316=CARTESIAN_POINT('Ctrl Pts',(-3.0317136722536,216.853050574161,24.0348633922517));
#2317=CARTESIAN_POINT('Ctrl Pts',(-3.60909545057698,215.967611253965,24.0008806648545));
#2318=CARTESIAN_POINT('Ctrl Pts',(-3.91147435370327,215.590035607202,23.9857834657951));
#2319=CARTESIAN_POINT('Ctrl Pts',(-4.43344193241008,215.054609585812,23.9621714298459));
#2320=CARTESIAN_POINT('Ctrl Pts',(-4.6285692551102,214.874798620836,23.9537159017104));
#2321=CARTESIAN_POINT('Ctrl Pts',(-5.13527591620801,214.455728042242,23.9323431103337));
#2322=CARTESIAN_POINT('Ctrl Pts',(-5.45700348437593,214.230009302014,23.9194300656567));
#2323=CARTESIAN_POINT('Ctrl Pts',(-6.13756701316756,213.828915155246,23.8938245418361));
#2324=CARTESIAN_POINT('Ctrl Pts',(-6.49573532855639,213.654889921259,23.8811806244292));
#2325=CARTESIAN_POINT('Ctrl Pts',(-7.11120300749275,213.41474927354,23.8603263283241));
#2326=CARTESIAN_POINT('Ctrl Pts',(-7.36119895480543,213.332215913196,23.8520665062821));
#2327=CARTESIAN_POINT('Ctrl Pts',(-7.97787463330222,213.164372138474,23.8317180890975));
#2328=CARTESIAN_POINT('Ctrl Pts',(-8.34767235353871,213.093326733324,23.8193961899118));
#2329=CARTESIAN_POINT('Ctrl Pts',(-9.17643060659949,212.998533926101,23.7920982980744));
#2330=CARTESIAN_POINT('Ctrl Pts',(-9.63546744776016,212.988711090543,23.7772739132488));
#2331=CARTESIAN_POINT('Ctrl Pts',(-10.4276435466737,213.045129678699,23.7520235701812));
#2332=CARTESIAN_POINT('Ctrl Pts',(-10.7607987386509,213.091723560758,23.7414874270718));
#2333=CARTESIAN_POINT('Ctrl Pts',(-11.3305835081397,213.211269885635,23.7230208139323));
#2334=CARTESIAN_POINT('Ctrl Pts',(-11.568847710528,213.273769668915,23.7151105017296));
#2335=CARTESIAN_POINT('Ctrl Pts',(-12.1670618449187,213.462926263681,23.6946579465491));
#2336=CARTESIAN_POINT('Ctrl Pts',(-12.521170872969,213.605690983584,23.682114871874));
#2337=CARTESIAN_POINT('Ctrl Pts',(-13.2250276416132,213.954603424997,23.6566521562338));
#2338=CARTESIAN_POINT('Ctrl Pts',(-13.5720361192597,214.163486293525,23.6438039308739));
#2339=CARTESIAN_POINT('Ctrl Pts',(-14.1052028698493,214.546942033141,23.623068260067));
#2340=CARTESIAN_POINT('Ctrl Pts',(-14.3024461118468,214.704650150599,23.615133388831));
#2341=CARTESIAN_POINT('Ctrl Pts',(-14.8953939784132,215.230447505574,23.5898666390223));
#2342=CARTESIAN_POINT('Ctrl Pts',(-15.2591986794516,215.631820542127,23.57196991207));
#2343=CARTESIAN_POINT('Ctrl Pts',(-15.8043380357622,216.383688665613,23.541806625938));
#2344=CARTESIAN_POINT('Ctrl Pts',(-16.0073943034943,216.715719276253,23.5294078287138));
#2345=CARTESIAN_POINT('Ctrl Pts',(-16.3104821192222,217.311786259965,23.5082611193827));
#2346=CARTESIAN_POINT('Ctrl Pts',(-16.4232036607871,217.568436521786,23.4994668305477));
#2347=CARTESIAN_POINT('Ctrl Pts',(-16.6699762205789,218.229510673757,23.4770009562708));
#2348=CARTESIAN_POINT('Ctrl Pts',(-16.7842442710313,218.640228834773,23.4630136345751));
#2349=CARTESIAN_POINT('Ctrl Pts',(-16.9412002953086,219.476881558842,23.4351803381626));
#2350=CARTESIAN_POINT('Ctrl Pts',(-16.9835662033437,219.901292684172,23.4214433424921));
#2351=CARTESIAN_POINT('Ctrl Pts',(-16.992905744363,220.59120885887,23.3995232447442));
#2352=CARTESIAN_POINT('Ctrl Pts',(-16.9823758751894,220.855424703181,23.3912118361619));
#2353=CARTESIAN_POINT('Ctrl Pts',(-16.9313620975499,221.401191133467,23.3738889568901));
#2354=CARTESIAN_POINT('Ctrl Pts',(-16.8887500953372,221.682110280073,23.3648461275137));
#2355=CARTESIAN_POINT('Ctrl Pts',(-16.7488630517655,222.345317357193,23.3427968988524));
#2356=CARTESIAN_POINT('Ctrl Pts',(-16.6370287665275,222.723654042024,23.3298219915562));
#2357=CARTESIAN_POINT('Ctrl Pts',(-16.327998827646,223.527681486825,23.3018748297843));
#2358=CARTESIAN_POINT('Ctrl Pts',(-16.1194529706113,223.94722011995,23.2870692003068));
#2359=CARTESIAN_POINT('Ctrl Pts',(-15.7132147418984,224.601438791354,23.2627647687703));
#2360=CARTESIAN_POINT('Ctrl Pts',(-15.5380202148337,224.848510625363,23.2532295837206));
#2361=CARTESIAN_POINT('Ctrl Pts',(-15.1124668031007,225.377011390364,23.2312976101075));
#2362=CARTESIAN_POINT('Ctrl Pts',(-14.8548001067647,225.651489077248,23.218903591423));
#2363=CARTESIAN_POINT('Ctrl Pts',(-14.0593736453006,226.379346146214,23.1837529880338));
#2364=CARTESIAN_POINT('Ctrl Pts',(-13.4766518420741,226.77752604904,23.1618122968031));
#2365=CARTESIAN_POINT('Ctrl Pts',(-12.632095193868,227.193655070324,23.1319212072714));
#2366=CARTESIAN_POINT('Ctrl Pts',(-12.4124928692782,227.288965146637,23.1242176532261));
#2367=CARTESIAN_POINT('Ctrl Pts',(-11.8341820859712,227.507406355765,23.1040560570664));
#2368=CARTESIAN_POINT('Ctrl Pts',(-11.4699538017483,227.613974129188,23.0915925684949));
#2369=CARTESIAN_POINT('Ctrl Pts',(-10.6516003075314,227.786794304893,23.0644907152065));
#2370=CARTESIAN_POINT('Ctrl Pts',(-10.196234258604,227.839750375686,23.050018388055));
#2371=CARTESIAN_POINT('Ctrl Pts',(-9.44264066163102,227.857403408108,23.0262280243686));
#2372=CARTESIAN_POINT('Ctrl Pts',(-9.14624480055429,227.846601989055,23.0168834788014));
#2373=CARTESIAN_POINT('Ctrl Pts',(-8.47626708166844,227.781901066455,22.9951220398113));
#2374=CARTESIAN_POINT('Ctrl Pts',(-8.10455032168576,227.717193771103,22.9827003388793));
#2375=CARTESIAN_POINT('Ctrl Pts',(-7.35995469501642,227.528314392122,22.95766010116));
#2376=CARTESIAN_POINT('Ctrl Pts',(-6.98875557046541,227.402222665509,22.945096780934));
#2377=CARTESIAN_POINT('Ctrl Pts',(-6.38731726665888,227.143321777206,22.9243362639091));
#2378=CARTESIAN_POINT('Ctrl Pts',(-6.15112122156795,227.026390569594,22.9160594732755));
#2379=CARTESIAN_POINT('Ctrl Pts',(-5.69110211764842,226.767332025853,22.899348338539));
#2380=CARTESIAN_POINT('Ctrl Pts',(-5.46767597832808,226.625280562044,22.8908812888064));
#2381=CARTESIAN_POINT('Ctrl Pts',(-4.93721584487535,226.246776965373,22.8696568716173));
#2382=CARTESIAN_POINT('Ctrl Pts',(-4.64018620327077,225.997650700928,22.8569147927471));
#2383=CARTESIAN_POINT('Ctrl Pts',(-4.07744448542755,225.445308722019,22.8313456178734));
#2384=CARTESIAN_POINT('Ctrl Pts',(-3.81422867725189,225.141341489457,22.818578916476));
#2385=CARTESIAN_POINT('Ctrl Pts',(-3.42468120007739,224.609993732043,22.797768923462));
#2386=CARTESIAN_POINT('Ctrl Pts',(-3.28338722667705,224.394628105571,22.7896771206326));
#2387=CARTESIAN_POINT('Ctrl Pts',(-2.9568496566988,223.835574831481,22.7690384855373));
#2388=CARTESIAN_POINT('Ctrl Pts',(-2.78698278899816,223.483819369083,22.7562314398903));
#2389=CARTESIAN_POINT('Ctrl Pts',(-2.51421095836543,222.782916328118,22.7316225876938));
#2390=CARTESIAN_POINT('Ctrl Pts',(-2.40778198310346,222.436404964078,22.719879015512));
#2391=CARTESIAN_POINT('Ctrl Pts',(-2.32706014352379,222.083615140112,22.7083113649779));
#2392=CARTESIAN_POINT('Ctrl Pts',(-2.3270601435238,222.083615140112,22.4932818704712));
#2393=CARTESIAN_POINT('Ctrl Pts',(-2.36432828267396,222.246493244957,22.4987445598563));
#2394=CARTESIAN_POINT('Ctrl Pts',(-2.4071030593083,222.408151349459,22.5042201763639));
#2395=CARTESIAN_POINT('Ctrl Pts',(-2.56467405064792,222.931448587104,22.5220624079069));
#2396=CARTESIAN_POINT('Ctrl Pts',(-2.70168224284279,223.285681570207,22.5342975830646));
#2397=CARTESIAN_POINT('Ctrl Pts',(-3.09455254161226,224.108133791352,22.5633060551266));
#2398=CARTESIAN_POINT('Ctrl Pts',(-3.37491567277334,224.562305441786,22.5798302449141));
#2399=CARTESIAN_POINT('Ctrl Pts',(-3.86102725643916,225.188056952088,22.6055271155717));
#2400=CARTESIAN_POINT('Ctrl Pts',(-4.03132468326817,225.384984003477,22.6140638525488));
#2401=CARTESIAN_POINT('Ctrl Pts',(-4.49156021891266,225.863855823124,22.6357730506636));
#2402=CARTESIAN_POINT('Ctrl Pts',(-4.79482659350003,226.131815639061,22.6488350297272));
#2403=CARTESIAN_POINT('Ctrl Pts',(-5.44402321101393,226.617284790669,22.6746502023794));
#2404=CARTESIAN_POINT('Ctrl Pts',(-5.78910947232033,226.833632841832,22.6873604251407));
#2405=CARTESIAN_POINT('Ctrl Pts',(-6.43876222066821,227.170113392919,22.7106882177688));
#2406=CARTESIAN_POINT('Ctrl Pts',(-6.73685459215785,227.300475054561,22.7213024414628));
#2407=CARTESIAN_POINT('Ctrl Pts',(-7.50526605324098,227.578035547659,22.7480354296031));
#2408=CARTESIAN_POINT('Ctrl Pts',(-7.98349362553459,227.698780952604,22.7639895655601));
#2409=CARTESIAN_POINT('Ctrl Pts',(-8.98546235938201,227.848160668293,22.796213090861));
#2410=CARTESIAN_POINT('Ctrl Pts',(-9.50742566730983,227.870534514954,22.8123997862307));
#2411=CARTESIAN_POINT('Ctrl Pts',(-10.2828993150472,227.822145320088,22.8375906032446));
#2412=CARTESIAN_POINT('Ctrl Pts',(-10.5373762105809,227.793003882276,22.8459878602182));
#2413=CARTESIAN_POINT('Ctrl Pts',(-11.2283946949968,227.67743006784,22.8688922254414));
#2414=CARTESIAN_POINT('Ctrl Pts',(-11.6594833813419,227.564833401031,22.8832480562639));
#2415=CARTESIAN_POINT('Ctrl Pts',(-12.4896589778766,227.26625140281,22.9112836258577));
#2416=CARTESIAN_POINT('Ctrl Pts',(-12.887508107575,227.082053865576,22.9249241918101));
#2417=CARTESIAN_POINT('Ctrl Pts',(-13.4271174087095,226.771705562424,22.9449335730551));
#2418=CARTESIAN_POINT('Ctrl Pts',(-13.5839216260817,226.673552004172,22.9509575162728));
#2419=CARTESIAN_POINT('Ctrl Pts',(-13.9695157193791,226.411647736625,22.9661912148075));
#2420=CARTESIAN_POINT('Ctrl Pts',(-14.1929734286035,226.240558629942,22.9754081755808));
#2421=CARTESIAN_POINT('Ctrl Pts',(-14.7517861555912,225.760016443918,22.9993408072303));
#2422=CARTESIAN_POINT('Ctrl Pts',(-15.0692869987759,225.431630497778,23.0138207342409));
#2423=CARTESIAN_POINT('Ctrl Pts',(-15.5845893197833,224.789854949415,23.0398229220656));
#2424=CARTESIAN_POINT('Ctrl Pts',(-15.7929434301436,224.486849747211,23.0514003085907));
#2425=CARTESIAN_POINT('Ctrl Pts',(-16.1216834909757,223.923482480237,23.0725817634706));
#2426=CARTESIAN_POINT('Ctrl Pts',(-16.251044739964,223.669227934527,23.0819430564057));
#2427=CARTESIAN_POINT('Ctrl Pts',(-16.5122512052784,223.073279617359,23.1031824634001));
#2428=CARTESIAN_POINT('Ctrl Pts',(-16.6340980290997,222.728002480771,23.1149816964577));
#2429=CARTESIAN_POINT('Ctrl Pts',(-16.8367400662727,221.98252524246,23.1395827660259));
#2430=CARTESIAN_POINT('Ctrl Pts',(-16.9110132791276,221.581793180989,23.152300750565));
#2431=CARTESIAN_POINT('Ctrl Pts',(-16.9832287056904,220.870039739018,23.1751128601822));
#2432=CARTESIAN_POINT('Ctrl Pts',(-16.9952091802643,220.561442271183,23.1851771920826));
#2433=CARTESIAN_POINT('Ctrl Pts',(-16.977004007081,219.787001510568,23.2105235769474));
#2434=CARTESIAN_POINT('Ctrl Pts',(-16.9221908253979,219.323054952916,23.2256813966915));
#2435=CARTESIAN_POINT('Ctrl Pts',(-16.7430757638798,218.489668724267,23.2528708261096));
#2436=CARTESIAN_POINT('Ctrl Pts',(-16.6325658506491,218.118935309027,23.264971530799));
#2437=CARTESIAN_POINT('Ctrl Pts',(-16.392115070126,217.494729551489,23.2862152084021));
#2438=CARTESIAN_POINT('Ctrl Pts',(-16.2755377331892,217.236995774252,23.2953477809874));
#2439=CARTESIAN_POINT('Ctrl Pts',(-15.994177030439,216.698998877293,23.3151812158182));
#2440=CARTESIAN_POINT('Ctrl Pts',(-15.8251098666547,216.421621537891,23.3258212538037));
#2441=CARTESIAN_POINT('Ctrl Pts',(-15.3904585602076,215.803584459653,23.3503040069268));
#2442=CARTESIAN_POINT('Ctrl Pts',(-15.1122380709002,215.473237751369,23.3639786772001));
#2443=CARTESIAN_POINT('Ctrl Pts',(-14.5615132352123,214.924260095235,23.3885434105201));
#2444=CARTESIAN_POINT('Ctrl Pts',(-14.2992795512409,214.697108572006,23.399468434651));
#2445=CARTESIAN_POINT('Ctrl Pts',(-13.8134483931178,214.332463015136,23.4191689364175));
#2446=CARTESIAN_POINT('Ctrl Pts',(-13.5966473730087,214.186938768097,23.4277309797826));
#2447=CARTESIAN_POINT('Ctrl Pts',(-13.025777484677,213.845938752972,23.4494649304995));
#2448=CARTESIAN_POINT('Ctrl Pts',(-12.6625797867346,213.667401499561,23.4625259081877));
#2449=CARTESIAN_POINT('Ctrl Pts',(-11.9072177414952,213.369808553205,23.4883781605547));
#2450=CARTESIAN_POINT('Ctrl Pts',(-11.5161076300896,213.251835606724,23.5011247877852));
#2451=CARTESIAN_POINT('Ctrl Pts',(-10.8036994331119,213.099532351431,23.5243592746973));
#2452=CARTESIAN_POINT('Ctrl Pts',(-10.4860958488369,213.052877834655,23.5348322888233));
#2453=CARTESIAN_POINT('Ctrl Pts',(-9.70592051882346,212.989470198543,23.5604444690205));
#2454=CARTESIAN_POINT('Ctrl Pts',(-9.24286050184974,212.995112892424,23.5754518110251));
#2455=CARTESIAN_POINT('Ctrl Pts',(-8.3913508416551,213.085257686062,23.6027452741991));
#2456=CARTESIAN_POINT('Ctrl Pts',(-8.00329926899207,213.157901975899,23.6150822810076));
#2457=CARTESIAN_POINT('Ctrl Pts',(-7.31889268858942,213.343379481759,23.6376350729954));
#2458=CARTESIAN_POINT('Ctrl Pts',(-7.02048796241715,213.445007297626,23.6478709830435));
#2459=CARTESIAN_POINT('Ctrl Pts',(-6.30647377975396,213.740047218489,23.6731437961443));
#2460=CARTESIAN_POINT('Ctrl Pts',(-5.90055706720472,213.953561303398,23.6880604997156));
#2461=CARTESIAN_POINT('Ctrl Pts',(-5.20818474085906,214.403854228984,23.7144590066986));
#2462=CARTESIAN_POINT('Ctrl Pts',(-4.91484828536332,214.627307624342,23.7260246227522));
#2463=CARTESIAN_POINT('Ctrl Pts',(-4.44619165258729,215.042805527669,23.7458566352867));
#2464=CARTESIAN_POINT('Ctrl Pts',(-4.26214324014586,215.223959070408,23.754105100196));
#2465=CARTESIAN_POINT('Ctrl Pts',(-3.8679182400218,215.654667176068,23.7730969982095));
#2466=CARTESIAN_POINT('Ctrl Pts',(-3.66399474362516,215.909225073853,23.7838058498627));
#2467=CARTESIAN_POINT('Ctrl Pts',(-3.23041380108283,216.530104371427,23.8084529706397));
#2468=CARTESIAN_POINT('Ctrl Pts',(-3.01467937113005,216.904719765203,23.8222388018185));
#2469=CARTESIAN_POINT('Ctrl Pts',(-2.63923359014019,217.711865416753,23.850402986029));
#2470=CARTESIAN_POINT('Ctrl Pts',(-2.48473087907569,218.144804830519,23.8648009370624));
#2471=CARTESIAN_POINT('Ctrl Pts',(-2.26928101990847,218.98794323264,23.8931302650081));
#2472=CARTESIAN_POINT('Ctrl Pts',(-2.2007192257665,219.394439979683,23.9066643789263));
#2473=CARTESIAN_POINT('Ctrl Pts',(-2.13437164621357,220.182413725448,23.9322410497921));
#2474=CARTESIAN_POINT('Ctrl Pts',(-2.13155073307866,220.562194505735,23.944285611392));
#2475=CARTESIAN_POINT('Ctrl Pts',(-2.18441055786343,221.32539950963,23.9684617618093));
#2476=CARTESIAN_POINT('Ctrl Pts',(-2.24101942050549,221.707579467273,23.9806027030777));
#2477=CARTESIAN_POINT('Ctrl Pts',(-2.32706014670862,222.083615154031,23.9931288105751));
#2478=CARTESIAN_POINT('Origin',(-9.5650092758881,220.4275,15.0723306367838));
#2479=CARTESIAN_POINT('',(-5.56500927588811,220.4275,25.0723306367838));
#2480=CARTESIAN_POINT('Origin',(-9.5650092758881,220.4275,25.0723306367838));
#2481=CARTESIAN_POINT('',(-5.56500927588811,220.4275,15.0723306367838));
#2482=CARTESIAN_POINT('',(-5.56500927588811,220.4275,15.0723306367838));
#2483=CARTESIAN_POINT('Origin',(-9.5650092758881,220.4275,15.0723306367838));
#2484=CARTESIAN_POINT('Origin',(-9.5650092758881,220.4275,25.0723306367838));
#2485=CARTESIAN_POINT('',(-3.69547971053439,217.814217068238,25.0723306367838));
#2486=CARTESIAN_POINT('Origin',(-9.5650092758881,220.4275,25.0723306367838));
#2487=CARTESIAN_POINT('Origin',(-9.5650092758881,220.4275,13.0723306367838));
#2488=CARTESIAN_POINT('',(-3.25574535893904,224.342064321388,24.0723306367839));
#2489=CARTESIAN_POINT('Ctrl Pts',(-2.32706014670862,222.083615154031,23.9931288105751));
#2490=CARTESIAN_POINT('Ctrl Pts',(-2.32981372382819,222.095649492987,23.9935296858875));
#2491=CARTESIAN_POINT('Ctrl Pts',(-2.33259744713098,222.10767754332,23.993930811398));
#2492=CARTESIAN_POINT('Ctrl Pts',(-2.40641376173814,222.423043654442,24.0044597045538));
#2493=CARTESIAN_POINT('Ctrl Pts',(-2.49643770655825,222.721618780092,24.0146968378992));
#2494=CARTESIAN_POINT('Ctrl Pts',(-2.68470528395496,223.228298988212,24.0323073600275));
#2495=CARTESIAN_POINT('Ctrl Pts',(-2.77434786207907,223.439140309807,24.039714965251));
#2496=CARTESIAN_POINT('Ctrl Pts',(-2.98845235280114,223.884342712447,24.0555565693684));
#2497=CARTESIAN_POINT('Ctrl Pts',(-3.11601942022946,224.116862293529,24.0639552940954));
#2498=CARTESIAN_POINT('Ctrl Pts',(-3.25574535893908,224.342064321388,24.0723306367839));
#2499=CARTESIAN_POINT('Origin',(-9.5650092758881,220.4275,24.0723306367837));
#2500=CARTESIAN_POINT('Origin',(-9.5650092758881,220.4275,13.299460232683));
#2501=CARTESIAN_POINT('',(-3.56419463870934,217.755623354439,23.0494602417395));
#2502=CARTESIAN_POINT('Ctrl Pts',(-8.56641251907856,213.935401732122,22.8111193571925));
#2503=CARTESIAN_POINT('Ctrl Pts',(-8.26300681868213,213.982070765139,22.8221306994771));
#2504=CARTESIAN_POINT('Ctrl Pts',(-7.96320874696226,214.049957335142,22.8330431750539));
#2505=CARTESIAN_POINT('Ctrl Pts',(-7.28328489257657,214.254919146711,22.8586351470277));
#2506=CARTESIAN_POINT('Ctrl Pts',(-6.90888005823468,214.406537821884,22.8733988351956));
#2507=CARTESIAN_POINT('Ctrl Pts',(-6.23254058619142,214.7558638506,22.9015167184244));
#2508=CARTESIAN_POINT('Ctrl Pts',(-5.92829599830172,214.945973127819,22.9146907927763));
#2509=CARTESIAN_POINT('Ctrl Pts',(-5.48228717596207,215.278217067212,22.9346599110412));
#2510=CARTESIAN_POINT('Ctrl Pts',(-5.32893979639568,215.403612032702,22.9417173886276));
#2511=CARTESIAN_POINT('Ctrl Pts',(-4.87911703322876,215.806699512089,22.9633411705042));
#2512=CARTESIAN_POINT('Ctrl Pts',(-4.60252340954734,216.105104090065,22.9780115034997));
#2513=CARTESIAN_POINT('Ctrl Pts',(-4.04029054365771,216.837308601408,23.0119719300865));
#2514=CARTESIAN_POINT('Ctrl Pts',(-3.77485702143581,217.28327389662,23.0311156288796));
#2515=CARTESIAN_POINT('Ctrl Pts',(-3.56448708022144,217.755746122523,23.0496430629381));
#2516=CARTESIAN_POINT('',(-14.4853482754597,216.075848972347,24.0723306246666));
#2517=CARTESIAN_POINT('Ctrl Pts',(-3.56419463870934,217.755623354439,23.0494602417395));
#2518=CARTESIAN_POINT('Ctrl Pts',(-3.18584870957387,218.607457562882,23.0833418659416));
#2519=CARTESIAN_POINT('Ctrl Pts',(-2.76209985732397,220.624148675579,23.1565500150189));
#2520=CARTESIAN_POINT('Ctrl Pts',(-3.56424388157003,223.714166739383,23.2690846889717));
#2521=CARTESIAN_POINT('Ctrl Pts',(-5.84115370165276,226.167208985245,23.3870642635977));
#2522=CARTESIAN_POINT('Ctrl Pts',(-9.0091636607574,227.246767015064,23.5050438382238));
#2523=CARTESIAN_POINT('Ctrl Pts',(-12.3101862554074,226.694505771214,23.6230234128498));
#2524=CARTESIAN_POINT('Ctrl Pts',(-14.9542981050982,224.642583095347,23.7410029874758));
#2525=CARTESIAN_POINT('Ctrl Pts',(-16.3087859540606,221.582004782519,23.8589825621019));
#2526=CARTESIAN_POINT('Ctrl Pts',(-16.0660701159309,218.458344178622,23.9694251078321));
#2527=CARTESIAN_POINT('Ctrl Pts',(-15.0640870666465,216.731564722776,24.040541128687));
#2528=CARTESIAN_POINT('Ctrl Pts',(-14.4853482754597,216.075848972347,24.0723306246666));
#2529=CARTESIAN_POINT('',(-15.2825238266357,223.660851630196,24.0723306367837));
#2530=CARTESIAN_POINT('Origin',(-9.5650092758881,220.4275,24.0723306367837));
#2531=CARTESIAN_POINT('',(-3.56437005711618,217.756008961528,23.3452010408846));
#2532=CARTESIAN_POINT('Ctrl Pts',(-3.56437005711618,217.756008961528,23.3452010408846));
#2533=CARTESIAN_POINT('Ctrl Pts',(-3.4881012123483,217.927322214874,23.3520164590981));
#2534=CARTESIAN_POINT('Ctrl Pts',(-3.41918770141116,218.101869448179,23.3588318773117));
#2535=CARTESIAN_POINT('Ctrl Pts',(-3.35786827775722,218.279027046523,23.3656472955253));
#2536=CARTESIAN_POINT('Ctrl Pts',(-3.32987162460508,218.359912018014,23.3687590158977));
#2537=CARTESIAN_POINT('Ctrl Pts',(-3.30345733863163,218.44134088729,23.3718707362702));
#2538=CARTESIAN_POINT('Ctrl Pts',(-3.27864472516971,218.523253131033,23.3749824566427));
#2539=CARTESIAN_POINT('Ctrl Pts',(-3.2267455568218,218.694584431313,23.3814910696798));
#2540=CARTESIAN_POINT('Ctrl Pts',(-3.18184647653341,218.868066362657,23.3879996827169));
#2541=CARTESIAN_POINT('Ctrl Pts',(-3.14410560038214,219.043111545709,23.394508295754));
#2542=CARTESIAN_POINT('Ctrl Pts',(-3.10637152804197,219.218125172145,23.401015735438));
#2543=CARTESIAN_POINT('Ctrl Pts',(-3.07579314992793,219.39470118479,23.407523175122));
#2544=CARTESIAN_POINT('Ctrl Pts',(-3.0524777339912,219.572240788826,23.414030614806));
#2545=CARTESIAN_POINT('Ctrl Pts',(-3.0291614193973,219.749787235856,23.4205383053093));
#2546=CARTESIAN_POINT('Ctrl Pts',(-3.01310867108948,219.928297041474,23.4270459958127));
#2547=CARTESIAN_POINT('Ctrl Pts',(-3.00437513258466,220.10716417587,23.433553686316));
#2548=CARTESIAN_POINT('Ctrl Pts',(-2.99564214835816,220.286019958375,23.4400609638056));
#2549=CARTESIAN_POINT('Ctrl Pts',(-2.99422745943637,220.465232714382,23.4465682412952));
#2550=CARTESIAN_POINT('Ctrl Pts',(-3.00013463009291,220.644193995061,23.4530755187847));
#2551=CARTESIAN_POINT('Ctrl Pts',(-3.00604323147132,220.823198620318,23.4595843723426));
#2552=CARTESIAN_POINT('Ctrl Pts',(-3.01927722776877,221.001951338214,23.4660932259004));
#2553=CARTESIAN_POINT('Ctrl Pts',(-3.03978806604796,221.179845376242,23.4726020794583));
#2554=CARTESIAN_POINT('Ctrl Pts',(-3.05933096803644,221.349344335874,23.4788037707498));
#2555=CARTESIAN_POINT('Ctrl Pts',(-3.08547971197966,221.518063534831,23.4850054620413));
#2556=CARTESIAN_POINT('Ctrl Pts',(-3.11814862474645,221.685483762718,23.4912071533329));
#2557=CARTESIAN_POINT('Ctrl Pts',(-3.15243373261371,221.86118659719,23.4977156544394));
#2558=CARTESIAN_POINT('Ctrl Pts',(-3.19391153934621,222.035515299923,23.5042241555458));
#2559=CARTESIAN_POINT('Ctrl Pts',(-3.24244698606309,222.207876784218,23.5107326566523));
#2560=CARTESIAN_POINT('Ctrl Pts',(-3.29097370618816,222.380207278208,23.5172399875412));
#2561=CARTESIAN_POINT('Ctrl Pts',(-3.34655544990806,222.550570961138,23.5237473184301));
#2562=CARTESIAN_POINT('Ctrl Pts',(-3.40900687772218,222.71838844693,23.530254649319));
#2563=CARTESIAN_POINT('Ctrl Pts',(-3.47146076921606,222.886212553043,23.5367622369191));
#2564=CARTESIAN_POINT('Ctrl Pts',(-3.5407847822203,223.051489969012,23.5432698245191));
#2565=CARTESIAN_POINT('Ctrl Pts',(-3.61674456619514,223.213659066873,23.5497774121192));
#2566=CARTESIAN_POINT('Ctrl Pts',(-3.69269956937215,223.375817958049,23.5562845901412));
#2567=CARTESIAN_POINT('Ctrl Pts',(-3.77528937605486,223.534868641659,23.5627917681632));
#2568=CARTESIAN_POINT('Ctrl Pts',(-3.86423247626737,223.690271717943,23.5692989461853));
#2569=CARTESIAN_POINT('Ctrl Pts',(-3.95319720979764,223.84571259237,23.5758077069253));
#2570=CARTESIAN_POINT('Ctrl Pts',(-4.04851817222217,223.99750381622,23.5823164676654));
#2571=CARTESIAN_POINT('Ctrl Pts',(-4.14986857635555,224.145131854658,23.5888252284055));
#2572=CARTESIAN_POINT('Ctrl Pts',(-4.24644551810161,224.28580681881,23.5950274356113));
#2573=CARTESIAN_POINT('Ctrl Pts',(-4.34849687043888,224.422701519427,23.6012296428172));
#2574=CARTESIAN_POINT('Ctrl Pts',(-4.4557039110404,224.555397054341,23.607431850023));
#2575=CARTESIAN_POINT('Ctrl Pts',(-4.56817798506436,224.694611860876,23.6139387688641));
#2576=CARTESIAN_POINT('Ctrl Pts',(-4.68636363120781,224.829249728125,23.6204456877051));
#2577=CARTESIAN_POINT('Ctrl Pts',(-4.80986426237481,224.95884983233,23.6269526065462));
#2578=CARTESIAN_POINT('Ctrl Pts',(-4.93334253477777,225.088426473512,23.6334583473636));
#2579=CARTESIAN_POINT('Ctrl Pts',(-5.06213365784343,225.212966947017,23.639964088181));
#2580=CARTESIAN_POINT('Ctrl Pts',(-5.19580301069332,225.332046055924,23.6464698289984));
#2581=CARTESIAN_POINT('Ctrl Pts',(-5.32947769638126,225.451129915581,23.6529758293672));
#2582=CARTESIAN_POINT('Ctrl Pts',(-5.4680307717808,225.564751765395,23.6594818297359));
#2583=CARTESIAN_POINT('Ctrl Pts',(-5.61099260339906,225.672525029128,23.6659878301047));
#2584=CARTESIAN_POINT('Ctrl Pts',(-5.75394553889834,225.780291586429,23.6724934256231));
#2585=CARTESIAN_POINT('Ctrl Pts',(-5.90130643352096,225.882210099076,23.6789990211415));
#2586=CARTESIAN_POINT('Ctrl Pts',(-6.05257437187341,225.977935698894,23.6855046166599));
#2587=CARTESIAN_POINT('Ctrl Pts',(-6.20387963765433,226.07368492031,23.6920118175227));
#2588=CARTESIAN_POINT('Ctrl Pts',(-6.35909361215709,226.163238007363,23.6985190183856));
#2589=CARTESIAN_POINT('Ctrl Pts',(-6.51768746276672,226.246294133648,23.7050262192485));
#2590=CARTESIAN_POINT('Ctrl Pts',(-6.66904057823651,226.325558262892,23.7112363284034));
#2591=CARTESIAN_POINT('Ctrl Pts',(-6.82347159691059,226.39890533504,23.7174464375583));
#2592=CARTESIAN_POINT('Ctrl Pts',(-6.98050087678019,226.466113395262,23.7236565467132));
#2593=CARTESIAN_POINT('Ctrl Pts',(-7.14520088490835,226.536604504144,23.7301700136866));
#2594=CARTESIAN_POINT('Ctrl Pts',(-7.31281208542753,226.600364404977,23.73668348066));
#2595=CARTESIAN_POINT('Ctrl Pts',(-7.48276717564181,226.657171198263,23.7431969476334));
#2596=CARTESIAN_POINT('Ctrl Pts',(-7.65269227839172,226.713967968361,23.7497092653482));
#2597=CARTESIAN_POINT('Ctrl Pts',(-7.82496015231261,226.763813981277,23.7562215830629));
#2598=CARTESIAN_POINT('Ctrl Pts',(-7.99898657212992,226.806536627408,23.7627339007777));
#2599=CARTESIAN_POINT('Ctrl Pts',(-8.17301948845498,226.8492608684,23.7692464616011));
#2600=CARTESIAN_POINT('Ctrl Pts',(-8.34881078250712,226.884861133345,23.7757590224245));
#2601=CARTESIAN_POINT('Ctrl Pts',(-8.52576337140653,226.913215330827,23.7822715832478));
#2602=CARTESIAN_POINT('Ctrl Pts',(-8.70270436154041,226.941567669767,23.7887837171904));
#2603=CARTESIAN_POINT('Ctrl Pts',(-8.88080618877914,226.962674842736,23.7952958511329));
#2604=CARTESIAN_POINT('Ctrl Pts',(-9.0594636375053,226.976466255067,23.8018079850755));
#2605=CARTESIAN_POINT('Ctrl Pts',(-9.23816247265112,226.990260862212,23.8083216275693));
#2606=CARTESIAN_POINT('Ctrl Pts',(-9.41741687807302,226.996736296485,23.814835270063));
#2607=CARTESIAN_POINT('Ctrl Pts',(-9.59661757228276,226.995873947797,23.8213489125568));
#2608=CARTESIAN_POINT('Ctrl Pts',(-9.76656889911768,226.995056108869,23.8275263561723));
#2609=CARTESIAN_POINT('Ctrl Pts',(-9.93647166593934,226.987638811222,23.8337037997878));
#2610=CARTESIAN_POINT('Ctrl Pts',(-10.1058069147356,226.973649503053,23.8398812434033));
#2611=CARTESIAN_POINT('Ctrl Pts',(-10.2838916150016,226.95893737566,23.8463778718519));
#2612=CARTESIAN_POINT('Ctrl Pts',(-10.4614064372722,226.936951315248,23.8528745003005));
#2613=CARTESIAN_POINT('Ctrl Pts',(-10.6377491108749,226.907759612773,23.8593711287491));
#2614=CARTESIAN_POINT('Ctrl Pts',(-10.8140592570258,226.87857329488,23.8658665588561));
#2615=CARTESIAN_POINT('Ctrl Pts',(-10.9891973777558,226.84218403818,23.872361988963));
#2616=CARTESIAN_POINT('Ctrl Pts',(-11.1625692489838,226.7987116222,23.87885741907));
#2617=CARTESIAN_POINT('Ctrl Pts',(-11.3359497317701,226.755237046901,23.8853531718116));
#2618=CARTESIAN_POINT('Ctrl Pts',(-11.5075634854581,226.704678680908,23.8918489245532));
#2619=CARTESIAN_POINT('Ctrl Pts',(-11.6768285147612,226.647206979016,23.8983446772949));
#2620=CARTESIAN_POINT('Ctrl Pts',(-11.8460844034442,226.589738380702,23.904840079254));
#2621=CARTESIAN_POINT('Ctrl Pts',(-12.0129915257219,226.525357294598,23.9113354812131));
#2622=CARTESIAN_POINT('Ctrl Pts',(-12.1769847971949,226.454283493589,23.9178308831723));
#2623=CARTESIAN_POINT('Ctrl Pts',(-12.341023233547,226.383190118365,23.92432807401));
#2624=CARTESIAN_POINT('Ctrl Pts',(-12.5021459277458,226.305400467638,23.9308252648476));
#2625=CARTESIAN_POINT('Ctrl Pts',(-12.6598085232657,226.2211821643,23.9373224556853));
#2626=CARTESIAN_POINT('Ctrl Pts',(-12.8117435661013,226.140023335962,23.9435836171547));
#2627=CARTESIAN_POINT('Ctrl Pts',(-12.960465241101,226.052894837442,23.9498447786241));
#2628=CARTESIAN_POINT('Ctrl Pts',(-13.1055086483989,225.960076216895,23.9561059400935));
#2629=CARTESIAN_POINT('Ctrl Pts',(-13.2570484944797,225.863100285805,23.9626475365923));
#2630=CARTESIAN_POINT('Ctrl Pts',(-13.4046233779226,225.759880687223,23.9691891330912));
#2631=CARTESIAN_POINT('Ctrl Pts',(-13.5477268122693,225.650764920325,23.97573072959));
#2632=CARTESIAN_POINT('Ctrl Pts',(-13.6908031302927,225.541669829511,23.9822710865376));
#2633=CARTESIAN_POINT('Ctrl Pts',(-13.8294094489269,225.426680984321,23.9888114434851));
#2634=CARTESIAN_POINT('Ctrl Pts',(-13.9630705399201,225.30618758175,23.9953518004327));
#2635=CARTESIAN_POINT('Ctrl Pts',(-14.0967280499098,225.185697407398,24.0018919821531));
#2636=CARTESIAN_POINT('Ctrl Pts',(-14.2254403687395,225.059703170638,24.0084321638736));
#2637=CARTESIAN_POINT('Ctrl Pts',(-14.3487668297813,224.928633087131,24.0149723455941));
#2638=CARTESIAN_POINT('Ctrl Pts',(-14.472079730468,224.79757741543,24.0215118081892));
#2639=CARTESIAN_POINT('Ctrl Pts',(-14.5900077487266,224.661447233484,24.0280512707843));
#2640=CARTESIAN_POINT('Ctrl Pts',(-14.7021481613768,224.520706502695,24.0345907333794));
#2641=CARTESIAN_POINT('Ctrl Pts',(-14.8143016139127,224.379949406324,24.0411309563948));
#2642=CARTESIAN_POINT('Ctrl Pts',(-14.9206659249383,224.234580925968,24.0476711794102));
#2643=CARTESIAN_POINT('Ctrl Pts',(-15.0208790347826,224.085097650984,24.0542114024256));
#2644=CARTESIAN_POINT('Ctrl Pts',(-15.113423525429,223.947053301646,24.0602511472116));
#2645=CARTESIAN_POINT('Ctrl Pts',(-15.200722540122,223.80550031039,24.0662908919977));
#2646=CARTESIAN_POINT('Ctrl Pts',(-15.2825238266356,223.660851630196,24.0723306367837));
#2647=CARTESIAN_POINT('Ctrl Pts',(-8.56644477621466,213.935612949337,23.1066316371468));
#2648=CARTESIAN_POINT('Ctrl Pts',(-8.24094019501177,213.985402503495,23.1185987791854));
#2649=CARTESIAN_POINT('Ctrl Pts',(-6.87769230462268,214.299455163512,23.1693074867873));
#2650=CARTESIAN_POINT('Ctrl Pts',(-4.95195778839639,215.47062605282,23.2488306213665));
#2651=CARTESIAN_POINT('Ctrl Pts',(-3.88756287558752,217.032063735143,23.3163866139072));
#2652=CARTESIAN_POINT('Ctrl Pts',(-3.56442581976669,217.75603378712,23.3452010408846));
#2653=CARTESIAN_POINT('Origin',(-9.5650092758881,220.4275,15.0723306367838));
#2654=CARTESIAN_POINT('Origin',(-9.5650092758881,220.4275,16.8623306367838));
#2655=CARTESIAN_POINT('',(-12.6158881179629,213.457177203169,16.0723306367837));
#2656=CARTESIAN_POINT('Ctrl Pts',(-12.615888117962,213.457177203171,16.0723306367892));
#2657=CARTESIAN_POINT('Ctrl Pts',(-12.1770059035324,213.271332981835,16.0839766799623));
#2658=CARTESIAN_POINT('Ctrl Pts',(-11.7213857796491,213.12710619391,16.096017542079));
#2659=CARTESIAN_POINT('Ctrl Pts',(-10.8037523247612,212.928681364201,16.1194613874187));
#2660=CARTESIAN_POINT('Ctrl Pts',(-10.3438194119687,212.872215868756,16.130832513708));
#2661=CARTESIAN_POINT('Ctrl Pts',(-8.91088400413959,212.827777585932,16.1661487001779));
#2662=CARTESIAN_POINT('Ctrl Pts',(-7.94662270280365,212.984251850408,16.191394320989));
#2663=CARTESIAN_POINT('Ctrl Pts',(-6.59535169649098,213.479949722093,16.2284021908139));
#2664=CARTESIAN_POINT('Ctrl Pts',(-6.16965380950031,213.682740079563,16.2402801838478));
#2665=CARTESIAN_POINT('Ctrl Pts',(-5.36513945182326,214.162909214316,16.2645836120587));
#2666=CARTESIAN_POINT('Ctrl Pts',(-4.98780373473913,214.438654604648,16.2771814664979));
#2667=CARTESIAN_POINT('Ctrl Pts',(-3.98307802289972,215.326192268733,16.3133207760628));
#2668=CARTESIAN_POINT('Ctrl Pts',(-3.43222698783688,216.015581814356,16.3358231298675));
#2669=CARTESIAN_POINT('Ctrl Pts',(-2.77863078330231,217.21338889491,16.3732061453474));
#2670=CARTESIAN_POINT('Ctrl Pts',(-2.5867533949286,217.664969188711,16.3870010029674));
#2671=CARTESIAN_POINT('Ctrl Pts',(-2.29527155436451,218.593134489467,16.414035368399));
#2672=CARTESIAN_POINT('Ctrl Pts',(-2.19519079842754,219.067514545404,16.4272220305327));
#2673=CARTESIAN_POINT('Ctrl Pts',(-2.03082276489903,220.539050310033,16.4679920868468));
#2674=CARTESIAN_POINT('Ctrl Pts',(-2.11920719818173,221.540369715443,16.4971445057921));
#2675=CARTESIAN_POINT('Ctrl Pts',(-2.52237737682159,222.909249966188,16.537752051788));
#2676=CARTESIAN_POINT('Ctrl Pts',(-2.67989590030644,223.311982960028,16.5498933099469));
#2677=CARTESIAN_POINT('Ctrl Pts',(-3.09917105812652,224.159198716474,16.5775251571468));
#2678=CARTESIAN_POINT('Ctrl Pts',(-3.37400082219005,224.594967618212,16.5930671448765));
#2679=CARTESIAN_POINT('Ctrl Pts',(-4.26648641065099,225.731646109808,16.6361281254576));
#2680=CARTESIAN_POINT('Ctrl Pts',(-4.97379530729381,226.350538229712,16.6628507774922));
#2681=CARTESIAN_POINT('Ctrl Pts',(-6.132615368275,227.032212327405,16.704492053969));
#2682=CARTESIAN_POINT('Ctrl Pts',(-6.50479439110662,227.211489872849,16.7172873938056));
#2683=CARTESIAN_POINT('Ctrl Pts',(-7.44207353874523,227.570775665143,16.7480829515193));
#2684=CARTESIAN_POINT('Ctrl Pts',(-8.01755767295078,227.716065457392,16.7657504210307));
#2685=CARTESIAN_POINT('Ctrl Pts',(-9.41278725797198,227.896148295736,16.8101200759485));
#2686=CARTESIAN_POINT('Ctrl Pts',(-10.2332062523814,227.867197308921,16.8365302152468));
#2687=CARTESIAN_POINT('Ctrl Pts',(-11.0325691248945,227.706022727146,16.8623306367838));
#2688=CARTESIAN_POINT('',(-12.7037525082575,213.496130678787,16.0725365038122));
#2689=CARTESIAN_POINT('Ctrl Pts',(-4.77016636631353,226.096724527174,16.8625843471208));
#2690=CARTESIAN_POINT('Ctrl Pts',(-4.20524861211591,225.618931262317,16.8384416304197));
#2691=CARTESIAN_POINT('Ctrl Pts',(-3.71454660949023,225.059733962913,16.8141045589114));
#2692=CARTESIAN_POINT('Ctrl Pts',(-3.13384769667914,224.157103098234,16.7793803543017));
#2693=CARTESIAN_POINT('Ctrl Pts',(-2.97253664603004,223.86507728619,16.7686336370867));
#2694=CARTESIAN_POINT('Ctrl Pts',(-2.68812783658753,223.257424025785,16.7463553272694));
#2695=CARTESIAN_POINT('Ctrl Pts',(-2.56588304827878,222.942231439094,16.7348040587655));
#2696=CARTESIAN_POINT('Ctrl Pts',(-2.33505342618169,222.201745358539,16.708250031081));
#2697=CARTESIAN_POINT('Ctrl Pts',(-2.24176004847215,221.773000059211,16.6933275701905));
#2698=CARTESIAN_POINT('Ctrl Pts',(-2.13747542640354,220.951901867248,16.6653841887155));
#2699=CARTESIAN_POINT('Ctrl Pts',(-2.1187187440194,220.562143290351,16.6523697901225));
#2700=CARTESIAN_POINT('Ctrl Pts',(-2.15673427124909,219.293544386577,16.6088544863585));
#2701=CARTESIAN_POINT('Ctrl Pts',(-2.33755931394071,218.426020533538,16.5768877969215));
#2702=CARTESIAN_POINT('Ctrl Pts',(-2.84195147559573,217.168565238034,16.5291364833447));
#2703=CARTESIAN_POINT('Ctrl Pts',(-3.06010677677432,216.745929670681,16.5125821517578));
#2704=CARTESIAN_POINT('Ctrl Pts',(-3.69166303888586,215.762411777173,16.4697439245031));
#2705=CARTESIAN_POINT('Ctrl Pts',(-4.14589853650115,215.23288754183,16.4434456801855));
#2706=CARTESIAN_POINT('Ctrl Pts',(-5.01870654674698,214.462142250292,16.4002659940407));
#2707=CARTESIAN_POINT('Ctrl Pts',(-5.39886287272444,214.185101135917,16.383097879945));
#2708=CARTESIAN_POINT('Ctrl Pts',(-6.52101631064447,213.517148868474,16.3332973646939));
#2709=CARTESIAN_POINT('Ctrl Pts',(-7.30456234947197,213.211446943123,16.2997267942002));
#2710=CARTESIAN_POINT('Ctrl Pts',(-8.5750674047458,212.945276660599,16.2487625440151));
#2711=CARTESIAN_POINT('Ctrl Pts',(-9.03393528749509,212.892155635782,16.2307867141748));
#2712=CARTESIAN_POINT('Ctrl Pts',(-10.0560640348484,212.866211349765,16.1888197610217));
#2713=CARTESIAN_POINT('Ctrl Pts',(-10.6173789301356,212.913719957721,16.1648322346842));
#2714=CARTESIAN_POINT('Ctrl Pts',(-11.6957820545885,213.126326496273,16.1183244219676));
#2715=CARTESIAN_POINT('Ctrl Pts',(-12.2095976955015,213.285285045505,16.0959676528009));
#2716=CARTESIAN_POINT('Ctrl Pts',(-12.7035860570212,213.496445475934,16.0727423708406));
#2717=CARTESIAN_POINT('',(-12.7123389651059,213.500193349619,16.0723306367837));
#2718=CARTESIAN_POINT('Ctrl Pts',(-12.7037525082575,213.496130678787,16.0723306367837));
#2719=CARTESIAN_POINT('Ctrl Pts',(-12.7066146605403,213.497484902397,16.0723306367837));
#2720=CARTESIAN_POINT('Ctrl Pts',(-12.7094768128231,213.498839126008,16.0723306367837));
#2721=CARTESIAN_POINT('Ctrl Pts',(-12.7123389651059,213.500193349619,16.0723306367837));
#2722=CARTESIAN_POINT('',(-17.1737714354672,220.4275,16.0723306367837));
#2723=CARTESIAN_POINT('Origin',(-9.5650092758881,220.4275,16.0723306367837));
#2724=CARTESIAN_POINT('',(-18.7800092758881,220.4275,15.0723306367838));
#2725=CARTESIAN_POINT('Origin',(-18.7800092758881,220.4275,16.8623306367838));
#2726=CARTESIAN_POINT('Origin',(-9.5650092758881,220.4275,15.0723306367838));
#2727=CARTESIAN_POINT('Origin',(-9.5650092758881,220.4275,16.0723306367837));
#2728=CARTESIAN_POINT('Origin',(-9.5650092758881,220.4275,15.0723306367838));
#2729=CARTESIAN_POINT('',(18.1849907241119,220.4275,15.0723306367838));
#2730=CARTESIAN_POINT('Origin',(-9.5650092758881,220.4275,15.0723306367838));
#2731=CARTESIAN_POINT('Origin',(-9.5650092758881,220.4275,13.0723306367838));
#2732=CARTESIAN_POINT('',(18.1849907241119,220.4275,13.0723306367838));
#2733=CARTESIAN_POINT('Origin',(-9.5650092758881,220.4275,13.0723306367838));
#2734=CARTESIAN_POINT('',(13.0452408007663,210.360768083874,13.0723306367838));
#2735=CARTESIAN_POINT('Origin',(-9.5650092758881,220.4275,13.0723306367838));
#2736=CARTESIAN_POINT('Origin',(-9.5650092758881,220.4275,13.0723306367838));
#2737=CARTESIAN_POINT('',(18.1849907241119,220.4275,13.0723306367838));
#2738=CARTESIAN_POINT('Origin',(-9.56500927588811,220.4275,16.0723306367837));
#2739=CARTESIAN_POINT('',(-15.2384042050215,215.637309821103,16.0723306367838));
#2740=CARTESIAN_POINT('Ctrl Pts',(-12.7123389651059,213.500193349619,16.0723306367838));
#2741=CARTESIAN_POINT('Ctrl Pts',(-12.8106763864095,213.551396802856,16.072330636784));
#2742=CARTESIAN_POINT('Ctrl Pts',(-12.9077778522071,213.604723253507,16.0723306367838));
#2743=CARTESIAN_POINT('Ctrl Pts',(-13.0035696941836,213.660150865907,16.0723306367838));
#2744=CARTESIAN_POINT('Ctrl Pts',(-13.1770128721118,213.760509529455,16.0723306367838));
#2745=CARTESIAN_POINT('Ctrl Pts',(-13.3461644380242,213.86775399964,16.0723306367839));
#2746=CARTESIAN_POINT('Ctrl Pts',(-13.5107068403779,213.981514867371,16.0723306367838));
#2747=CARTESIAN_POINT('Ctrl Pts',(-13.6757050294049,214.095590855622,16.0723306367837));
#2748=CARTESIAN_POINT('Ctrl Pts',(-13.8360689858188,214.216219913764,16.0723306367839));
#2749=CARTESIAN_POINT('Ctrl Pts',(-13.9914452251806,214.343070316204,16.0723306367839));
#2750=CARTESIAN_POINT('Ctrl Pts',(-14.1459461138794,214.469206075374,16.072330636784));
#2751=CARTESIAN_POINT('Ctrl Pts',(-14.2955157691551,214.601493824941,16.0723306367837));
#2752=CARTESIAN_POINT('Ctrl Pts',(-14.4397667978819,214.739639593166,16.0723306367837));
#2753=CARTESIAN_POINT('Ctrl Pts',(-14.5840178266088,214.877785361391,16.0723306367837));
#2754=CARTESIAN_POINT('Ctrl Pts',(-14.7229507118069,215.021789652765,16.0723306367838));
#2755=CARTESIAN_POINT('Ctrl Pts',(-14.8561311198059,215.171382945796,16.0723306367838));
#2756=CARTESIAN_POINT('Ctrl Pts',(-14.8760339695097,215.193738582579,16.0723306367838));
#2757=CARTESIAN_POINT('Ctrl Pts',(-14.8958103725178,215.216221608692,16.0723306367838));
#2758=CARTESIAN_POINT('Ctrl Pts',(-14.9154420375491,215.23881160726,16.0723306367838));
#2759=CARTESIAN_POINT('Ctrl Pts',(-15.027775554547,215.36807287899,16.0723306367837));
#2760=CARTESIAN_POINT('Ctrl Pts',(-15.1354836397141,215.500958905601,16.0723306367838));
#2761=CARTESIAN_POINT('Ctrl Pts',(-15.2383554869568,215.637245277116,16.0723306367836));
#2762=CARTESIAN_POINT('Ctrl Pts',(-15.2384529230863,215.637374365091,16.0723306367839));
#2763=CARTESIAN_POINT('Ctrl Pts',(-15.3573687243528,215.794923201243,16.0723306367839));
#2764=CARTESIAN_POINT('Ctrl Pts',(-15.4698096652955,215.956997778261,16.0723306367837));
#2765=CARTESIAN_POINT('Ctrl Pts',(-15.5754252628434,216.123286713962,16.0723306367836));
#2766=CARTESIAN_POINT('Ctrl Pts',(-15.5952358077077,216.154477887403,16.0723306367836));
#2767=CARTESIAN_POINT('Ctrl Pts',(-15.6148060893345,216.185817413975,16.0723306367837));
#2768=CARTESIAN_POINT('Ctrl Pts',(-15.6341336169098,216.217303341571,16.0723306367837));
#2769=CARTESIAN_POINT('Ctrl Pts',(-15.7376515415791,216.385941459834,16.0723306367838));
#2770=CARTESIAN_POINT('Ctrl Pts',(-15.834209639244,216.558777869222,16.0723306367837));
#2771=CARTESIAN_POINT('Ctrl Pts',(-15.9236550308749,216.735344948274,16.0723306367837));
#2772=CARTESIAN_POINT('Ctrl Pts',(-15.9803322172133,216.847226902819,16.0723306367837));
#2773=CARTESIAN_POINT('Ctrl Pts',(-16.0341525826847,216.960607189178,16.0723306367838));
#2774=CARTESIAN_POINT('Ctrl Pts',(-16.0850667436278,217.075369539961,16.0723306367837));
#2775=CARTESIAN_POINT('Ctrl Pts',(-16.1107348847556,217.133226453666,16.0723306367836));
#2776=CARTESIAN_POINT('Ctrl Pts',(-16.1356642463014,217.191434659853,16.0723306367838));
#2777=CARTESIAN_POINT('Ctrl Pts',(-16.1598476881046,217.249979355721,16.0723306367837));
#2778=CARTESIAN_POINT('Ctrl Pts',(-16.1759587051573,217.288981851774,16.0723306367837));
#2779=CARTESIAN_POINT('Ctrl Pts',(-16.1917400474549,217.328137590857,16.0723306367837));
#2780=CARTESIAN_POINT('Ctrl Pts',(-16.2071769575231,217.367409306686,16.0723306367837));
#2781=CARTESIAN_POINT('Ctrl Pts',(-16.2789144358333,217.549910458147,16.0723306367836));
#2782=CARTESIAN_POINT('Ctrl Pts',(-16.3432786877733,217.73505856179,16.0723306367837));
#2783=CARTESIAN_POINT('Ctrl Pts',(-16.4001341994322,217.922392577882,16.0723306367837));
#2784=CARTESIAN_POINT('Ctrl Pts',(-16.4565308833393,218.108214796032,16.0723306367838));
#2785=CARTESIAN_POINT('Ctrl Pts',(-16.5055396243616,218.296188483333,16.0723306367838));
#2786=CARTESIAN_POINT('Ctrl Pts',(-16.5469782827989,218.485872917577,16.0723306367838));
#2787=CARTESIAN_POINT('Ctrl Pts',(-16.5874232758109,218.671008872908,16.0723306367837));
#2788=CARTESIAN_POINT('Ctrl Pts',(-16.6206568412513,218.85777512296,16.0723306367837));
#2789=CARTESIAN_POINT('Ctrl Pts',(-16.6464617417712,219.045761170579,16.0723306367837));
#2790=CARTESIAN_POINT('Ctrl Pts',(-16.6498380835282,219.070357473201,16.0723306367837));
#2791=CARTESIAN_POINT('Ctrl Pts',(-16.6530871827922,219.094974649589,16.0723306367837));
#2792=CARTESIAN_POINT('Ctrl Pts',(-16.656208490897,219.119611771005,16.0723306367837));
#2793=CARTESIAN_POINT('Ctrl Pts',(-16.6594393748155,219.145113796665,16.0723306367837));
#2794=CARTESIAN_POINT('Ctrl Pts',(-16.6625322549566,219.170628769528,16.0723306367837));
#2795=CARTESIAN_POINT('Ctrl Pts',(-16.6654863313979,219.196151346753,16.0723306367837));
#2796=CARTESIAN_POINT('Ctrl Pts',(-16.6819157097302,219.338097598171,16.0723306367837));
#2797=CARTESIAN_POINT('Ctrl Pts',(-16.6940583958344,219.480321677204,16.0723306367837));
#2798=CARTESIAN_POINT('Ctrl Pts',(-16.7018618999265,219.622647554199,16.0723306367837));
#2799=CARTESIAN_POINT('Ctrl Pts',(-16.7123987491015,219.814826129605,16.0723306367837));
#2800=CARTESIAN_POINT('Ctrl Pts',(-16.7150263335341,220.007190639957,16.0723306367837));
#2801=CARTESIAN_POINT('Ctrl Pts',(-16.7098729334664,220.199276583141,16.0723306367837));
#2802=CARTESIAN_POINT('Ctrl Pts',(-16.7047070163368,220.391829082696,16.0723306367837));
#2803=CARTESIAN_POINT('Ctrl Pts',(-16.6917221016663,220.584102375988,16.0723306367837));
#2804=CARTESIAN_POINT('Ctrl Pts',(-16.6709953485464,220.77562189666,16.0723306367837));
#2805=CARTESIAN_POINT('Ctrl Pts',(-16.6504666753585,220.965311117456,16.0723306367837));
#2806=CARTESIAN_POINT('Ctrl Pts',(-16.6223431817534,221.154261563024,16.0723306367837));
#2807=CARTESIAN_POINT('Ctrl Pts',(-16.5866520914316,221.341995393913,16.0723306367837));
#2808=CARTESIAN_POINT('Ctrl Pts',(-16.5583571691418,221.490825651221,16.0723306367837));
#2809=CARTESIAN_POINT('Ctrl Pts',(-16.5253051472352,221.638891076535,16.0723306367838));
#2810=CARTESIAN_POINT('Ctrl Pts',(-16.4874894030604,221.785941881258,16.0723306367838));
#2811=CARTESIAN_POINT('Ctrl Pts',(-16.4812220654014,221.810313133665,16.0723306367838));
#2812=CARTESIAN_POINT('Ctrl Pts',(-16.4748238410273,221.834656489108,16.0723306367837));
#2813=CARTESIAN_POINT('Ctrl Pts',(-16.4682946540382,221.858970776003,16.0723306367837));
#2814=CARTESIAN_POINT('Ctrl Pts',(-16.4630760368481,221.878404582351,16.0723306367837));
#2815=CARTESIAN_POINT('Ctrl Pts',(-16.4577742646234,221.89781782334,16.0723306367837));
#2816=CARTESIAN_POINT('Ctrl Pts',(-16.4523918031134,221.917201336077,16.0723306367837));
#2817=CARTESIAN_POINT('Ctrl Pts',(-16.3993297577569,222.108290270037,16.0723306367837));
#2818=CARTESIAN_POINT('Ctrl Pts',(-16.3383670787656,222.296729842804,16.0723306367837));
#2819=CARTESIAN_POINT('Ctrl Pts',(-16.2696203430781,222.482014183061,16.0723306367837));
#2820=CARTESIAN_POINT('Ctrl Pts',(-16.2008736073907,222.667298523317,16.0723306367837));
#2821=CARTESIAN_POINT('Ctrl Pts',(-16.1243425678794,222.849428478709,16.0723306367838));
#2822=CARTESIAN_POINT('Ctrl Pts',(-16.0400858499721,223.027875375692,16.0723306367838));
#2823=CARTESIAN_POINT('Ctrl Pts',(-15.9592917887743,223.19898872871,16.0723306367838));
#2824=CARTESIAN_POINT('Ctrl Pts',(-15.8713931350766,223.36671590145,16.0723306367837));
#2825=CARTESIAN_POINT('Ctrl Pts',(-15.776683672143,223.530674554933,16.0723306367836));
#2826=CARTESIAN_POINT('Ctrl Pts',(-15.6825620896661,223.693615484473,16.0723306367836));
#2827=CARTESIAN_POINT('Ctrl Pts',(-15.5817134617719,223.852835035175,16.0723306367836));
#2828=CARTESIAN_POINT('Ctrl Pts',(-15.4743905023432,224.007921326777,16.0723306367837));
#2829=CARTESIAN_POINT('Ctrl Pts',(-15.4203306681851,224.08604011188,16.0723306367837));
#2830=CARTESIAN_POINT('Ctrl Pts',(-15.3646276160219,224.163109557525,16.0723306367836));
#2831=CARTESIAN_POINT('Ctrl Pts',(-15.3073108215854,224.239072855801,16.0723306367836));
#2832=CARTESIAN_POINT('Ctrl Pts',(-15.2935719315647,224.257281330488,16.0723306367836));
#2833=CARTESIAN_POINT('Ctrl Pts',(-15.2797387280876,224.275428291214,16.0723306367838));
#2834=CARTESIAN_POINT('Ctrl Pts',(-15.2658168232173,224.293506163152,16.0723306367838));
#2835=CARTESIAN_POINT('Ctrl Pts',(-15.1519516729932,224.441362338235,16.0723306367838));
#2836=CARTESIAN_POINT('Ctrl Pts',(-15.0323691130049,224.584326416687,16.0723306367838));
#2837=CARTESIAN_POINT('Ctrl Pts',(-14.9073892127007,224.722065733773,16.0723306367838));
#2838=CARTESIAN_POINT('Ctrl Pts',(-14.7828034295674,224.859370697577,16.0723306367838));
#2839=CARTESIAN_POINT('Ctrl Pts',(-14.6528537656072,224.991484294145,16.0723306367836));
#2840=CARTESIAN_POINT('Ctrl Pts',(-14.5178195501482,225.11804210075,16.0723306367836));
#2841=CARTESIAN_POINT('Ctrl Pts',(-14.3835902448391,225.24384552327,16.0723306367836));
#2842=CARTESIAN_POINT('Ctrl Pts',(-14.2443363157784,225.36415964855,16.0723306367838));
#2843=CARTESIAN_POINT('Ctrl Pts',(-14.1003025257385,225.478584943721,16.0723306367837));
#2844=CARTESIAN_POINT('Ctrl Pts',(-14.0348502330358,225.53058245007,16.0723306367836));
#2845=CARTESIAN_POINT('Ctrl Pts',(-13.9684105376595,225.581363298824,16.0723306367838));
#2846=CARTESIAN_POINT('Ctrl Pts',(-13.9010047961789,225.630886744722,16.0723306367838));
#2847=CARTESIAN_POINT('Ctrl Pts',(-13.7901926273091,225.71230118108,16.0723306367838));
#2848=CARTESIAN_POINT('Ctrl Pts',(-13.6767697529331,225.790318138194,16.0723306367837));
#2849=CARTESIAN_POINT('Ctrl Pts',(-13.5609058664293,225.864841974955,16.0723306367837));
#2850=CARTESIAN_POINT('Ctrl Pts',(-13.5102154160839,225.897446153538,16.0723306367837));
#2851=CARTESIAN_POINT('Ctrl Pts',(-13.4590576924559,225.929381531082,16.0723306367838));
#2852=CARTESIAN_POINT('Ctrl Pts',(-13.4074467318067,225.960639165207,16.0723306367836));
#2853=CARTESIAN_POINT('Ctrl Pts',(-13.377208897204,225.978952390903,16.0723306367835));
#2854=CARTESIAN_POINT('Ctrl Pts',(-13.346815484977,225.99703296661,16.0723306367837));
#2855=CARTESIAN_POINT('Ctrl Pts',(-13.3162693085414,226.014879000592,16.0723306367837));
#2856=CARTESIAN_POINT('Ctrl Pts',(-13.2927832985155,226.028600264002,16.0723306367837));
#2857=CARTESIAN_POINT('Ctrl Pts',(-13.2692102208595,226.042180900317,16.0723306367837));
#2858=CARTESIAN_POINT('Ctrl Pts',(-13.2455665329872,226.055611798284,16.0723306367838));
#2859=CARTESIAN_POINT('Ctrl Pts',(-13.086902034318,226.145741845005,16.0723306367838));
#2860=CARTESIAN_POINT('Ctrl Pts',(-12.924869451523,226.229244279167,16.0723306367836));
#2861=CARTESIAN_POINT('Ctrl Pts',(-12.7599079481179,226.305990637671,16.0723306367837));
#2862=CARTESIAN_POINT('Ctrl Pts',(-12.5942264486993,226.383071965673,16.0723306367839));
#2863=CARTESIAN_POINT('Ctrl Pts',(-12.4255897164489,226.453338362523,16.0723306367836));
#2864=CARTESIAN_POINT('Ctrl Pts',(-12.2544217839833,226.51661188359,16.0723306367836));
#2865=CARTESIAN_POINT('Ctrl Pts',(-12.0843567483126,226.579477710515,16.0723306367836));
#2866=CARTESIAN_POINT('Ctrl Pts',(-11.911792338563,226.63544064962,16.0723306367836));
#2867=CARTESIAN_POINT('Ctrl Pts',(-11.7371341909798,226.684276152534,16.0723306367837));
#2868=CARTESIAN_POINT('Ctrl Pts',(-11.5659197128307,226.732148784084,16.0723306367837));
#2869=CARTESIAN_POINT('Ctrl Pts',(-11.3926926278917,226.773172308645,16.0723306367838));
#2870=CARTESIAN_POINT('Ctrl Pts',(-11.2178347883285,226.807085643734,16.0723306367837));
#2871=CARTESIAN_POINT('Ctrl Pts',(-11.10364929059,226.829231697104,16.0723306367836));
#2872=CARTESIAN_POINT('Ctrl Pts',(-10.9887683996357,226.848344718686,16.0723306367837));
#2873=CARTESIAN_POINT('Ctrl Pts',(-10.8733002514888,226.864340073022,16.0723306367837));
#2874=CARTESIAN_POINT('',(-9.32847356268705,213.006005819133,16.0723306367839));
#2875=CARTESIAN_POINT('Ctrl Pts',(-3.90583828769805,223.762329113596,16.0723306367838));
#2876=CARTESIAN_POINT('Ctrl Pts',(-3.8048251737286,223.61350522236,16.0723306367836));
#2877=CARTESIAN_POINT('Ctrl Pts',(-3.71009664620446,223.460724442747,16.0723306367838));
#2878=CARTESIAN_POINT('Ctrl Pts',(-3.62193182639474,223.304353940559,16.0723306367837));
#2879=CARTESIAN_POINT('Ctrl Pts',(-3.53035444603859,223.141930867657,16.0723306367836));
#2880=CARTESIAN_POINT('Ctrl Pts',(-3.44585767363438,222.975634600045,16.0723306367837));
#2881=CARTESIAN_POINT('Ctrl Pts',(-3.36850421757863,222.805977991198,16.0723306367837));
#2882=CARTESIAN_POINT('Ctrl Pts',(-3.29115076152287,222.636321382351,16.0723306367838));
#2883=CARTESIAN_POINT('Ctrl Pts',(-3.22094034609136,222.463303675145,16.0723306367838));
#2884=CARTESIAN_POINT('Ctrl Pts',(-3.15798503943471,222.28740683035,16.0723306367838));
#2885=CARTESIAN_POINT('Ctrl Pts',(-3.144575996498,222.249942024449,16.0723306367838));
#2886=CARTESIAN_POINT('Ctrl Pts',(-3.13149428913457,222.212340351059,16.0723306367837));
#2887=CARTESIAN_POINT('Ctrl Pts',(-3.11875222118146,222.174639483829,16.0723306367837));
#2888=CARTESIAN_POINT('Ctrl Pts',(-3.05984928817119,222.000359165668,16.0723306367837));
#2889=CARTESIAN_POINT('Ctrl Pts',(-3.00816214878205,221.823860845836,16.0723306367837));
#2890=CARTESIAN_POINT('Ctrl Pts',(-2.96374358825689,221.645627686728,16.0723306367837));
#2891=CARTESIAN_POINT('Ctrl Pts',(-2.91906219213906,221.466339877999,16.0723306367838));
#2892=CARTESIAN_POINT('Ctrl Pts',(-2.88173536897105,221.285295969585,16.0723306367838));
#2893=CARTESIAN_POINT('Ctrl Pts',(-2.85186320690273,221.102962910736,16.0723306367837));
#2894=CARTESIAN_POINT('Ctrl Pts',(-2.82691108663903,220.950660696987,16.0723306367837));
#2895=CARTESIAN_POINT('Ctrl Pts',(-2.80716098104441,220.797458374374,16.0723306367837));
#2896=CARTESIAN_POINT('Ctrl Pts',(-2.79269793837332,220.643620094132,16.0723306367837));
#2897=CARTESIAN_POINT('Ctrl Pts',(-2.78911568586256,220.605516938511,16.0723306367837));
#2898=CARTESIAN_POINT('Ctrl Pts',(-2.78585783908287,220.567373950576,16.0723306367837));
#2899=CARTESIAN_POINT('Ctrl Pts',(-2.78292611978277,220.529197552566,16.0723306367837));
#2900=CARTESIAN_POINT('Ctrl Pts',(-2.78143084934099,220.509726370752,16.0723306367837));
#2901=CARTESIAN_POINT('Ctrl Pts',(-2.78002054724743,220.490247974254,16.0723306367837));
#2902=CARTESIAN_POINT('Ctrl Pts',(-2.77869579482285,220.470769946346,16.0723306367837));
#2903=CARTESIAN_POINT('Ctrl Pts',(-2.77216134368268,220.374692959194,16.0723306367837));
#2904=CARTESIAN_POINT('Ctrl Pts',(-2.76770399353705,220.278572213204,16.0723306367837));
#2905=CARTESIAN_POINT('Ctrl Pts',(-2.76533019375187,220.182473931786,16.0723306367837));
#2906=CARTESIAN_POINT('Ctrl Pts',(-2.76078019979084,219.998277015583,16.0723306367837));
#2907=CARTESIAN_POINT('Ctrl Pts',(-2.76388174775984,219.814163488315,16.0723306367837));
#2908=CARTESIAN_POINT('Ctrl Pts',(-2.77442297115067,219.630574622496,16.0723306367837));
#2909=CARTESIAN_POINT('Ctrl Pts',(-2.78508022193311,219.444964991494,16.0723306367837));
#2910=CARTESIAN_POINT('Ctrl Pts',(-2.8033418425593,219.259890980173,16.0723306367837));
#2911=CARTESIAN_POINT('Ctrl Pts',(-2.82904172335602,219.075797618246,16.0723306367837));
#2912=CARTESIAN_POINT('Ctrl Pts',(-2.85489668451806,218.890593384792,16.0723306367837));
#2913=CARTESIAN_POINT('Ctrl Pts',(-2.88827999938637,218.706380965193,16.0723306367837));
#2914=CARTESIAN_POINT('Ctrl Pts',(-2.92907512029337,218.52361276098,16.0723306367837));
#2915=CARTESIAN_POINT('Ctrl Pts',(-2.9598590545874,218.385696160553,16.0723306367837));
#2916=CARTESIAN_POINT('Ctrl Pts',(-2.99486449691874,218.248601833117,16.0723306367837));
#2917=CARTESIAN_POINT('Ctrl Pts',(-3.03406071421794,218.112527649916,16.0723306367837));
#2918=CARTESIAN_POINT('Ctrl Pts',(-3.04945227480738,218.059094074441,16.0723306367837));
#2919=CARTESIAN_POINT('Ctrl Pts',(-3.06549022045505,218.005817852389,16.0723306367838));
#2920=CARTESIAN_POINT('Ctrl Pts',(-3.08217337831199,217.952711194873,16.0723306367838));
#2921=CARTESIAN_POINT('Ctrl Pts',(-3.08862714084606,217.932167257117,16.0723306367837));
#2922=CARTESIAN_POINT('Ctrl Pts',(-3.09517746185193,217.911648695904,16.0723306367838));
#2923=CARTESIAN_POINT('Ctrl Pts',(-3.10182428884841,217.891156224653,16.0723306367837));
#2924=CARTESIAN_POINT('Ctrl Pts',(-3.10897313268706,217.869116012545,16.0723306367837));
#2925=CARTESIAN_POINT('Ctrl Pts',(-3.11623082050073,217.847114619342,16.0723306367837));
#2926=CARTESIAN_POINT('Ctrl Pts',(-3.12359590938371,217.825156115357,16.0723306367837));
#2927=CARTESIAN_POINT('Ctrl Pts',(-3.18422467608792,217.64439563352,16.0723306367838));
#2928=CARTESIAN_POINT('Ctrl Pts',(-3.25215016557722,217.466470438159,16.0723306367837));
#2929=CARTESIAN_POINT('Ctrl Pts',(-3.32718436294166,217.291837159185,16.0723306367837));
#2930=CARTESIAN_POINT('Ctrl Pts',(-3.37982833580951,217.169314497211,16.0723306367838));
#2931=CARTESIAN_POINT('Ctrl Pts',(-3.43597263763893,217.048412090866,16.0723306367838));
#2932=CARTESIAN_POINT('Ctrl Pts',(-3.49556760582385,216.929288406098,16.0723306367838));
#2933=CARTESIAN_POINT('Ctrl Pts',(-3.57986422012365,216.760788889869,16.0723306367838));
#2934=CARTESIAN_POINT('Ctrl Pts',(-3.67106275611445,216.595847192755,16.0723306367837));
#2935=CARTESIAN_POINT('Ctrl Pts',(-3.76880872517469,216.434774097477,16.0723306367837));
#2936=CARTESIAN_POINT('Ctrl Pts',(-3.86745406521283,216.272218951648,16.0723306367837));
#2937=CARTESIAN_POINT('Ctrl Pts',(-3.97276821879214,216.113603330307,16.0723306367837));
#2938=CARTESIAN_POINT('Ctrl Pts',(-4.08443499064907,215.959268516846,16.0723306367837));
#2939=CARTESIAN_POINT('Ctrl Pts',(-4.14143853141471,215.880483837354,16.0723306367837));
#2940=CARTESIAN_POINT('Ctrl Pts',(-4.20009823165655,215.802815093289,16.0723306367838));
#2941=CARTESIAN_POINT('Ctrl Pts',(-4.26037635686716,215.726310627074,16.0723306367838));
#2942=CARTESIAN_POINT('Ctrl Pts',(-4.29653854044126,215.680413901821,16.0723306367839));
#2943=CARTESIAN_POINT('Ctrl Pts',(-4.3332832598192,215.63493624911,16.0723306367837));
#2944=CARTESIAN_POINT('Ctrl Pts',(-4.37060282909536,215.589888512249,16.0723306367838));
#2945=CARTESIAN_POINT('Ctrl Pts',(-4.38712379480671,215.569946371155,16.0723306367838));
#2946=CARTESIAN_POINT('Ctrl Pts',(-4.40375742033286,215.550088486428,16.0723306367838));
#2947=CARTESIAN_POINT('Ctrl Pts',(-4.42050305945358,215.530315819377,16.0723306367837));
#2948=CARTESIAN_POINT('Ctrl Pts',(-4.43377697715398,215.514642439982,16.0723306367837));
#2949=CARTESIAN_POINT('Ctrl Pts',(-4.44711960670165,215.49902461795,16.0723306367837));
#2950=CARTESIAN_POINT('Ctrl Pts',(-4.4605248782191,215.483469297055,16.0723306367837));
#2951=CARTESIAN_POINT('Ctrl Pts',(-4.58644488253114,215.33735319104,16.0723306367837));
#2952=CARTESIAN_POINT('Ctrl Pts',(-4.71803015382747,215.196582008572,16.0723306367836));
#2953=CARTESIAN_POINT('Ctrl Pts',(-4.85489019012961,215.061461849511,16.0723306367837));
#2954=CARTESIAN_POINT('Ctrl Pts',(-4.99291167413877,214.92519500802,16.0723306367838));
#2955=CARTESIAN_POINT('Ctrl Pts',(-5.13629821264037,214.794674910907,16.0723306367839));
#2956=CARTESIAN_POINT('Ctrl Pts',(-5.28469689119848,214.670238870169,16.0723306367838));
#2957=CARTESIAN_POINT('Ctrl Pts',(-5.42856810871177,214.549599219888,16.0723306367837));
#2958=CARTESIAN_POINT('Ctrl Pts',(-5.57715089885523,214.43467768216,16.0723306367836));
#2959=CARTESIAN_POINT('Ctrl Pts',(-5.73016057737908,214.325810363148,16.0723306367838));
#2960=CARTESIAN_POINT('Ctrl Pts',(-5.88758591473762,214.213801275957,16.0723306367839));
#2961=CARTESIAN_POINT('Ctrl Pts',(-6.04969766161418,214.108200227111,16.0723306367836));
#2962=CARTESIAN_POINT('Ctrl Pts',(-6.21605617484339,214.009156371314,16.0723306367837));
#2963=CARTESIAN_POINT('Ctrl Pts',(-6.3228315665818,213.94558615602,16.0723306367838));
#2964=CARTESIAN_POINT('Ctrl Pts',(-6.43135711738861,213.884718060867,16.0723306367836));
#2965=CARTESIAN_POINT('Ctrl Pts',(-6.54152227026362,213.826601290912,16.0723306367838));
#2966=CARTESIAN_POINT('Ctrl Pts',(-6.56347398407254,213.815020834949,16.0723306367838));
#2967=CARTESIAN_POINT('Ctrl Pts',(-6.58549234496083,213.803548857977,16.0723306367836));
#2968=CARTESIAN_POINT('Ctrl Pts',(-6.60757168737878,213.792188258783,16.0723306367836));
#2969=CARTESIAN_POINT('Ctrl Pts',(-6.78217413204897,213.702349152409,16.0723306367838));
#2970=CARTESIAN_POINT('Ctrl Pts',(-6.96009579919042,213.619723408598,16.0723306367839));
#2971=CARTESIAN_POINT('Ctrl Pts',(-7.14082800345528,213.544385858451,16.0723306367839));
#2972=CARTESIAN_POINT('Ctrl Pts',(-7.32237188671276,213.468709962921,16.0723306367839));
#2973=CARTESIAN_POINT('Ctrl Pts',(-7.50675223047795,213.400387559015,16.0723306367838));
#2974=CARTESIAN_POINT('Ctrl Pts',(-7.69348945427774,213.339534643897,16.0723306367838));
#2975=CARTESIAN_POINT('Ctrl Pts',(-7.88051782372676,213.278586851812,16.0723306367838));
#2976=CARTESIAN_POINT('Ctrl Pts',(-8.06991107508349,213.225131550523,16.0723306367837));
#2977=CARTESIAN_POINT('Ctrl Pts',(-8.2612138338552,213.179330102866,16.0723306367837));
#2978=CARTESIAN_POINT('Ctrl Pts',(-8.44935905569963,213.134284628427,16.0723306367836));
#2979=CARTESIAN_POINT('Ctrl Pts',(-8.63935193609278,213.096642269397,16.0723306367838));
#2980=CARTESIAN_POINT('Ctrl Pts',(-8.83077501480252,213.066603122411,16.0723306367839));
#2981=CARTESIAN_POINT('Ctrl Pts',(-8.89217060352161,213.056968593878,16.0723306367839));
#2982=CARTESIAN_POINT('Ctrl Pts',(-8.95371339761085,213.048116575813,16.0723306367839));
#2983=CARTESIAN_POINT('Ctrl Pts',(-9.01538980414586,213.040054753105,16.0723306367839));
#2984=CARTESIAN_POINT('Ctrl Pts',(-9.11939367375633,213.026460239338,16.072330636784));
#2985=CARTESIAN_POINT('Ctrl Pts',(-9.22377748015728,213.015112464773,16.0723306367839));
#2986=CARTESIAN_POINT('Ctrl Pts',(-9.32847356146722,213.006005818785,16.072330636784));
#2987=CARTESIAN_POINT('Origin',(-10.3065651925364,218.590387401776,16.0723306367826));
#2988=CARTESIAN_POINT('Origin',(-9.5650092758881,220.4275,24.0723306367837));
#2989=CARTESIAN_POINT('Ctrl Pts',(-14.4853480548633,216.07584872241,24.0723306367836));
#2990=CARTESIAN_POINT('Ctrl Pts',(-14.3732771755098,215.931521724182,24.0723306367837));
#2991=CARTESIAN_POINT('Ctrl Pts',(-14.2553291152051,215.792093304882,24.0723306367836));
#2992=CARTESIAN_POINT('Ctrl Pts',(-14.1317841084198,215.657958032233,24.0723306367835));
#2993=CARTESIAN_POINT('Ctrl Pts',(-14.1142693314549,215.638941890305,24.0723306367835));
#2994=CARTESIAN_POINT('Ctrl Pts',(-14.0966419865032,215.620032164249,24.0723306367835));
#2995=CARTESIAN_POINT('Ctrl Pts',(-14.0789027949779,215.601230013272,24.0723306367835));
#2996=CARTESIAN_POINT('Ctrl Pts',(-13.9546373584669,215.469518402,24.0723306367836));
#2997=CARTESIAN_POINT('Ctrl Pts',(-13.8248869664272,215.343083207068,24.0723306367836));
#2998=CARTESIAN_POINT('Ctrl Pts',(-13.6900799581753,215.222119582709,24.0723306367836));
#2999=CARTESIAN_POINT('Ctrl Pts',(-13.6040482568517,215.144922510118,24.0723306367836));
#3000=CARTESIAN_POINT('Ctrl Pts',(-13.5159561795712,215.069954474984,24.0723306367835));
#3001=CARTESIAN_POINT('Ctrl Pts',(-13.4259066156786,214.997273345807,24.0723306367836));
#3002=CARTESIAN_POINT('Ctrl Pts',(-13.3760270630026,214.957014381137,24.0723306367837));
#3003=CARTESIAN_POINT('Ctrl Pts',(-13.3255468078773,214.917457186516,24.0723306367836));
#3004=CARTESIAN_POINT('Ctrl Pts',(-13.2744825883356,214.878612423689,24.0723306367836));
#3005=CARTESIAN_POINT('Ctrl Pts',(-13.2544166547749,214.863348185108,24.0723306367836));
#3006=CARTESIAN_POINT('Ctrl Pts',(-13.2342633069464,214.848196103622,24.0723306367835));
#3007=CARTESIAN_POINT('Ctrl Pts',(-13.2140303691485,214.833161662963,24.0723306367835));
#3008=CARTESIAN_POINT('Ctrl Pts',(-13.0664271932284,214.723482524342,24.0723306367837));
#3009=CARTESIAN_POINT('Ctrl Pts',(-12.9144874634829,214.619982055926,24.0723306367836));
#3010=CARTESIAN_POINT('Ctrl Pts',(-12.758659013317,214.52285065075,24.0723306367835));
#3011=CARTESIAN_POINT('Ctrl Pts',(-12.6018436123207,214.425104056749,24.0723306367835));
#3012=CARTESIAN_POINT('Ctrl Pts',(-12.4410895230008,214.33380699408,24.0723306367835));
#3013=CARTESIAN_POINT('Ctrl Pts',(-12.2768151990133,214.249190081965,24.0723306367836));
#3014=CARTESIAN_POINT('Ctrl Pts',(-12.1198242399255,214.168324795988,24.0723306367837));
#3015=CARTESIAN_POINT('Ctrl Pts',(-11.9596175723938,214.09356034662,24.0723306367836));
#3016=CARTESIAN_POINT('Ctrl Pts',(-11.7965354815027,214.025134857202,24.0723306367838));
#3017=CARTESIAN_POINT('Ctrl Pts',(-11.7647678505537,214.011805890892,24.0723306367838));
#3018=CARTESIAN_POINT('Ctrl Pts',(-11.7328860393151,213.998715650808,24.0723306367834));
#3019=CARTESIAN_POINT('Ctrl Pts',(-11.7009219959883,213.985877670685,24.0723306367834));
#3020=CARTESIAN_POINT('Ctrl Pts',(-11.5692674408804,213.933000175046,24.0723306367834));
#3021=CARTESIAN_POINT('Ctrl Pts',(-11.4361382636521,213.884365957381,24.0723306367835));
#3022=CARTESIAN_POINT('Ctrl Pts',(-11.3017298890697,213.84005808537,24.0723306367835));
#3023=CARTESIAN_POINT('Ctrl Pts',(-11.1263879895184,213.782256430766,24.0723306367834));
#3024=CARTESIAN_POINT('Ctrl Pts',(-10.9488698814882,213.731815499789,24.0723306367835));
#3025=CARTESIAN_POINT('Ctrl Pts',(-10.769657256038,213.688666777512,24.0723306367837));
#3026=CARTESIAN_POINT('Ctrl Pts',(-10.5886629636148,213.645089086277,24.0723306367838));
#3027=CARTESIAN_POINT('Ctrl Pts',(-10.4059396504222,213.608949148464,24.0723306367835));
#3028=CARTESIAN_POINT('Ctrl Pts',(-10.2219591292682,213.580224346864,24.0723306367836));
#3029=CARTESIAN_POINT('Ctrl Pts',(-10.03727290013,213.551389363372,24.0723306367837));
#3030=CARTESIAN_POINT('Ctrl Pts',(-9.85131910140274,213.530026374242,24.0723306367835));
#3031=CARTESIAN_POINT('Ctrl Pts',(-9.66456070829765,213.516162826316,24.0723306367835));
#3032=CARTESIAN_POINT('Ctrl Pts',(-9.51561797438627,213.505106430427,24.0723306367835));
#3033=CARTESIAN_POINT('Ctrl Pts',(-9.36616307796308,213.498820861319,24.0723306367835));
#3034=CARTESIAN_POINT('Ctrl Pts',(-9.21642893224374,213.497343740738,24.0723306367835));
#3035=CARTESIAN_POINT('Ctrl Pts',(-9.19401751456174,213.497122653115,24.0723306367835));
#3036=CARTESIAN_POINT('Ctrl Pts',(-9.17159984213683,213.497009325966,24.0723306367835));
#3037=CARTESIAN_POINT('Ctrl Pts',(-9.14917669822415,213.497003926906,24.0723306367835));
#3038=CARTESIAN_POINT('Ctrl Pts',(-9.12697748476733,213.496998581764,24.0723306367835));
#3039=CARTESIAN_POINT('Ctrl Pts',(-9.10478170179648,213.497099029883,24.0723306367837));
#3040=CARTESIAN_POINT('Ctrl Pts',(-9.08259260461201,213.497305146009,24.0723306367837));
#3041=CARTESIAN_POINT('Ctrl Pts',(-8.8874758856219,213.4991175993,24.0723306367837));
#3042=CARTESIAN_POINT('Ctrl Pts',(-8.69281578194081,213.509096119777,24.0723306367834));
#3043=CARTESIAN_POINT('Ctrl Pts',(-8.49913997474124,213.527185110811,24.0723306367835));
#3044=CARTESIAN_POINT('Ctrl Pts',(-8.30546416754167,213.545274101844,24.0723306367836));
#3045=CARTESIAN_POINT('Ctrl Pts',(-8.11277183987887,213.571473473583,24.0723306367835));
#3046=CARTESIAN_POINT('Ctrl Pts',(-7.92157705728748,213.605783009408,24.0723306367835));
#3047=CARTESIAN_POINT('Ctrl Pts',(-7.73494824491953,213.639273190662,24.0723306367836));
#3048=CARTESIAN_POINT('Ctrl Pts',(-7.54974551819358,213.680490802622,24.0723306367837));
#3049=CARTESIAN_POINT('Ctrl Pts',(-7.3663755270507,213.72918952756,24.0723306367837));
#3050=CARTESIAN_POINT('Ctrl Pts',(-7.18300553590781,213.777888252499,24.0723306367837));
#3051=CARTESIAN_POINT('Ctrl Pts',(-7.00146762138332,213.834068327001,24.0723306367836));
#3052=CARTESIAN_POINT('Ctrl Pts',(-6.82217781621871,213.897534814277,24.0723306367836));
#3053=CARTESIAN_POINT('Ctrl Pts',(-6.72841801828675,213.930724682586,24.0723306367836));
#3054=CARTESIAN_POINT('Ctrl Pts',(-6.63527324409454,213.965908052164,24.0723306367834));
#3055=CARTESIAN_POINT('Ctrl Pts',(-6.5428049460066,214.003062311806,24.0723306367837));
#3056=CARTESIAN_POINT('Ctrl Pts',(-6.52129631257433,214.011704596433,24.0723306367837));
#3057=CARTESIAN_POINT('Ctrl Pts',(-6.49982238494772,214.020454318958,24.0723306367835));
#3058=CARTESIAN_POINT('Ctrl Pts',(-6.47839003602975,214.029308703198,24.0723306367835));
#3059=CARTESIAN_POINT('Ctrl Pts',(-6.30026318440351,214.102898564662,24.0723306367834));
#3060=CARTESIAN_POINT('Ctrl Pts',(-6.12543052196347,214.183537473255,24.0723306367835));
#3061=CARTESIAN_POINT('Ctrl Pts',(-5.95429483851611,214.2709266476,24.0723306367836));
#3062=CARTESIAN_POINT('Ctrl Pts',(-5.78180395208907,214.359007846349,24.0723306367837));
#3063=CARTESIAN_POINT('Ctrl Pts',(-5.61306815527321,214.453946846191,24.0723306367837));
#3064=CARTESIAN_POINT('Ctrl Pts',(-5.44850671237793,214.555490487957,24.0723306367836));
#3065=CARTESIAN_POINT('Ctrl Pts',(-5.28395182743418,214.657030083099,24.0723306367836));
#3066=CARTESIAN_POINT('Ctrl Pts',(-5.12357028586223,214.765174060332,24.0723306367838));
#3067=CARTESIAN_POINT('Ctrl Pts',(-4.96779825067782,214.879718218666,24.0723306367837));
#3068=CARTESIAN_POINT('Ctrl Pts',(-4.89287063963246,214.934814886903,24.0723306367836));
#3069=CARTESIAN_POINT('Ctrl Pts',(-4.81900983912068,214.991393057442,24.0723306367837));
#3070=CARTESIAN_POINT('Ctrl Pts',(-4.746266498937,215.049433761924,24.0723306367836));
#3071=CARTESIAN_POINT('Ctrl Pts',(-4.62839418578923,215.143482125346,24.0723306367836));
#3072=CARTESIAN_POINT('Ctrl Pts',(-4.51345524436397,215.241369870366,24.0723306367837));
#3073=CARTESIAN_POINT('Ctrl Pts',(-4.40157575752846,215.342921821831,24.0723306367836));
#3074=CARTESIAN_POINT('Ctrl Pts',(-4.35262848203787,215.387350800597,24.0723306367835));
#3075=CARTESIAN_POINT('Ctrl Pts',(-4.30426696845031,215.432481321025,24.0723306367837));
#3076=CARTESIAN_POINT('Ctrl Pts',(-4.25650258183576,215.478299549891,24.0723306367836));
#3077=CARTESIAN_POINT('Ctrl Pts',(-4.23478723567893,215.499130105261,24.0723306367835));
#3078=CARTESIAN_POINT('Ctrl Pts',(-4.21319531838515,215.520102811483,24.0723306367838));
#3079=CARTESIAN_POINT('Ctrl Pts',(-4.19172793426316,215.541216400455,24.0723306367837));
#3080=CARTESIAN_POINT('Ctrl Pts',(-4.17448520558832,215.558174958793,24.0723306367837));
#3081=CARTESIAN_POINT('Ctrl Pts',(-4.15732224083316,215.575225052686,24.0723306367835));
#3082=CARTESIAN_POINT('Ctrl Pts',(-4.14025127699021,215.592354141366,24.0723306367835));
#3083=CARTESIAN_POINT('Ctrl Pts',(-4.00351927053253,215.729551705927,24.0723306367837));
#3084=CARTESIAN_POINT('Ctrl Pts',(-3.87250865428491,215.871987748014,24.0723306367837));
#3085=CARTESIAN_POINT('Ctrl Pts',(-3.74741748195249,216.019211774028,24.0723306367837));
#3086=CARTESIAN_POINT('Ctrl Pts',(-3.62002163079425,216.169148254399,24.0723306367837));
#3087=CARTESIAN_POINT('Ctrl Pts',(-3.49876483217072,216.324051163621,24.0723306367838));
#3088=CARTESIAN_POINT('Ctrl Pts',(-3.38388417510683,216.483490943855,24.0723306367837));
#3089=CARTESIAN_POINT('Ctrl Pts',(-3.26871857612145,216.643326187334,24.0723306367837));
#3090=CARTESIAN_POINT('Ctrl Pts',(-3.15996031217033,216.807721364817,24.0723306367836));
#3091=CARTESIAN_POINT('Ctrl Pts',(-3.05788343855359,216.976282660999,24.0723306367836));
#3092=CARTESIAN_POINT('Ctrl Pts',(-2.9567559751745,217.143276179735,24.0723306367836));
#3093=CARTESIAN_POINT('Ctrl Pts',(-2.86218579591889,217.314359255811,24.0723306367836));
#3094=CARTESIAN_POINT('Ctrl Pts',(-2.77448028192227,217.489178793317,24.0723306367836));
#3095=CARTESIAN_POINT('Ctrl Pts',(-2.70533808957693,217.626996879515,24.0723306367837));
#3096=CARTESIAN_POINT('Ctrl Pts',(-2.64046291785441,217.767137801553,24.0723306367837));
#3097=CARTESIAN_POINT('Ctrl Pts',(-2.58002606432465,217.909438337893,24.0723306367837));
#3098=CARTESIAN_POINT('',(-2.78193425289178,217.407480425162,24.0723306367837));
#3099=CARTESIAN_POINT('Origin',(-9.5650092758881,220.4275,24.0723306367837));
#3100=CARTESIAN_POINT('',(-3.25631042655293,224.342921603604,24.0723468402225));
#3101=CARTESIAN_POINT('Origin',(-9.5650092758881,220.4275,24.0723306367837));
#3102=CARTESIAN_POINT('Ctrl Pts',(-3.25633478791991,224.342907541697,24.0723306367838));
#3103=CARTESIAN_POINT('Ctrl Pts',(-3.36943691794565,224.504684380921,24.0723306367836));
#3104=CARTESIAN_POINT('Ctrl Pts',(-3.48881502022537,224.661721139364,24.0723306367837));
#3105=CARTESIAN_POINT('Ctrl Pts',(-3.61426248188941,224.81359695635,24.0723306367838));
#3106=CARTESIAN_POINT('Ctrl Pts',(-3.68394062504257,224.897954381976,24.0723306367838));
#3107=CARTESIAN_POINT('Ctrl Pts',(-3.75549195751139,224.98071905204,24.0723306367838));
#3108=CARTESIAN_POINT('Ctrl Pts',(-3.82888614923314,225.061814073448,24.0723306367838));
#3109=CARTESIAN_POINT('Ctrl Pts',(-3.96162023324365,225.208475180164,24.0723306367838));
#3110=CARTESIAN_POINT('Ctrl Pts',(-4.10038025860381,225.349677926642,24.0723306367837));
#3111=CARTESIAN_POINT('Ctrl Pts',(-4.24476985387606,225.485130187301,24.0723306367836));
#3112=CARTESIAN_POINT('Ctrl Pts',(-4.3376426338948,225.572254387514,24.0723306367835));
#3113=CARTESIAN_POINT('Ctrl Pts',(-4.43284511130625,225.656998660987,24.0723306367838));
#3114=CARTESIAN_POINT('Ctrl Pts',(-4.53027717278056,225.739275198272,24.0723306367837));
#3115=CARTESIAN_POINT('Ctrl Pts',(-4.55153825139791,225.757229123306,24.0723306367837));
#3116=CARTESIAN_POINT('Ctrl Pts',(-4.57290431314222,225.77506443847,24.0723306367836));
#3117=CARTESIAN_POINT('Ctrl Pts',(-4.5943649030664,225.792772641275,24.0723306367836));
#3118=CARTESIAN_POINT('Ctrl Pts',(-4.74555282702368,225.917525335799,24.0723306367836));
#3119=CARTESIAN_POINT('Ctrl Pts',(-4.9015552075308,226.036079285537,24.0723306367835));
#3120=CARTESIAN_POINT('Ctrl Pts',(-5.06196546457701,226.148177265192,24.0723306367836));
#3121=CARTESIAN_POINT('Ctrl Pts',(-5.22175152867325,226.259839046003,24.0723306367836));
#3122=CARTESIAN_POINT('Ctrl Pts',(-5.38591186613637,226.365095328213,24.0723306367839));
#3123=CARTESIAN_POINT('Ctrl Pts',(-5.5540692953816,226.463646842775,24.0723306367838));
#3124=CARTESIAN_POINT('Ctrl Pts',(-5.64851072097161,226.518995842645,24.0723306367838));
#3125=CARTESIAN_POINT('Ctrl Pts',(-5.74421331081889,226.572229168139,24.0723306367838));
#3126=CARTESIAN_POINT('Ctrl Pts',(-5.8411125538291,226.623286945795,24.0723306367837));
#3127=CARTESIAN_POINT('Ctrl Pts',(-5.91387914252744,226.661628837756,24.0723306367837));
#3128=CARTESIAN_POINT('Ctrl Pts',(-5.98732059152199,226.69874377791,24.0723306367836));
#3129=CARTESIAN_POINT('Ctrl Pts',(-6.06140997970516,226.73460445224,24.0723306367838));
#3130=CARTESIAN_POINT('Ctrl Pts',(-6.08529020525295,226.746162936016,24.0723306367838));
#3131=CARTESIAN_POINT('Ctrl Pts',(-6.10923774587716,226.757591103395,24.0723306367836));
#3132=CARTESIAN_POINT('Ctrl Pts',(-6.13325170531371,226.768888001131,24.0723306367837));
#3133=CARTESIAN_POINT('Ctrl Pts',(-6.15507911328061,226.779156278475,24.0723306367837));
#3134=CARTESIAN_POINT('Ctrl Pts',(-6.17695305868734,226.789312176131,24.0723306367837));
#3135=CARTESIAN_POINT('Ctrl Pts',(-6.19887161948115,226.799354712327,24.0723306367837));
#3136=CARTESIAN_POINT('Ctrl Pts',(-6.37728513055115,226.881099319541,24.0723306367837));
#3137=CARTESIAN_POINT('Ctrl Pts',(-6.558677969308,226.955348945842,24.0723306367837));
#3138=CARTESIAN_POINT('Ctrl Pts',(-6.74265164784684,227.021839791966,24.0723306367836));
#3139=CARTESIAN_POINT('Ctrl Pts',(-6.92352620318955,227.087210568496,24.0723306367835));
#3140=CARTESIAN_POINT('Ctrl Pts',(-7.10689608356966,227.145081897508,24.0723306367837));
#3141=CARTESIAN_POINT('Ctrl Pts',(-7.29228192655959,227.195429828262,24.0723306367837));
#3142=CARTESIAN_POINT('Ctrl Pts',(-7.47772775976811,227.245794051432,24.0723306367836));
#3143=CARTESIAN_POINT('Ctrl Pts',(-7.66519158980327,227.288630038558,24.0723306367838));
#3144=CARTESIAN_POINT('Ctrl Pts',(-7.85420029207281,227.323862384975,24.0723306367837));
#3145=CARTESIAN_POINT('Ctrl Pts',(-8.04231391771592,227.358927883785,24.0723306367836));
#3146=CARTESIAN_POINT('Ctrl Pts',(-8.23195852539395,227.38646158632,24.0723306367835));
#3147=CARTESIAN_POINT('Ctrl Pts',(-8.42266358592135,227.406338051865,24.0723306367837));
#3148=CARTESIAN_POINT('Ctrl Pts',(-8.49404425947093,227.413777788883,24.0723306367838));
#3149=CARTESIAN_POINT('Ctrl Pts',(-8.56557340669846,227.420144235265,24.0723306367835));
#3150=CARTESIAN_POINT('Ctrl Pts',(-8.63722589640503,227.425428957194,24.0723306367835));
#3151=CARTESIAN_POINT('Ctrl Pts',(-8.6719585153833,227.427990657895,24.0723306367835));
#3152=CARTESIAN_POINT('Ctrl Pts',(-8.70672011135057,227.430298170542,24.0723306367839));
#3153=CARTESIAN_POINT('Ctrl Pts',(-8.741507791996,227.432350448439,24.0723306367837));
#3154=CARTESIAN_POINT('Ctrl Pts',(-8.7652863413095,227.433753249381,24.0723306367837));
#3155=CARTESIAN_POINT('Ctrl Pts',(-8.78907880353678,227.435036882413,24.0723306367839));
#3156=CARTESIAN_POINT('Ctrl Pts',(-8.81287882436169,227.436200735312,24.0723306367839));
#3157=CARTESIAN_POINT('Ctrl Pts',(-9.00255793425407,227.445476297862,24.0723306367837));
#3158=CARTESIAN_POINT('Ctrl Pts',(-9.19219950903122,227.447124022781,24.0723306367836));
#3159=CARTESIAN_POINT('Ctrl Pts',(-9.38134792450214,227.44112009134,24.0723306367836));
#3160=CARTESIAN_POINT('Ctrl Pts',(-9.56974741090727,227.435139932336,24.0723306367836));
#3161=CARTESIAN_POINT('Ctrl Pts',(-9.75765833767206,227.421568563564,24.0723306367838));
#3162=CARTESIAN_POINT('Ctrl Pts',(-9.94462858080034,227.400331078029,24.0723306367836));
#3163=CARTESIAN_POINT('Ctrl Pts',(-10.0095387640821,227.392958091529,24.0723306367835));
#3164=CARTESIAN_POINT('Ctrl Pts',(-10.0743355051795,227.384660685276,24.0723306367838));
#3165=CARTESIAN_POINT('Ctrl Pts',(-10.1389995964024,227.375434276117,24.0723306367837));
#3166=CARTESIAN_POINT('Ctrl Pts',(-10.3261160248673,227.348736108761,24.0723306367836));
#3167=CARTESIAN_POINT('Ctrl Pts',(-10.5121232540258,227.31426258003,24.0723306367838));
#3168=CARTESIAN_POINT('Ctrl Pts',(-10.6965671574468,227.272172289921,24.0723306367837));
#3169=CARTESIAN_POINT('Ctrl Pts',(-10.8802273747229,227.230260837805,24.0723306367836));
#3170=CARTESIAN_POINT('Ctrl Pts',(-11.0623381675021,227.180796877211,24.0723306367837));
#3171=CARTESIAN_POINT('Ctrl Pts',(-11.2424255212622,227.12389250778,24.0723306367838));
#3172=CARTESIAN_POINT('Ctrl Pts',(-11.290069675665,227.108837810675,24.0723306367838));
#3173=CARTESIAN_POINT('Ctrl Pts',(-11.3375720350312,227.09326211213,24.0723306367837));
#3174=CARTESIAN_POINT('Ctrl Pts',(-11.3849234317063,227.077167009124,24.0723306367838));
#3175=CARTESIAN_POINT('Ctrl Pts',(-11.4122568704644,227.06787616359,24.0723306367839));
#3176=CARTESIAN_POINT('Ctrl Pts',(-11.4395400030839,227.058412241739,24.0723306367838));
#3177=CARTESIAN_POINT('Ctrl Pts',(-11.4667710380966,227.048775521832,24.0723306367837));
#3178=CARTESIAN_POINT('Ctrl Pts',(-11.4884810153797,227.041092634634,24.0723306367836));
#3179=CARTESIAN_POINT('Ctrl Pts',(-11.5101494890862,227.033302871275,24.0723306367838));
#3180=CARTESIAN_POINT('Ctrl Pts',(-11.5317722916631,227.025407870525,24.0723306367838));
#3181=CARTESIAN_POINT('Ctrl Pts',(-11.7070365683556,226.961414704463,24.0723306367837));
#3182=CARTESIAN_POINT('Ctrl Pts',(-11.8793740035501,226.890485988707,24.0723306367837));
#3183=CARTESIAN_POINT('Ctrl Pts',(-12.0483696728159,226.812825005594,24.0723306367837));
#3184=CARTESIAN_POINT('Ctrl Pts',(-12.216715511694,226.73546264828,24.0723306367836));
#3185=CARTESIAN_POINT('Ctrl Pts',(-12.381745860301,226.651419339525,24.0723306367838));
#3186=CARTESIAN_POINT('Ctrl Pts',(-12.5430281291828,226.560849899407,24.0723306367838));
#3187=CARTESIAN_POINT('Ctrl Pts',(-12.7033298542384,226.470831092077,24.0723306367838));
#3188=CARTESIAN_POINT('Ctrl Pts',(-12.8599295200761,226.374364919035,24.0723306367837));
#3189=CARTESIAN_POINT('Ctrl Pts',(-13.012371181135,226.271563016602,24.0723306367836));
#3190=CARTESIAN_POINT('Ctrl Pts',(-13.0804976123739,226.225620675849,24.0723306367836));
#3191=CARTESIAN_POINT('Ctrl Pts',(-13.1477931322871,226.178412447754,24.0723306367838));
#3192=CARTESIAN_POINT('Ctrl Pts',(-13.2142145422886,226.129945938619,24.0723306367837));
#3193=CARTESIAN_POINT('Ctrl Pts',(-13.323634911508,226.05010386173,24.0723306367836));
#3194=CARTESIAN_POINT('Ctrl Pts',(-13.4306837714409,225.966847370905,24.0723306367836));
#3195=CARTESIAN_POINT('Ctrl Pts',(-13.5352233349579,225.880302125508,24.0723306367836));
#3196=CARTESIAN_POINT('Ctrl Pts',(-13.5809593939967,225.842438580646,24.0723306367836));
#3197=CARTESIAN_POINT('Ctrl Pts',(-13.6262149945949,225.803945450096,24.0723306367838));
#3198=CARTESIAN_POINT('Ctrl Pts',(-13.6709778045148,225.764832841671,24.0723306367837));
#3199=CARTESIAN_POINT('Ctrl Pts',(-13.6897609389717,225.748420614996,24.0723306367836));
#3200=CARTESIAN_POINT('Ctrl Pts',(-13.70845729848,225.731899310062,24.0723306367838));
#3201=CARTESIAN_POINT('Ctrl Pts',(-13.7270659450923,225.715269662277,24.0723306367838));
#3202=CARTESIAN_POINT('Ctrl Pts',(-13.7435638778881,225.700526257381,24.0723306367838));
#3203=CARTESIAN_POINT('Ctrl Pts',(-13.7599888085403,225.685701286809,24.0723306367838));
#3204=CARTESIAN_POINT('Ctrl Pts',(-13.7763346053106,225.670800562371,24.0723306367838));
#3205=CARTESIAN_POINT('Ctrl Pts',(-13.9111460259413,225.547907328217,24.0723306367837));
#3206=CARTESIAN_POINT('Ctrl Pts',(-14.0406966583321,225.419758249604,24.0723306367838));
#3207=CARTESIAN_POINT('Ctrl Pts',(-14.1647309390995,225.286732803407,24.0723306367838));
#3208=CARTESIAN_POINT('Ctrl Pts',(-14.2893546080691,225.153075244635,24.0723306367838));
#3209=CARTESIAN_POINT('Ctrl Pts',(-14.4084098252941,225.014494286964,24.0723306367837));
#3210=CARTESIAN_POINT('Ctrl Pts',(-14.5215984146945,224.871340074837,24.0723306367837));
#3211=CARTESIAN_POINT('Ctrl Pts',(-14.6340795189713,224.729080647918,24.0723306367838));
#3212=CARTESIAN_POINT('Ctrl Pts',(-14.7407674723373,224.582304352827,24.0723306367838));
#3213=CARTESIAN_POINT('Ctrl Pts',(-14.8413252809304,224.431329493681,24.0723306367837));
#3214=CARTESIAN_POINT('Ctrl Pts',(-14.9399159056479,224.283308112865,24.0723306367836));
#3215=CARTESIAN_POINT('Ctrl Pts',(-15.032614115154,224.131250254744,24.0723306367836));
#3216=CARTESIAN_POINT('Ctrl Pts',(-15.1190552783318,223.975440267882,24.0723306367836));
#3217=CARTESIAN_POINT('Ctrl Pts',(-15.1763324994726,223.87219821577,24.0723306367836));
#3218=CARTESIAN_POINT('Ctrl Pts',(-15.230861544668,223.767308454566,24.0723306367837));
#3219=CARTESIAN_POINT('Ctrl Pts',(-15.2825238266357,223.660851630196,24.0723306367837));
#3220=CARTESIAN_POINT('Ctrl Pts',(-12.1985621019733,214.410848447237,15.4713145985329));
#3221=CARTESIAN_POINT('Ctrl Pts',(-11.2221781410561,213.983474729968,15.5100561640963));
#3222=CARTESIAN_POINT('Ctrl Pts',(-9.05825443801592,213.613519495763,15.587539295223));
#3223=CARTESIAN_POINT('Ctrl Pts',(-5.92899847510788,214.642284544871,15.7037639919132));
#3224=CARTESIAN_POINT('Ctrl Pts',(-3.64503643611069,217.015410427346,15.8199886886034));
#3225=CARTESIAN_POINT('Ctrl Pts',(-2.73648711222204,220.181434739589,15.9362133852935));
#3226=CARTESIAN_POINT('Ctrl Pts',(-3.4147656813516,223.404639309074,16.0524380819837));
#3227=CARTESIAN_POINT('Ctrl Pts',(-5.52213112541924,225.936051440887,16.1686627786738));
#3228=CARTESIAN_POINT('Ctrl Pts',(-8.56895711780348,227.187443549675,16.284887475364));
#3229=CARTESIAN_POINT('Ctrl Pts',(-11.8472264929893,226.86803118448,16.4011121720542));
#3230=CARTESIAN_POINT('Ctrl Pts',(-14.5951820387157,225.052035287592,16.5173368687443));
#3231=CARTESIAN_POINT('Ctrl Pts',(-16.1742767212051,222.161438279586,16.6335615654345));
#3232=CARTESIAN_POINT('Ctrl Pts',(-16.2175796894894,218.867926762662,16.7497862621246));
#3233=CARTESIAN_POINT('Ctrl Pts',(-14.7150274263572,215.936812610051,16.8660109588148));
#3234=CARTESIAN_POINT('Ctrl Pts',(-12.015767899901,214.049197491724,16.982235655505));
#3235=CARTESIAN_POINT('Ctrl Pts',(-8.74702659465586,213.643705710653,17.0984603521951));
#3236=CARTESIAN_POINT('Ctrl Pts',(-5.66835960047004,214.814561206619,17.2146850488853));
#3237=CARTESIAN_POINT('Ctrl Pts',(-3.49515535100434,217.289692808545,17.3309097455754));
#3238=CARTESIAN_POINT('Ctrl Pts',(-2.7324003814828,220.493955279461,17.4471344422656));
#3239=CARTESIAN_POINT('Ctrl Pts',(-3.55733571544,223.682775566659,17.5633591389558));
#3240=CARTESIAN_POINT('Ctrl Pts',(-5.77827149938264,226.11516891,17.6795838356459));
#3241=CARTESIAN_POINT('Ctrl Pts',(-8.87912986500935,227.22592114414,17.7958085323361));
#3242=CARTESIAN_POINT('Ctrl Pts',(-12.1393657263567,226.756927263607,17.9120332290262));
#3243=CARTESIAN_POINT('Ctrl Pts',(-14.801399517662,224.817167169033,18.0282579257164));
#3244=CARTESIAN_POINT('Ctrl Pts',(-16.2466556243578,221.857382055722,18.1444826224066));
#3245=CARTESIAN_POINT('Ctrl Pts',(-16.1393005239913,218.565335881492,18.2607073190967));
#3246=CARTESIAN_POINT('Ctrl Pts',(-14.5042802738054,215.705999959934,18.3769320157869));
#3247=CARTESIAN_POINT('Ctrl Pts',(-11.7215238062241,213.943796914599,18.4931567124771));
#3248=CARTESIAN_POINT('Ctrl Pts',(-8.43765901095257,213.688209087794,18.6093814091672));
#3249=CARTESIAN_POINT('Ctrl Pts',(-5.41575609817081,214.9986273098,18.7256061058574));
#3250=CARTESIAN_POINT('Ctrl Pts',(-3.35801331128445,217.570550277903,18.8418308025475));
#3251=CARTESIAN_POINT('Ctrl Pts',(-2.74258743164242,220.806341389441,18.9580554992377));
#3252=CARTESIAN_POINT('Ctrl Pts',(-3.7124846987249,223.954101294858,19.0742801959279));
#3253=CARTESIAN_POINT('Ctrl Pts',(-6.04233051351775,226.282386417031,19.190504892618));
#3254=CARTESIAN_POINT('Ctrl Pts',(-9.19073963441436,227.250174171809,19.3067295893082));
#3255=CARTESIAN_POINT('Ctrl Pts',(-12.4261176263791,226.632580146618,19.4229542859983));
#3256=CARTESIAN_POINT('Ctrl Pts',(-14.9966611362683,224.57311439196,19.5391789826885));
#3257=CARTESIAN_POINT('Ctrl Pts',(-16.3050541055146,221.550334054444,19.6554036793787));
#3258=CARTESIAN_POINT('Ctrl Pts',(-16.0472658384922,218.266641264273,19.7716283760688));
#3259=CARTESIAN_POINT('Ctrl Pts',(-14.2831984808022,215.48506626288,19.887853072759));
#3260=CARTESIAN_POINT('Ctrl Pts',(-11.4227675841902,213.851962403185,20.0040777694491));
#3261=CARTESIAN_POINT('Ctrl Pts',(-8.13065021107358,213.746813306824,20.1203024661393));
#3262=CARTESIAN_POINT('Ctrl Pts',(-5.17183421950116,215.194052422816,20.2365271628295));
#3263=CARTESIAN_POINT('Ctrl Pts',(-3.23385837289523,217.85738543782,20.3527518595196));
#3264=CARTESIAN_POINT('Ctrl Pts',(-2.76704926165982,221.117934837004,20.4689765562098));
#3265=CARTESIAN_POINT('Ctrl Pts',(-3.87987911252584,224.218048198457,20.5852012529));
#3266=CARTESIAN_POINT('Ctrl Pts',(-6.31376014519784,226.437353551409,20.7014259495901));
#3267=CARTESIAN_POINT('Ctrl Pts',(-9.50313250049984,227.260151892484,20.8176506462803));
#3268=CARTESIAN_POINT('Ctrl Pts',(-12.7068831347343,226.495249935049,20.9338753429704));
#3269=CARTESIAN_POINT('Ctrl Pts',(-15.1805579298843,224.320387608677,21.0501000396606));
#3270=CARTESIAN_POINT('Ctrl Pts',(-16.3493501677901,221.240936710308,21.1663247363507));
#3271=CARTESIAN_POINT('Ctrl Pts',(-15.9416681130205,217.972467883312,21.2825494330409));
#3272=CARTESIAN_POINT('Ctrl Pts',(-14.0522446643629,215.274473783522,21.3987741297311));
#3273=CARTESIAN_POINT('Ctrl Pts',(-11.1201243129422,213.773886106742,21.5149988264212));
#3274=CARTESIAN_POINT('Ctrl Pts',(-7.82664256817284,213.81939574773,21.6312235231114));
#3275=CARTESIAN_POINT('Ctrl Pts',(-4.9371043263492,215.400427651466,21.7474482198016));
#3276=CARTESIAN_POINT('Ctrl Pts',(-3.12295031124117,218.14959813341,21.8636729164917));
#3277=CARTESIAN_POINT('Ctrl Pts',(-2.80573468811504,221.428083665111,21.9798976131819));
#3278=CARTESIAN_POINT('Ctrl Pts',(-4.05916871301835,224.474064012138,22.096122309872));
#3279=CARTESIAN_POINT('Ctrl Pts',(-6.59199247157423,226.579746071269,22.2123470065622));
#3280=CARTESIAN_POINT('Ctrl Pts',(-9.81565483661781,227.255833427277,22.3285717032524));
#3281=CARTESIAN_POINT('Ctrl Pts',(-12.9810747893927,226.345223974166,22.4447963999425));
#3282=CARTESIAN_POINT('Ctrl Pts',(-15.3527051403958,224.059515597462,22.5610210966327));
#3283=CARTESIAN_POINT('Ctrl Pts',(-16.3794510955066,220.929837407974,22.6772457933228));
#3284=CARTESIAN_POINT('Ctrl Pts',(-15.8227283651467,217.683431197934,22.793470490013));
#3285=CARTESIAN_POINT('Ctrl Pts',(-13.8119018957686,215.074663257081,22.9096951867032));
#3286=CARTESIAN_POINT('Ctrl Pts',(-10.8142275604096,213.709731149579,23.0259198833933));
#3287=CARTESIAN_POINT('Ctrl Pts',(-7.52627138535188,213.905805037953,23.1421445800835));
#3288=CARTESIAN_POINT('Ctrl Pts',(-4.71205910220172,215.617320033706,23.2583692767736));
#3289=CARTESIAN_POINT('Ctrl Pts',(-3.02551728005931,218.44657921589,23.3745939734638));
#3290=CARTESIAN_POINT('Ctrl Pts',(-2.85856952945436,221.736133128581,23.490818670154));
#3291=CARTESIAN_POINT('Ctrl Pts',(-4.24995774595715,224.721622760965,23.6070433668441));
#3292=CARTESIAN_POINT('Ctrl Pts',(-6.87647059959492,226.709234908574,23.7232680635343));
#3293=CARTESIAN_POINT('Ctrl Pts',(-10.1275313840594,227.23726220462,23.8394927602244));
#3294=CARTESIAN_POINT('Ctrl Pts',(-13.2483299934203,226.182572233583,23.9557236398164));
#3295=CARTESIAN_POINT('Ctrl Pts',(-14.7575234757259,224.58801082309,24.033212953845));
#3296=CARTESIAN_POINT('Ctrl Pts',(-15.2821893011768,223.660076209252,24.0719607023102));
#3297=CARTESIAN_POINT('Ctrl Pts',(-12.3377011608094,214.092969410939,15.6716532779499));
#3298=CARTESIAN_POINT('Ctrl Pts',(-11.3097316975855,213.643016166803,15.7103948435132));
#3299=CARTESIAN_POINT('Ctrl Pts',(-9.03148095145291,213.253515008707,15.78787797464));
#3300=CARTESIAN_POINT('Ctrl Pts',(-5.73689634002735,214.336633021341,15.9041026713302));
#3301=CARTESIAN_POINT('Ctrl Pts',(-3.33226524690079,216.835138770329,16.0203273680203));
#3302=CARTESIAN_POINT('Ctrl Pts',(-2.37571434256922,220.168434321139,16.1365520647105));
#3303=CARTESIAN_POINT('Ctrl Pts',(-3.08982854818292,223.561931145936,16.2527767614006));
#3304=CARTESIAN_POINT('Ctrl Pts',(-5.30853288076911,226.227085915472,16.3690014580908));
#3305=CARTESIAN_POINT('Ctrl Pts',(-8.51633248143591,227.544593090771,16.485226154781));
#3306=CARTESIAN_POINT('Ctrl Pts',(-11.9678033625709,227.208305143878,16.601450851471));
#3307=CARTESIAN_POINT('Ctrl Pts',(-14.8609422304499,225.296364347977,16.7176755481613));
#3308=CARTESIAN_POINT('Ctrl Pts',(-16.5234655595033,222.253047810981,16.8339002448515));
#3309=CARTESIAN_POINT('Ctrl Pts',(-16.5690563627579,218.785529496779,16.9501249415416));
#3310=CARTESIAN_POINT('Ctrl Pts',(-14.9871194350489,215.699555164225,17.0663496382317));
#3311=CARTESIAN_POINT('Ctrl Pts',(-12.1452493536245,213.712211273266,17.1825743349219));
#3312=CARTESIAN_POINT('Ctrl Pts',(-8.70380994098424,213.285296058335,17.2987990316121));
#3313=CARTESIAN_POINT('Ctrl Pts',(-5.46248707606828,214.518011612747,17.4150237283023));
#3314=CARTESIAN_POINT('Ctrl Pts',(-3.17446546241904,217.123912371143,17.5312484249924));
#3315=CARTESIAN_POINT('Ctrl Pts',(-2.37141169671214,220.497466325432,17.6474731216826));
#3316=CARTESIAN_POINT('Ctrl Pts',(-3.23993101532707,223.854762235813,17.7636978183726));
#3317=CARTESIAN_POINT('Ctrl Pts',(-5.57820597380699,226.415666736082,17.8799225150629));
#3318=CARTESIAN_POINT('Ctrl Pts',(-8.84289265162998,227.5851035802,17.996147211753));
#3319=CARTESIAN_POINT('Ctrl Pts',(-12.2753772504389,227.091331245827,18.1123719084432));
#3320=CARTESIAN_POINT('Ctrl Pts',(-15.0780548414976,225.049087391955,18.2285966051334));
#3321=CARTESIAN_POINT('Ctrl Pts',(-16.5996684727021,221.932927319713,18.3448213018235));
#3322=CARTESIAN_POINT('Ctrl Pts',(-16.4866414573932,218.466951766968,18.4610459985137));
#3323=CARTESIAN_POINT('Ctrl Pts',(-14.7652378331828,215.456547940076,18.5772706952039));
#3324=CARTESIAN_POINT('Ctrl Pts',(-11.835459398913,213.601242044942,18.6934953918939));
#3325=CARTESIAN_POINT('Ctrl Pts',(-8.37809747366801,213.332150691904,18.8097200885842));
#3326=CARTESIAN_POINT('Ctrl Pts',(-5.19653771899049,214.711802519663,18.9259447852743));
#3327=CARTESIAN_POINT('Ctrl Pts',(-3.03007776802897,217.419608443156,19.0421694819645));
#3328=CARTESIAN_POINT('Ctrl Pts',(-2.38213696146821,220.826356797469,19.1583941786547));
#3329=CARTESIAN_POINT('Ctrl Pts',(-3.40327701797677,224.140422974149,19.2746188753447));
#3330=CARTESIAN_POINT('Ctrl Pts',(-5.85621607422372,226.591718881369,19.390843572035));
#3331=CARTESIAN_POINT('Ctrl Pts',(-9.17096576652389,227.610637973259,19.5070682687252));
#3332=CARTESIAN_POINT('Ctrl Pts',(-12.5772791748289,226.960414471052,19.6232929654153));
#3333=CARTESIAN_POINT('Ctrl Pts',(-15.2836327588964,224.792140522395,19.7395176621055));
#3334=CARTESIAN_POINT('Ctrl Pts',(-16.6611523332844,221.609656985816,19.8557423587956));
#3335=CARTESIAN_POINT('Ctrl Pts',(-16.3897442837017,218.152476153252,19.9719670554858));
#3336=CARTESIAN_POINT('Ctrl Pts',(-14.5324755785994,215.223941605826,20.088191752176));
#3337=CARTESIAN_POINT('Ctrl Pts',(-11.5209189256031,213.504555621176,20.2044164488661));
#3338=CARTESIAN_POINT('Ctrl Pts',(-8.05486841230557,213.393851160153,20.3206411455563));
#3339=CARTESIAN_POINT('Ctrl Pts',(-4.93972866361738,214.917552569407,20.4368658422465));
#3340=CARTESIAN_POINT('Ctrl Pts',(-2.89936332526746,217.721598026329,20.5530905389366));
#3341=CARTESIAN_POINT('Ctrl Pts',(-2.40789118857457,221.154412728184,20.6693152356267));
#3342=CARTESIAN_POINT('Ctrl Pts',(-3.57951541658788,224.418315040869,20.7855399323169));
#3343=CARTESIAN_POINT('Ctrl Pts',(-6.14198620559613,226.75487342745,20.901764629007));
#3344=CARTESIAN_POINT('Ctrl Pts',(-9.49986335161243,227.621142848982,21.0179893256973));
#3345=CARTESIAN_POINT('Ctrl Pts',(-12.8728784272424,226.81582866309,21.1342140223874));
#3346=CARTESIAN_POINT('Ctrl Pts',(-15.4772454110794,224.526061371003,21.2504387190776));
#3347=CARTESIAN_POINT('Ctrl Pts',(-16.7077886988773,221.283913185727,21.3666634157677));
#3348=CARTESIAN_POINT('Ctrl Pts',(-16.2785674910505,217.842760647237,21.4828881124579));
#3349=CARTESIAN_POINT('Ctrl Pts',(-14.2893197298578,215.002222849037,21.5991128091481));
#3350=CARTESIAN_POINT('Ctrl Pts',(-11.2022860377781,213.422354303089,21.7153375058382));
#3351=CARTESIAN_POINT('Ctrl Pts',(-7.73479906868891,213.470268364659,21.8315622025283));
#3352=CARTESIAN_POINT('Ctrl Pts',(-4.69259723589572,215.134831264582,21.9477868992185));
#3353=CARTESIAN_POINT('Ctrl Pts',(-2.78259563430845,218.029249257664,22.0640115959087));
#3354=CARTESIAN_POINT('Ctrl Pts',(-2.44862049042668,221.480947715557,22.1802362925989));
#3355=CARTESIAN_POINT('Ctrl Pts',(-3.76827746282916,224.687856992705,22.296460989289));
#3356=CARTESIAN_POINT('Ctrl Pts',(-6.43491843988639,226.904789001718,22.4126856859792));
#3357=CARTESIAN_POINT('Ctrl Pts',(-9.82889724705132,227.61659622538,22.5289103826693));
#3358=CARTESIAN_POINT('Ctrl Pts',(-13.1615565081429,226.657876348579,22.6451350793595));
#3359=CARTESIAN_POINT('Ctrl Pts',(-15.6584877119245,224.251406653113,22.7613597760497));
#3360=CARTESIAN_POINT('Ctrl Pts',(-16.7394799553356,220.956377507519,22.8775844727398));
#3361=CARTESIAN_POINT('Ctrl Pts',(-16.1533437740786,217.538453224939,22.99380916943));
#3362=CARTESIAN_POINT('Ctrl Pts',(-14.036278880447,214.791855690383,23.1100338661201));
#3363=CARTESIAN_POINT('Ctrl Pts',(-10.880227776797,213.354809833375,23.2262585628103));
#3364=CARTESIAN_POINT('Ctrl Pts',(-7.41855831102395,213.561242935364,23.3424832595005));
#3365=CARTESIAN_POINT('Ctrl Pts',(-4.45566214936412,215.363182768368,23.4587079561905));
#3366=CARTESIAN_POINT('Ctrl Pts',(-2.68001490298408,218.341920805092,23.5749326528808));
#3367=CARTESIAN_POINT('Ctrl Pts',(-2.50424676622096,221.805272422113,23.6911573495708));
#3368=CARTESIAN_POINT('Ctrl Pts',(-3.96914649348679,224.948495065773,23.8073820462611));
#3369=CARTESIAN_POINT('Ctrl Pts',(-6.73442646159299,227.041119150415,23.9236067429513));
#3370=CARTESIAN_POINT('Ctrl Pts',(-10.1572512347228,227.59704382535,24.0398314396414));
#3371=CARTESIAN_POINT('Ctrl Pts',(-13.4429316634353,226.486631193852,24.1560623192334));
#3372=CARTESIAN_POINT('Ctrl Pts',(-15.0318606872686,224.807823979853,24.233551633262));
#3373=CARTESIAN_POINT('Ctrl Pts',(-15.5842462943139,223.830863598407,24.2722993817272));
#3374=CARTESIAN_POINT('Ctrl Pts',(-12.4768402196454,213.77509037464,15.8719919573667));
#3375=CARTESIAN_POINT('Ctrl Pts',(-11.3972852541149,213.302557603638,15.9107335229301));
#3376=CARTESIAN_POINT('Ctrl Pts',(-9.00470746488991,212.893510521652,15.9882166540569));
#3377=CARTESIAN_POINT('Ctrl Pts',(-5.5447942049468,214.030981497811,16.1044413507471));
#3378=CARTESIAN_POINT('Ctrl Pts',(-3.0194940576909,216.65486711331,16.2206660474372));
#3379=CARTESIAN_POINT('Ctrl Pts',(-2.0149415729164,220.155433902691,16.3368907441274));
#3380=CARTESIAN_POINT('Ctrl Pts',(-2.76489141501423,223.719222982798,16.4531154408175));
#3381=CARTESIAN_POINT('Ctrl Pts',(-5.09493463611899,226.518120390059,16.5693401375077));
#3382=CARTESIAN_POINT('Ctrl Pts',(-8.46370784506833,227.901742631866,16.6855648341979));
#3383=CARTESIAN_POINT('Ctrl Pts',(-12.0883802321524,227.548579103275,16.801789530888));
#3384=CARTESIAN_POINT('Ctrl Pts',(-15.1267024221842,225.540693408361,16.9180142275782));
#3385=CARTESIAN_POINT('Ctrl Pts',(-16.8726543978013,222.344657342376,17.0342389242683));
#3386=CARTESIAN_POINT('Ctrl Pts',(-16.9205330360263,218.703132230895,17.1504636209585));
#3387=CARTESIAN_POINT('Ctrl Pts',(-15.2592114437404,215.462297718398,17.2666883176487));
#3388=CARTESIAN_POINT('Ctrl Pts',(-12.2747308073482,213.375225054807,17.3829130143388));
#3389=CARTESIAN_POINT('Ctrl Pts',(-8.66059328731261,212.926886406018,17.499137711029));
#3390=CARTESIAN_POINT('Ctrl Pts',(-5.25661455166651,214.221462018875,17.6153624077192));
#3391=CARTESIAN_POINT('Ctrl Pts',(-2.85377557383374,216.958131933743,17.7315871044093));
#3392=CARTESIAN_POINT('Ctrl Pts',(-2.01042301194149,220.500977371402,17.8478118010995));
#3393=CARTESIAN_POINT('Ctrl Pts',(-2.92252631521414,224.026748904966,17.9640364977896));
#3394=CARTESIAN_POINT('Ctrl Pts',(-5.37814044823133,226.716164562163,18.0802611944798));
#3395=CARTESIAN_POINT('Ctrl Pts',(-8.80665543825059,227.94428601626,18.19648589117));
#3396=CARTESIAN_POINT('Ctrl Pts',(-12.4113887745211,227.425735228046,18.3127105878601));
#3397=CARTESIAN_POINT('Ctrl Pts',(-15.3547101653332,225.281007614877,18.4289352845503));
#3398=CARTESIAN_POINT('Ctrl Pts',(-16.9526813210465,222.008472583703,18.5451599812404));
#3399=CARTESIAN_POINT('Ctrl Pts',(-16.8339823907949,218.368567652442,18.6613846779306));
#3400=CARTESIAN_POINT('Ctrl Pts',(-15.0261953925601,215.207095920218,18.7776093746208));
#3401=CARTESIAN_POINT('Ctrl Pts',(-11.9493949916017,213.258687175284,18.8938340713109));
#3402=CARTESIAN_POINT('Ctrl Pts',(-8.31853593638345,212.976092296014,19.0100587680011));
#3403=CARTESIAN_POINT('Ctrl Pts',(-4.97731933981016,214.424977729528,19.1262834646912));
#3404=CARTESIAN_POINT('Ctrl Pts',(-2.70214222477348,217.268666608408,19.2425081613814));
#3405=CARTESIAN_POINT('Ctrl Pts',(-2.02168649129401,220.846372205496,19.3587328580716));
#3406=CARTESIAN_POINT('Ctrl Pts',(-3.09406933722863,224.326744653439,19.4749575547617));
#3407=CARTESIAN_POINT('Ctrl Pts',(-5.67010163492969,226.901051345708,19.5911822514519));
#3408=CARTESIAN_POINT('Ctrl Pts',(-9.15119189863342,227.971101774709,19.7074069481421));
#3409=CARTESIAN_POINT('Ctrl Pts',(-12.7284407232787,227.288248795487,19.8236316448322));
#3410=CARTESIAN_POINT('Ctrl Pts',(-15.5706043815245,225.01116665283,19.9398563415224));
#3411=CARTESIAN_POINT('Ctrl Pts',(-17.0172505610542,221.668979917186,20.0560810382125));
#3412=CARTESIAN_POINT('Ctrl Pts',(-16.7322227289112,218.038311042233,20.1723057349027));
#3413=CARTESIAN_POINT('Ctrl Pts',(-14.7817526763966,214.962816948774,20.2885304315928));
#3414=CARTESIAN_POINT('Ctrl Pts',(-11.619070267016,213.157148839166,20.404755128283));
#3415=CARTESIAN_POINT('Ctrl Pts',(-7.97908661353758,213.040889013482,20.5209798249732));
#3416=CARTESIAN_POINT('Ctrl Pts',(-4.70762310773361,214.641052715998,20.6372045216633));
#3417=CARTESIAN_POINT('Ctrl Pts',(-2.5648682776397,217.585810614836,20.7534292183535));
#3418=CARTESIAN_POINT('Ctrl Pts',(-2.04873311548931,221.190890619364,20.8696539150436));
#3419=CARTESIAN_POINT('Ctrl Pts',(-3.27915172064992,224.618581883281,20.9858786117338));
#3420=CARTESIAN_POINT('Ctrl Pts',(-5.97021226599442,227.072393303491,21.102103308424));
#3421=CARTESIAN_POINT('Ctrl Pts',(-9.49659420272502,227.982133805478,21.2183280051141));
#3422=CARTESIAN_POINT('Ctrl Pts',(-13.0388737197505,227.136407391132,21.3345527018043));
#3423=CARTESIAN_POINT('Ctrl Pts',(-15.7739328922744,224.731735133329,21.4507773984944));
#3424=CARTESIAN_POINT('Ctrl Pts',(-17.0662272299643,221.326889661146,21.5670020951846));
#3425=CARTESIAN_POINT('Ctrl Pts',(-16.6154668690805,217.713053411163,21.6832267918748));
#3426=CARTESIAN_POINT('Ctrl Pts',(-14.5263947953526,214.729971914551,21.7994514885649));
#3427=CARTESIAN_POINT('Ctrl Pts',(-11.2844477626139,213.070822499438,21.9156761852551));
#3428=CARTESIAN_POINT('Ctrl Pts',(-7.64295556920497,213.121140981587,22.0319008819453));
#3429=CARTESIAN_POINT('Ctrl Pts',(-4.44809014544223,214.869234877699,22.1481255786354));
#3430=CARTESIAN_POINT('Ctrl Pts',(-2.44224095737573,217.908900381917,22.2643502753256));
#3431=CARTESIAN_POINT('Ctrl Pts',(-2.09150629273831,221.533811766003,22.3805749720157));
#3432=CARTESIAN_POINT('Ctrl Pts',(-3.47738621263998,224.901649973272,22.4967996687059));
#3433=CARTESIAN_POINT('Ctrl Pts',(-6.27784440819857,227.229831932168,22.6130243653961));
#3434=CARTESIAN_POINT('Ctrl Pts',(-9.84213965748484,227.977359023483,22.7292490620862));
#3435=CARTESIAN_POINT('Ctrl Pts',(-13.3420382268932,226.970528722991,22.8454737587764));
#3436=CARTESIAN_POINT('Ctrl Pts',(-15.9642702834533,224.443297708763,22.9616984554665));
#3437=CARTESIAN_POINT('Ctrl Pts',(-17.0995088151646,220.982917607066,23.0779231521567));
#3438=CARTESIAN_POINT('Ctrl Pts',(-16.4839591830106,217.393475251944,23.1941478488469));
#3439=CARTESIAN_POINT('Ctrl Pts',(-14.2606558651253,214.509048123687,23.310372545537));
#3440=CARTESIAN_POINT('Ctrl Pts',(-10.9462279931844,212.999888517172,23.4265972422272));
#3441=CARTESIAN_POINT('Ctrl Pts',(-7.31084523669601,213.216680832775,23.5428219389173));
#3442=CARTESIAN_POINT('Ctrl Pts',(-4.19926519652653,215.109045503032,23.6590466356075));
#3443=CARTESIAN_POINT('Ctrl Pts',(-2.33451252590883,218.237262394295,23.7752713322977));
#3444=CARTESIAN_POINT('Ctrl Pts',(-2.14992400298756,221.874411715644,23.8914960289878));
#3445=CARTESIAN_POINT('Ctrl Pts',(-3.68833524101644,225.175367370581,24.007720725678));
#3446=CARTESIAN_POINT('Ctrl Pts',(-6.59238232359106,227.373003392258,24.1239454223681));
#3447=CARTESIAN_POINT('Ctrl Pts',(-10.1869710853863,227.956825446081,24.2401701190583));
#3448=CARTESIAN_POINT('Ctrl Pts',(-13.6375333334502,226.790690154122,24.3564009986503));
#3449=CARTESIAN_POINT('Ctrl Pts',(-15.3061978988111,225.027637136615,24.4338903126789));
#3450=CARTESIAN_POINT('Ctrl Pts',(-15.8863032874511,224.001650987564,24.4726380611441));
#3451=CARTESIAN_POINT('Ctrl Pts',(-12.6159792784815,213.457211338343,16.0723306367837));
#3452=CARTESIAN_POINT('Ctrl Pts',(-11.4848388106444,212.962099040473,16.1110722023471));
#3453=CARTESIAN_POINT('Ctrl Pts',(-8.9779339783269,212.533506034598,16.1885553334739));
#3454=CARTESIAN_POINT('Ctrl Pts',(-5.35269206986627,213.725329974281,16.304780030164));
#3455=CARTESIAN_POINT('Ctrl Pts',(-2.706722868481,216.474595456292,16.4210047268542));
#3456=CARTESIAN_POINT('Ctrl Pts',(-1.65416880326358,220.142433484242,16.5372294235444));
#3457=CARTESIAN_POINT('Ctrl Pts',(-2.43995428184555,223.87651481966,16.6534541202345));
#3458=CARTESIAN_POINT('Ctrl Pts',(-4.88133639146887,226.809154864645,16.7696788169247));
#3459=CARTESIAN_POINT('Ctrl Pts',(-8.41108320870075,228.258892172961,16.8859035136148));
#3460=CARTESIAN_POINT('Ctrl Pts',(-12.2089571017339,227.888853062671,17.002128210305));
#3461=CARTESIAN_POINT('Ctrl Pts',(-15.3924626139184,225.785022468745,17.1183529069952));
#3462=CARTESIAN_POINT('Ctrl Pts',(-17.2218432360994,222.436266873771,17.2345776036853));
#3463=CARTESIAN_POINT('Ctrl Pts',(-17.2720097092948,218.620734965012,17.3508023003755));
#3464=CARTESIAN_POINT('Ctrl Pts',(-15.5313034524321,215.225040272572,17.4670269970657));
#3465=CARTESIAN_POINT('Ctrl Pts',(-12.4042122610719,213.038238836349,17.5832516937558));
#3466=CARTESIAN_POINT('Ctrl Pts',(-8.61737663364099,212.5684767537,17.699476390446));
#3467=CARTESIAN_POINT('Ctrl Pts',(-5.05074202726475,213.924912425003,17.8157010871361));
#3468=CARTESIAN_POINT('Ctrl Pts',(-2.53308568524843,216.792351496341,17.9319257838263));
#3469=CARTESIAN_POINT('Ctrl Pts',(-1.64943432717083,220.504488417373,18.0481504805164));
#3470=CARTESIAN_POINT('Ctrl Pts',(-2.60512161510122,224.198735574119,18.1643751772066));
#3471=CARTESIAN_POINT('Ctrl Pts',(-5.17807492265568,227.016662388244,18.2805998738968));
#3472=CARTESIAN_POINT('Ctrl Pts',(-8.77041822487121,228.303468452321,18.3968245705869));
#3473=CARTESIAN_POINT('Ctrl Pts',(-12.5474002986032,227.760139210267,18.5130492672771));
#3474=CARTESIAN_POINT('Ctrl Pts',(-15.6313654891688,225.512927837799,18.6292739639673));
#3475=CARTESIAN_POINT('Ctrl Pts',(-17.3056941693908,222.084017847694,18.7454986606574));
#3476=CARTESIAN_POINT('Ctrl Pts',(-17.1813233241967,218.270183537918,18.8617233573476));
#3477=CARTESIAN_POINT('Ctrl Pts',(-15.2871529519375,214.957643900361,18.9779480540377));
#3478=CARTESIAN_POINT('Ctrl Pts',(-12.0633305842905,212.916132305627,19.0941727507279));
#3479=CARTESIAN_POINT('Ctrl Pts',(-8.25897439909889,212.620033900125,19.2103974474181));
#3480=CARTESIAN_POINT('Ctrl Pts',(-4.75810096062983,214.138152939391,19.3266221441082));
#3481=CARTESIAN_POINT('Ctrl Pts',(-2.374206681518,217.11772477366,19.4428468407984));
#3482=CARTESIAN_POINT('Ctrl Pts',(-1.6612360211198,220.866387613523,19.5590715374885));
#3483=CARTESIAN_POINT('Ctrl Pts',(-2.78486165648051,224.51306633273,19.6752962341787));
#3484=CARTESIAN_POINT('Ctrl Pts',(-5.48398719563567,227.210383810046,19.7915209308689));
#3485=CARTESIAN_POINT('Ctrl Pts',(-9.13141803074295,228.331565576159,19.907745627559));
#3486=CARTESIAN_POINT('Ctrl Pts',(-12.8796022717284,227.616083119921,20.0239703242492));
#3487=CARTESIAN_POINT('Ctrl Pts',(-15.8575760041526,225.230192783266,20.1401950209394));
#3488=CARTESIAN_POINT('Ctrl Pts',(-17.373348788824,221.728302848558,20.2564197176295));
#3489=CARTESIAN_POINT('Ctrl Pts',(-17.0747011741207,217.924145931213,20.3726444143197));
#3490=CARTESIAN_POINT('Ctrl Pts',(-15.0310297741939,214.70169229172,20.4888691110098));
#3491=CARTESIAN_POINT('Ctrl Pts',(-11.717221608429,212.809742057157,20.6050938077));
#3492=CARTESIAN_POINT('Ctrl Pts',(-7.90330481476957,212.68792686681,20.7213185043902));
#3493=CARTESIAN_POINT('Ctrl Pts',(-4.47551755184983,214.364552862589,20.8375432010803));
#3494=CARTESIAN_POINT('Ctrl Pts',(-2.23037323001194,217.450023203343,20.9537678977705));
#3495=CARTESIAN_POINT('Ctrl Pts',(-1.68957504240406,221.227368510545,21.0699925944606));
#3496=CARTESIAN_POINT('Ctrl Pts',(-2.97878802471196,224.818848725694,21.1862172911508));
#3497=CARTESIAN_POINT('Ctrl Pts',(-5.79843832639273,227.389913179531,21.3024419878409));
#3498=CARTESIAN_POINT('Ctrl Pts',(-9.4933250538376,228.343124761976,21.4186666845311));
#3499=CARTESIAN_POINT('Ctrl Pts',(-13.2048690122586,227.456986119173,21.5348913812213));
#3500=CARTESIAN_POINT('Ctrl Pts',(-16.0706203734694,224.937408895656,21.6511160779114));
#3501=CARTESIAN_POINT('Ctrl Pts',(-17.4246657610515,221.369866136565,21.7673407746016));
#3502=CARTESIAN_POINT('Ctrl Pts',(-16.9523662471106,217.583346175088,21.8835654712917));
#3503=CARTESIAN_POINT('Ctrl Pts',(-14.7634698608475,214.457720980065,21.9997901679819));
#3504=CARTESIAN_POINT('Ctrl Pts',(-11.3666094874498,212.719290695786,22.1160148646721));
#3505=CARTESIAN_POINT('Ctrl Pts',(-7.55111206972104,212.772013598516,22.2322395613622));
#3506=CARTESIAN_POINT('Ctrl Pts',(-4.20358305498874,214.603638490815,22.3484642580524));
#3507=CARTESIAN_POINT('Ctrl Pts',(-2.10188628044302,217.788551506171,22.4646889547426));
#3508=CARTESIAN_POINT('Ctrl Pts',(-1.73439209504995,221.586675816448,22.5809136514327));
#3509=CARTESIAN_POINT('Ctrl Pts',(-3.18649496245079,225.115442953839,22.6971383481229));
#3510=CARTESIAN_POINT('Ctrl Pts',(-6.12077037651074,227.554874862617,22.813363044813));
#3511=CARTESIAN_POINT('Ctrl Pts',(-9.85538206791836,228.338121821586,22.9295877415032));
#3512=CARTESIAN_POINT('Ctrl Pts',(-13.5225199456434,227.283181097404,23.0458124381934));
#3513=CARTESIAN_POINT('Ctrl Pts',(-16.270052854982,224.635188764414,23.1620371348835));
#3514=CARTESIAN_POINT('Ctrl Pts',(-17.4595376749936,221.009457706611,23.2782618315737));
#3515=CARTESIAN_POINT('Ctrl Pts',(-16.8145745919425,217.248497278949,23.3944865282638));
#3516=CARTESIAN_POINT('Ctrl Pts',(-14.4850328498036,214.22624055699,23.510711224954));
#3517=CARTESIAN_POINT('Ctrl Pts',(-11.0122282095717,212.644967200967,23.6269359216442));
#3518=CARTESIAN_POINT('Ctrl Pts',(-7.20313216236808,212.872118730186,23.7431606183343));
#3519=CARTESIAN_POINT('Ctrl Pts',(-3.94286824368893,214.854908237694,23.8593853150245));
#3520=CARTESIAN_POINT('Ctrl Pts',(-1.98901014883359,218.132603983497,23.9756100117146));
#3521=CARTESIAN_POINT('Ctrl Pts',(-1.79560123975416,221.943551009175,24.0918347084048));
#3522=CARTESIAN_POINT('Ctrl Pts',(-3.40752398854608,225.402239675389,24.208059405095));
#3523=CARTESIAN_POINT('Ctrl Pts',(-6.45033818558913,227.7048876341,24.3242841017851));
#3524=CARTESIAN_POINT('Ctrl Pts',(-10.2166909360496,228.316607066811,24.4405087984753));
#3525=CARTESIAN_POINT('Ctrl Pts',(-13.8321350034652,227.094749114391,24.5567396780673));
#3526=CARTESIAN_POINT('Ctrl Pts',(-15.5805351103538,225.247450293377,24.6342289920958));
#3527=CARTESIAN_POINT('Ctrl Pts',(-16.1883602805881,224.17243837672,24.6729767405611));
#3528=CARTESIAN_POINT('Ctrl Pts',(-3.25574535893904,224.342064321388,24.0723306367839));
#3529=CARTESIAN_POINT('Ctrl Pts',(-3.2559257322299,224.342355036421,24.0723360379301));
#3530=CARTESIAN_POINT('Ctrl Pts',(-3.25610612561389,224.342645738987,24.0723414390763));
#3531=CARTESIAN_POINT('Ctrl Pts',(-3.25628653908929,224.342936429084,24.0723468402225));
#3532=CARTESIAN_POINT('Ctrl Pts',(-11.079892272371,227.883933014202,15.4716863466009));
#3533=CARTESIAN_POINT('Ctrl Pts',(-12.3084003909372,227.634345768181,15.5110194386529));
#3534=CARTESIAN_POINT('Ctrl Pts',(-14.6382570552691,226.516336712038,15.5896790555802));
#3535=CARTESIAN_POINT('Ctrl Pts',(-16.9196497709276,223.381035540032,15.7076651973829));
#3536=CARTESIAN_POINT('Ctrl Pts',(-17.4405431937736,219.539371247325,15.8256447720089));
#3537=CARTESIAN_POINT('Ctrl Pts',(-16.0770490476646,215.910050087204,15.9436243466349));
#3538=CARTESIAN_POINT('Ctrl Pts',(-13.1551643155035,213.361793228896,16.061603921261));
#3539=CARTESIAN_POINT('Ctrl Pts',(-9.37421321248779,212.50429167062,16.179583495887));
#3540=CARTESIAN_POINT('Ctrl Pts',(-5.6388997932747,213.54278965599,16.297563070513));
#3541=CARTESIAN_POINT('Ctrl Pts',(-2.8430941269063,216.228758906136,16.4155426451391));
#3542=CARTESIAN_POINT('Ctrl Pts',(-1.65580657379522,219.919469767153,16.5335222197651));
#3543=CARTESIAN_POINT('Ctrl Pts',(-2.36115512168646,223.731748401517,16.6515017943911));
#3544=CARTESIAN_POINT('Ctrl Pts',(-4.79035060489922,226.753336870907,16.7694813690172));
#3545=CARTESIAN_POINT('Ctrl Pts',(-8.36209940098862,228.261182603102,16.8874609436432));
#3546=CARTESIAN_POINT('Ctrl Pts',(-12.2216985891229,227.894465774778,17.0054405182692));
#3547=CARTESIAN_POINT('Ctrl Pts',(-15.4455648397448,225.740939767727,17.1234200928953));
#3548=CARTESIAN_POINT('Ctrl Pts',(-17.2622422961059,222.315933123125,17.2413996675213));
#3549=CARTESIAN_POINT('Ctrl Pts',(-17.2370088048862,218.439033471428,17.3593792421473));
#3550=CARTESIAN_POINT('Ctrl Pts',(-15.3759025949998,215.037964334134,17.4773588167734));
#3551=CARTESIAN_POINT('Ctrl Pts',(-12.1242774723811,212.926585243756,17.5953383913994));
#3552=CARTESIAN_POINT('Ctrl Pts',(-8.26023173677554,212.610139099566,17.7133179660254));
#3553=CARTESIAN_POINT('Ctrl Pts',(-4.70841301246825,214.164349945118,17.8312975406514));
#3554=CARTESIAN_POINT('Ctrl Pts',(-2.31875449316821,217.217302576153,17.9492771152775));
#3555=CARTESIAN_POINT('Ctrl Pts',(-1.663090008021,221.038440062251,18.0672566899035));
#3556=CARTESIAN_POINT('Ctrl Pts',(-2.89831692511293,224.713382520099,18.1852362645295));
#3557=CARTESIAN_POINT('Ctrl Pts',(-5.72885136444895,227.362733835587,18.3032158391556));
#3558=CARTESIAN_POINT('Ctrl Pts',(-9.47736000304379,228.352516938835,18.4211954137816));
#3559=CARTESIAN_POINT('Ctrl Pts',(-13.2468426924833,227.445881477824,18.5391749884077));
#3560=CARTESIAN_POINT('Ctrl Pts',(-16.1352802944949,224.859780972352,18.6571545630337));
#3561=CARTESIAN_POINT('Ctrl Pts',(-17.4514835368813,221.213056876694,18.7751341376597));
#3562=CARTESIAN_POINT('Ctrl Pts',(-16.880491293064,217.378352786072,18.8931137122857));
#3563=CARTESIAN_POINT('Ctrl Pts',(-14.558939269892,214.27329500741,19.0110932869118));
#3564=CARTESIAN_POINT('Ctrl Pts',(-11.0423637379623,212.640908982795,19.1290728615378));
#3565=CARTESIAN_POINT('Ctrl Pts',(-7.17226436507653,212.871816862943,19.2470524361638));
#3566=CARTESIAN_POINT('Ctrl Pts',(-3.87473737953154,214.91076349901,19.3650320107899));
#3567=CARTESIAN_POINT('Ctrl Pts',(-1.93886518200579,218.26983873484,19.4830115854159));
#3568=CARTESIAN_POINT('Ctrl Pts',(-1.82789270960711,222.1452319685,19.6009911600419));
#3569=CARTESIAN_POINT('Ctrl Pts',(-3.56837514302498,225.609580176185,19.718970734668));
#3570=CARTESIAN_POINT('Ctrl Pts',(-6.74382337908593,227.833881438429,19.836950309294));
#3571=CARTESIAN_POINT('Ctrl Pts',(-10.5943678766687,228.285871125547,19.95492988392));
#3572=CARTESIAN_POINT('Ctrl Pts',(-14.1985917953984,226.857390272059,20.0729094585461));
#3573=CARTESIAN_POINT('Ctrl Pts',(-16.6940216286622,223.890267498666,20.1908890331721));
#3574=CARTESIAN_POINT('Ctrl Pts',(-17.4835129794048,220.0945210619,20.3088686077981));
#3575=CARTESIAN_POINT('Ctrl Pts',(-16.3781443518843,216.378454888859,20.4268481824242));
#3576=CARTESIAN_POINT('Ctrl Pts',(-13.6424251599923,213.631305801488,20.5448277570502));
#3577=CARTESIAN_POINT('Ctrl Pts',(-9.93099989245744,212.510453407715,20.6628073316762));
#3578=CARTESIAN_POINT('Ctrl Pts',(-6.13199482478259,213.284112312472,20.7807869063023));
#3579=CARTESIAN_POINT('Ctrl Pts',(-3.15449365882597,215.767149648446,20.8987664809283));
#3580=CARTESIAN_POINT('Ctrl Pts',(-1.71099815070395,219.365386483783,21.0167460555543));
#3581=CARTESIAN_POINT('Ctrl Pts',(-2.14692985600681,223.217781992218,21.1347256301804));
#3582=CARTESIAN_POINT('Ctrl Pts',(-4.35797240730937,226.402476395371,21.2527052048064));
#3583=CARTESIAN_POINT('Ctrl Pts',(-7.81503392094024,228.157387588615,21.3706847794324));
#3584=CARTESIAN_POINT('Ctrl Pts',(-11.690856148296,228.062573735809,21.4886643540585));
#3585=CARTESIAN_POINT('Ctrl Pts',(-15.0579734096467,226.14072333723,21.6066439286845));
#3586=CARTESIAN_POINT('Ctrl Pts',(-17.1106506844452,222.85172598115,21.7246235033105));
#3587=CARTESIAN_POINT('Ctrl Pts',(-17.3576921414992,218.982622967851,21.8426030779365));
#3588=CARTESIAN_POINT('Ctrl Pts',(-15.7399819421854,215.459272103635,21.9605826525626));
#3589=CARTESIAN_POINT('Ctrl Pts',(-12.6446303872938,213.12479435631,22.0785622271886));
#3590=CARTESIAN_POINT('Ctrl Pts',(-8.81234025580669,212.537819070187,22.1965418018147));
#3591=CARTESIAN_POINT('Ctrl Pts',(-5.16016022823847,213.838806595971,22.3145213764407));
#3592=CARTESIAN_POINT('Ctrl Pts',(-2.5620394292832,216.71643690214,22.4325009510667));
#3593=CARTESIAN_POINT('Ctrl Pts',(-1.63969581859598,220.482106748136,22.5504805256928));
#3594=CARTESIAN_POINT('Ctrl Pts',(-2.61384156868671,224.234709614421,22.6684601003188));
#3595=CARTESIAN_POINT('Ctrl Pts',(-5.25136877955802,227.076265136652,22.7864396749448));
#3596=CARTESIAN_POINT('Ctrl Pts',(-8.92112873129215,228.32680376328,22.9044192495708));
#3597=CARTESIAN_POINT('Ctrl Pts',(-12.7449678839443,227.687075283339,23.0223988241969));
#3598=CARTESIAN_POINT('Ctrl Pts',(-15.8078546485564,225.310168721441,23.1403783988229));
#3599=CARTESIAN_POINT('Ctrl Pts',(-17.3768665290107,221.764855459631,23.258357973449));
#3600=CARTESIAN_POINT('Ctrl Pts',(-17.0765220503133,217.899536150705,23.376337548075));
#3601=CARTESIAN_POINT('Ctrl Pts',(-14.9787485419707,214.639111375979,23.494317122701));
#3602=CARTESIAN_POINT('Ctrl Pts',(-11.5854204758696,212.763901252931,23.612296697327));
#3603=CARTESIAN_POINT('Ctrl Pts',(-7.70882512980959,212.722391992103,23.7302762719531));
#3604=CARTESIAN_POINT('Ctrl Pts',(-4.27611482310093,214.525082331681,23.8482558465791));
#3605=CARTESIAN_POINT('Ctrl Pts',(-2.83222148950721,216.668000940289,23.9269088963298));
#3606=CARTESIAN_POINT('Ctrl Pts',(-2.40715379400604,217.847118497866,23.9662354212051));
#3607=CARTESIAN_POINT('Ctrl Pts',(-11.010803764825,227.543871220806,15.6720320854444));
#3608=CARTESIAN_POINT('Ctrl Pts',(-12.1832839309903,227.30566677489,15.7113651774965));
#3609=CARTESIAN_POINT('Ctrl Pts',(-14.4068839932555,226.238646195937,15.7900247944238));
#3610=CARTESIAN_POINT('Ctrl Pts',(-16.5842303777999,223.246335128899,15.9080109362264));
#3611=CARTESIAN_POINT('Ctrl Pts',(-17.0813676760748,219.579875689037,16.0259905108524));
#3612=CARTESIAN_POINT('Ctrl Pts',(-15.7800577222904,216.116075155222,16.1439700854785));
#3613=CARTESIAN_POINT('Ctrl Pts',(-12.9914299187734,213.684035366874,16.2619496601045));
#3614=CARTESIAN_POINT('Ctrl Pts',(-9.38291475267049,212.865641451246,16.3799292347305));
#3615=CARTESIAN_POINT('Ctrl Pts',(-5.81795589545937,213.856777180874,16.4979088093566));
#3616=CARTESIAN_POINT('Ctrl Pts',(-3.14965713314004,216.420248781209,16.6158883839826));
#3617=CARTESIAN_POINT('Ctrl Pts',(-2.01651760681574,219.942639246682,16.7338679586086));
#3618=CARTESIAN_POINT('Ctrl Pts',(-2.68969767794232,223.581053205154,16.8518475332347));
#3619=CARTESIAN_POINT('Ctrl Pts',(-5.00810606349647,226.46483760766,16.9698271078607));
#3620=CARTESIAN_POINT('Ctrl Pts',(-8.41695990715453,227.903915777285,17.0878066824867));
#3621=CARTESIAN_POINT('Ctrl Pts',(-12.1005362946811,227.553923619064,17.2057862571128));
#3622=CARTESIAN_POINT('Ctrl Pts',(-15.1773732973011,225.498612390405,17.3237658317388));
#3623=CARTESIAN_POINT('Ctrl Pts',(-16.9111984578454,222.229808302674,17.4417454063648));
#3624=CARTESIAN_POINT('Ctrl Pts',(-16.8871157777793,218.529720465131,17.5597249809909));
#3625=CARTESIAN_POINT('Ctrl Pts',(-15.1108881035448,215.283762178843,17.6777045556169));
#3626=CARTESIAN_POINT('Ctrl Pts',(-12.0075582138535,213.268675693607,17.7956841302429));
#3627=CARTESIAN_POINT('Ctrl Pts',(-8.31973807031163,212.966661549691,17.913663704869));
#3628=CARTESIAN_POINT('Ctrl Pts',(-4.92990535766738,214.449990282249,18.031643279495));
#3629=CARTESIAN_POINT('Ctrl Pts',(-2.6492307935813,217.363708436841,18.149622854121));
#3630=CARTESIAN_POINT('Ctrl Pts',(-2.02346886911695,221.010577225848,18.2676024287471));
#3631=CARTESIAN_POINT('Ctrl Pts',(-3.20236141293999,224.51791842979,18.3855820033731));
#3632=CARTESIAN_POINT('Ctrl Pts',(-5.90380509053047,227.046442111213,18.5035615779991));
#3633=CARTESIAN_POINT('Ctrl Pts',(-9.48135737938399,227.991084673866,18.6215411526252));
#3634=CARTESIAN_POINT('Ctrl Pts',(-13.0789271660855,227.125797680715,18.7395207272512));
#3635=CARTESIAN_POINT('Ctrl Pts',(-15.8356332459095,224.657640161402,18.8575003018772));
#3636=CARTESIAN_POINT('Ctrl Pts',(-17.0918090684523,221.177230378985,18.9754798765033));
#3637=CARTESIAN_POINT('Ctrl Pts',(-16.5468577809578,217.517413710769,19.0934594511293));
#3638=CARTESIAN_POINT('Ctrl Pts',(-14.3311836142564,214.553966741833,19.2114390257553));
#3639=CARTESIAN_POINT('Ctrl Pts',(-10.9749867754258,212.996028126319,19.3294186003814));
#3640=CARTESIAN_POINT('Ctrl Pts',(-7.28138907979715,213.216405106814,19.4473981750074));
#3641=CARTESIAN_POINT('Ctrl Pts',(-4.13425075037476,215.162362528284,19.5653777496334));
#3642=CARTESIAN_POINT('Ctrl Pts',(-2.28666690332719,218.36824210787,19.6833573242594));
#3643=CARTESIAN_POINT('Ctrl Pts',(-2.18075549671016,222.066892229825,19.8013368988855));
#3644=CARTESIAN_POINT('Ctrl Pts',(-3.84186062243226,225.373243649742,19.9193164735115));
#3645=CARTESIAN_POINT('Ctrl Pts',(-6.87248778655006,227.496102322098,20.0372960481375));
#3646=CARTESIAN_POINT('Ctrl Pts',(-10.5474224362468,227.927478342693,20.1552756227636));
#3647=CARTESIAN_POINT('Ctrl Pts',(-13.9872703259467,226.564145497636,20.2732551973896));
#3648=CARTESIAN_POINT('Ctrl Pts',(-16.3688923448338,223.7323428015,20.3912347720156));
#3649=CARTESIAN_POINT('Ctrl Pts',(-17.1223777602864,220.109707064998,20.5092143466417));
#3650=CARTESIAN_POINT('Ctrl Pts',(-16.0674211242801,216.563117654475,20.6271939212677));
#3651=CARTESIAN_POINT('Ctrl Pts',(-13.4564685027909,213.941256415007,20.7451734958937));
#3652=CARTESIAN_POINT('Ctrl Pts',(-9.91430834232893,212.871522173093,20.8631530705198));
#3653=CARTESIAN_POINT('Ctrl Pts',(-6.28856258966046,213.609897204968,20.9811326451458));
#3654=CARTESIAN_POINT('Ctrl Pts',(-3.44685482309514,215.979691904963,21.0991122197718));
#3655=CARTESIAN_POINT('Ctrl Pts',(-2.06919208921184,219.413825761174,21.2170917943979));
#3656=CARTESIAN_POINT('Ctrl Pts',(-2.48524247629983,223.0905270036,21.3350713690239));
#3657=CARTESIAN_POINT('Ctrl Pts',(-4.59544712108096,226.129978649514,21.4530509436499));
#3658=CARTESIAN_POINT('Ctrl Pts',(-7.89484416753775,227.804854489864,21.571030518276));
#3659=CARTESIAN_POINT('Ctrl Pts',(-11.5939037182885,227.714364764795,21.689010092902));
#3660=CARTESIAN_POINT('Ctrl Pts',(-14.8074585547792,225.880163231556,21.806989667528));
#3661=CARTESIAN_POINT('Ctrl Pts',(-16.7665204086384,222.741165525075,21.9249692421541));
#3662=CARTESIAN_POINT('Ctrl Pts',(-17.0022951701064,219.048518748562,22.0429488167801));
#3663=CARTESIAN_POINT('Ctrl Pts',(-15.4583630669042,215.68585557662,22.1609283914061));
#3664=CARTESIAN_POINT('Ctrl Pts',(-12.5041796548688,213.457845182771,22.2789079660322));
#3665=CARTESIAN_POINT('Ctrl Pts',(-8.84666685356657,212.897639783549,22.3968875406582));
#3666=CARTESIAN_POINT('Ctrl Pts',(-5.36104996518462,214.139293825031,22.5148671152842));
#3667=CARTESIAN_POINT('Ctrl Pts',(-2.88142035587294,216.885685491922,22.6328466899103));
#3668=CARTESIAN_POINT('Ctrl Pts',(-2.00114160673275,220.479616325615,22.7508262645363));
#3669=CARTESIAN_POINT('Ctrl Pts',(-2.93085998113682,224.061076118774,22.8688058391623));
#3670=CARTESIAN_POINT('Ctrl Pts',(-5.4480988139392,226.77303824627,22.9867854137884));
#3671=CARTESIAN_POINT('Ctrl Pts',(-8.95049386772008,227.966544186188,23.1047649884144));
#3672=CARTESIAN_POINT('Ctrl Pts',(-12.5999411097321,227.355991481548,23.2227445630404));
#3673=CARTESIAN_POINT('Ctrl Pts',(-15.5231403368639,225.087487302752,23.3407241376665));
#3674=CARTESIAN_POINT('Ctrl Pts',(-17.0205950809623,221.703863361245,23.4587037122925));
#3675=CARTESIAN_POINT('Ctrl Pts',(-16.7339482619727,218.014827727602,23.5766832869185));
#3676=CARTESIAN_POINT('Ctrl Pts',(-14.7318468558304,214.903099507114,23.6946628615446));
#3677=CARTESIAN_POINT('Ctrl Pts',(-11.4932765975898,213.113411149798,23.8126424361706));
#3678=CARTESIAN_POINT('Ctrl Pts',(-7.79347918737107,213.073794980969,23.9306220107966));
#3679=CARTESIAN_POINT('Ctrl Pts',(-4.5173227745796,214.794270928137,24.0486015854226));
#3680=CARTESIAN_POINT('Ctrl Pts',(-3.13928035865097,216.839458524643,24.1272546351733));
#3681=CARTESIAN_POINT('Ctrl Pts',(-2.73359851192915,217.964800660315,24.1665811600487));
#3682=CARTESIAN_POINT('Ctrl Pts',(-10.941715257279,227.203809427411,15.872377824288));
#3683=CARTESIAN_POINT('Ctrl Pts',(-12.0581674710434,226.976987781599,15.91171091634));
#3684=CARTESIAN_POINT('Ctrl Pts',(-14.1755109312419,225.960955679836,15.9903705332673));
#3685=CARTESIAN_POINT('Ctrl Pts',(-16.2488109846721,223.111634717766,16.10835667507));
#3686=CARTESIAN_POINT('Ctrl Pts',(-16.722192158376,219.620380130748,16.2263362496961));
#3687=CARTESIAN_POINT('Ctrl Pts',(-15.4830663969161,216.322100223239,16.3443158243221));
#3688=CARTESIAN_POINT('Ctrl Pts',(-12.8276955220432,214.006277504852,16.4622953989482));
#3689=CARTESIAN_POINT('Ctrl Pts',(-9.39161629285319,213.226991231871,16.5802749735742));
#3690=CARTESIAN_POINT('Ctrl Pts',(-5.99701199764403,214.170764705758,16.6982545482002));
#3691=CARTESIAN_POINT('Ctrl Pts',(-3.45622013937377,216.611738656282,16.8162341228262));
#3692=CARTESIAN_POINT('Ctrl Pts',(-2.37722863983628,219.965808726211,16.9342136974523));
#3693=CARTESIAN_POINT('Ctrl Pts',(-3.01824023419818,223.430358008791,17.0521932720783));
#3694=CARTESIAN_POINT('Ctrl Pts',(-5.22586152209372,226.176338344413,17.1701728467043));
#3695=CARTESIAN_POINT('Ctrl Pts',(-8.47182041332044,227.546648951469,17.2881524213304));
#3696=CARTESIAN_POINT('Ctrl Pts',(-11.9793740002392,227.213381463349,17.4061319959564));
#3697=CARTESIAN_POINT('Ctrl Pts',(-14.9091817548576,225.256285013082,17.5241115705824));
#3698=CARTESIAN_POINT('Ctrl Pts',(-16.560154619585,222.143683482222,17.6420911452085));
#3699=CARTESIAN_POINT('Ctrl Pts',(-16.5372227506723,218.620407458836,17.7600707198345));
#3700=CARTESIAN_POINT('Ctrl Pts',(-14.8458736120899,215.529560023551,17.8780502944605));
#3701=CARTESIAN_POINT('Ctrl Pts',(-11.8908389553257,213.610766143458,17.9960298690866));
#3702=CARTESIAN_POINT('Ctrl Pts',(-8.37924440384773,213.323183999816,18.1140094437126));
#3703=CARTESIAN_POINT('Ctrl Pts',(-5.1513977028665,214.735630619379,18.2319890183386));
#3704=CARTESIAN_POINT('Ctrl Pts',(-2.97970709399439,217.510114297529,18.3499685929647));
#3705=CARTESIAN_POINT('Ctrl Pts',(-2.38384773021289,220.982714389445,18.4679481675907));
#3706=CARTESIAN_POINT('Ctrl Pts',(-3.50640590076704,224.322454339483,18.5859277422167));
#3707=CARTESIAN_POINT('Ctrl Pts',(-6.07875881661198,226.730150386837,18.7039073168428));
#3708=CARTESIAN_POINT('Ctrl Pts',(-9.48535475572418,227.629652408898,18.8218868914688));
#3709=CARTESIAN_POINT('Ctrl Pts',(-12.9110116396876,226.805713883604,18.9398664660948));
#3710=CARTESIAN_POINT('Ctrl Pts',(-15.535986197324,224.455499350452,19.0578460407209));
#3711=CARTESIAN_POINT('Ctrl Pts',(-16.7321346000233,221.141403881275,19.1758256153469));
#3712=CARTESIAN_POINT('Ctrl Pts',(-16.2132242688517,217.656474635466,19.2938051899729));
#3713=CARTESIAN_POINT('Ctrl Pts',(-14.103427958621,214.834638476256,19.411784764599));
#3714=CARTESIAN_POINT('Ctrl Pts',(-10.9076098128894,213.351147269843,19.529764339225));
#3715=CARTESIAN_POINT('Ctrl Pts',(-7.39051379451777,213.560993350687,19.647743913851));
#3716=CARTESIAN_POINT('Ctrl Pts',(-4.39376412121798,215.413961557556,19.7657234884771));
#3717=CARTESIAN_POINT('Ctrl Pts',(-2.63446862464858,218.4666454809,19.8837030631031));
#3718=CARTESIAN_POINT('Ctrl Pts',(-2.53361828381322,221.98855249115,20.0016826377291));
#3719=CARTESIAN_POINT('Ctrl Pts',(-4.11534610183955,225.136907123299,20.1196622123552));
#3720=CARTESIAN_POINT('Ctrl Pts',(-7.00115219401419,227.158323205766,20.2376417869812));
#3721=CARTESIAN_POINT('Ctrl Pts',(-10.5004769958248,227.56908555984,20.3556213616072));
#3722=CARTESIAN_POINT('Ctrl Pts',(-13.7759488564948,226.270900723212,20.4736009362332));
#3723=CARTESIAN_POINT('Ctrl Pts',(-16.0437630610054,223.574418104334,20.5915805108593));
#3724=CARTESIAN_POINT('Ctrl Pts',(-16.761242541168,220.124893068095,20.7095600854853));
#3725=CARTESIAN_POINT('Ctrl Pts',(-15.7566978966758,216.747780420091,20.8275396601113));
#3726=CARTESIAN_POINT('Ctrl Pts',(-13.2705118455894,214.251207028525,20.9455192347374));
#3727=CARTESIAN_POINT('Ctrl Pts',(-9.89761679220041,213.232590938473,21.0634988093634));
#3728=CARTESIAN_POINT('Ctrl Pts',(-6.44513035453833,213.935682097465,21.1814783839894));
#3729=CARTESIAN_POINT('Ctrl Pts',(-3.73921598736431,216.192234161479,21.2994579586155));
#3730=CARTESIAN_POINT('Ctrl Pts',(-2.42738602771973,219.462265038563,21.4174375332415));
#3731=CARTESIAN_POINT('Ctrl Pts',(-2.82355509659286,222.963272014982,21.5354171078675));
#3732=CARTESIAN_POINT('Ctrl Pts',(-4.83292183485255,225.857480903656,21.6533966824936));
#3733=CARTESIAN_POINT('Ctrl Pts',(-7.97465441413526,227.452321391112,21.7713762571196));
#3734=CARTESIAN_POINT('Ctrl Pts',(-11.496951288281,227.366155793782,21.8893558317456));
#3735=CARTESIAN_POINT('Ctrl Pts',(-14.5569436999117,225.619603125883,22.0073354063717));
#3736=CARTESIAN_POINT('Ctrl Pts',(-16.4223901328316,222.630605068999,22.1253149809977));
#3737=CARTESIAN_POINT('Ctrl Pts',(-16.6468981987135,219.114414529273,22.2432945556237));
#3738=CARTESIAN_POINT('Ctrl Pts',(-15.1767441916232,215.912439049605,22.3612741302498));
#3739=CARTESIAN_POINT('Ctrl Pts',(-12.3637289224438,213.790896009232,22.4792537048758));
#3740=CARTESIAN_POINT('Ctrl Pts',(-8.88099345132644,213.257460496912,22.5972332795018));
#3741=CARTESIAN_POINT('Ctrl Pts',(-5.56193970213077,214.43978105409,22.7152128541279));
#3742=CARTESIAN_POINT('Ctrl Pts',(-3.20080128246267,217.054934081704,22.8331924287539));
#3743=CARTESIAN_POINT('Ctrl Pts',(-2.36258739486951,220.477125903095,22.9511720033799));
#3744=CARTESIAN_POINT('Ctrl Pts',(-3.24787839358692,223.887442623127,23.069151578006));
#3745=CARTESIAN_POINT('Ctrl Pts',(-5.64482884832037,226.469811355889,23.187131152632));
#3746=CARTESIAN_POINT('Ctrl Pts',(-8.979859004148,227.606284609094,23.305110727258));
#3747=CARTESIAN_POINT('Ctrl Pts',(-12.45491433552,227.024907679757,23.4230903018841));
#3748=CARTESIAN_POINT('Ctrl Pts',(-15.2384260251714,224.864805884061,23.5410698765101));
#3749=CARTESIAN_POINT('Ctrl Pts',(-16.6643236329139,221.642871262859,23.6590494511361));
#3750=CARTESIAN_POINT('Ctrl Pts',(-16.3913744736321,218.130119304498,23.7770290257622));
#3751=CARTESIAN_POINT('Ctrl Pts',(-14.4849451696899,215.16708763825,23.8950086003882));
#3752=CARTESIAN_POINT('Ctrl Pts',(-11.4011327193101,213.462921046666,24.0129881750142));
#3753=CARTESIAN_POINT('Ctrl Pts',(-7.87813324493253,213.425197969835,24.1309677496402));
#3754=CARTESIAN_POINT('Ctrl Pts',(-4.75853072605827,215.063459524592,24.2489473242663));
#3755=CARTESIAN_POINT('Ctrl Pts',(-3.44633922779475,217.010916108997,24.327600374017));
#3756=CARTESIAN_POINT('Ctrl Pts',(-3.06004322985224,218.082482822762,24.3669268988923));
#3757=CARTESIAN_POINT('Ctrl Pts',(-10.8726267497329,226.863747634016,16.0727235631316));
#3758=CARTESIAN_POINT('Ctrl Pts',(-11.9330510110964,226.648308788307,16.1120566551836));
#3759=CARTESIAN_POINT('Ctrl Pts',(-13.9441378692282,225.683265163735,16.190716272111));
#3760=CARTESIAN_POINT('Ctrl Pts',(-15.9133915915444,222.976934306633,16.3087024139136));
#3761=CARTESIAN_POINT('Ctrl Pts',(-16.3630166406773,219.66088457246,16.4266819885396));
#3762=CARTESIAN_POINT('Ctrl Pts',(-15.1860750715418,216.528125291257,16.5446615631657));
#3763=CARTESIAN_POINT('Ctrl Pts',(-12.6639611253131,214.32851964283,16.6626411377917));
#3764=CARTESIAN_POINT('Ctrl Pts',(-9.40031783303589,213.588341012497,16.7806207124177));
#3765=CARTESIAN_POINT('Ctrl Pts',(-6.17606809982871,214.484752230642,16.8986002870437));
#3766=CARTESIAN_POINT('Ctrl Pts',(-3.76278314560751,216.803228531356,17.0165798616698));
#3767=CARTESIAN_POINT('Ctrl Pts',(-2.73793967285681,219.98897820574,17.1345594362958));
#3768=CARTESIAN_POINT('Ctrl Pts',(-3.34678279045403,223.279662812428,17.2525390109219));
#3769=CARTESIAN_POINT('Ctrl Pts',(-5.44361698069097,225.887839081166,17.3705185855479));
#3770=CARTESIAN_POINT('Ctrl Pts',(-8.52668091948635,227.189382125651,17.4884981601739));
#3771=CARTESIAN_POINT('Ctrl Pts',(-11.8582117057973,226.872839307636,17.6064777347999));
#3772=CARTESIAN_POINT('Ctrl Pts',(-14.6409902124139,225.01395763576,17.724457309426));
#3773=CARTESIAN_POINT('Ctrl Pts',(-16.2091107813246,222.057558661771,17.842436884052));
#3774=CARTESIAN_POINT('Ctrl Pts',(-16.1873297235653,218.711094452539,17.960416458678));
#3775=CARTESIAN_POINT('Ctrl Pts',(-14.580859120635,215.775357868259,18.0783960333041));
#3776=CARTESIAN_POINT('Ctrl Pts',(-11.774119696798,213.95285659331,18.1963756079301));
#3777=CARTESIAN_POINT('Ctrl Pts',(-8.4387507373838,213.679706449943,18.3143551825561));
#3778=CARTESIAN_POINT('Ctrl Pts',(-5.37289004806563,215.02127095651,18.4323347571822));
#3779=CARTESIAN_POINT('Ctrl Pts',(-3.31018339440747,217.656520158217,18.5503143318082));
#3780=CARTESIAN_POINT('Ctrl Pts',(-2.74422659130883,220.954851553041,18.6682939064342));
#3781=CARTESIAN_POINT('Ctrl Pts',(-3.8104503885941,224.126990249174,18.7862734810603));
#3782=CARTESIAN_POINT('Ctrl Pts',(-6.25371254269348,226.413858662462,18.9042530556863));
#3783=CARTESIAN_POINT('Ctrl Pts',(-9.48935213206439,227.268220143929,19.0222326303123));
#3784=CARTESIAN_POINT('Ctrl Pts',(-12.7430961132896,226.485630086494,19.1402122049384));
#3785=CARTESIAN_POINT('Ctrl Pts',(-15.2363391487384,224.2533585395,19.2581917795644));
#3786=CARTESIAN_POINT('Ctrl Pts',(-16.3724601315942,221.105577383565,19.3761713541904));
#3787=CARTESIAN_POINT('Ctrl Pts',(-15.8795907567455,217.795535560163,19.4941509288165));
#3788=CARTESIAN_POINT('Ctrl Pts',(-13.8756723029854,215.115310210678,19.6121305034425));
#3789=CARTESIAN_POINT('Ctrl Pts',(-10.8402328503529,213.706266413367,19.7301100780685));
#3790=CARTESIAN_POINT('Ctrl Pts',(-7.4996385092384,213.905581594559,19.8480896526945));
#3791=CARTESIAN_POINT('Ctrl Pts',(-4.65327749206122,215.66556058683,19.9660692273206));
#3792=CARTESIAN_POINT('Ctrl Pts',(-2.98227034596996,218.56504885393,20.0840488019466));
#3793=CARTESIAN_POINT('Ctrl Pts',(-2.88648107091627,221.910212752475,20.2020283765727));
#3794=CARTESIAN_POINT('Ctrl Pts',(-4.38883158124683,224.900570596856,20.3200079511987));
#3795=CARTESIAN_POINT('Ctrl Pts',(-7.12981660147832,226.820544089435,20.4379875258247));
#3796=CARTESIAN_POINT('Ctrl Pts',(-10.4535315554029,227.210692776986,20.5559671004508));
#3797=CARTESIAN_POINT('Ctrl Pts',(-13.5646273870431,225.977655948789,20.6739466750768));
#3798=CARTESIAN_POINT('Ctrl Pts',(-15.718633777177,223.416493407168,20.7919262497028));
#3799=CARTESIAN_POINT('Ctrl Pts',(-16.4001073220495,220.140079071193,20.9099058243289));
#3800=CARTESIAN_POINT('Ctrl Pts',(-15.4459746690714,216.932443185707,21.0278853989549));
#3801=CARTESIAN_POINT('Ctrl Pts',(-13.0845551883881,214.561157642043,21.1458649735809));
#3802=CARTESIAN_POINT('Ctrl Pts',(-9.8809252420719,213.593659703851,21.2638445482069));
#3803=CARTESIAN_POINT('Ctrl Pts',(-6.60169811941618,214.261466989961,21.381824122833));
#3804=CARTESIAN_POINT('Ctrl Pts',(-4.03157715163348,216.404776417995,21.499803697459));
#3805=CARTESIAN_POINT('Ctrl Pts',(-2.78557996622762,219.510704315953,21.6177832720851));
#3806=CARTESIAN_POINT('Ctrl Pts',(-3.16186771688589,222.836017026364,21.7357628467111));
#3807=CARTESIAN_POINT('Ctrl Pts',(-5.07039654862416,225.584983157799,21.8537424213371));
#3808=CARTESIAN_POINT('Ctrl Pts',(-8.05446466073277,227.099788292361,21.9717219959631));
#3809=CARTESIAN_POINT('Ctrl Pts',(-11.3999988582735,227.017946822769,22.0897015705892));
#3810=CARTESIAN_POINT('Ctrl Pts',(-14.3064288450441,225.35904302021,22.2076811452152));
#3811=CARTESIAN_POINT('Ctrl Pts',(-16.0782598570248,222.520044612924,22.3256607198412));
#3812=CARTESIAN_POINT('Ctrl Pts',(-16.2915012273206,219.180310309984,22.4436402944673));
#3813=CARTESIAN_POINT('Ctrl Pts',(-14.8951253163421,216.139022522589,22.5616198690933));
#3814=CARTESIAN_POINT('Ctrl Pts',(-12.2232781900187,214.123946835693,22.6795994437193));
#3815=CARTESIAN_POINT('Ctrl Pts',(-8.91532004908634,213.617281210274,22.7975790183454));
#3816=CARTESIAN_POINT('Ctrl Pts',(-5.76282943907692,214.740268283151,22.9155585929714));
#3817=CARTESIAN_POINT('Ctrl Pts',(-3.52018220905241,217.224182671487,23.0335381675974));
#3818=CARTESIAN_POINT('Ctrl Pts',(-2.72403318300627,220.474635480574,23.1515177422235));
#3819=CARTESIAN_POINT('Ctrl Pts',(-3.56489680603704,223.71380912748,23.2694973168495));
#3820=CARTESIAN_POINT('Ctrl Pts',(-5.84155888270155,226.166584465507,23.3874768914755));
#3821=CARTESIAN_POINT('Ctrl Pts',(-9.00922414057592,227.246025032002,23.5054564661016));
#3822=CARTESIAN_POINT('Ctrl Pts',(-12.3098875613078,226.693823877966,23.6234360407276));
#3823=CARTESIAN_POINT('Ctrl Pts',(-14.9537117134789,224.642124465372,23.7414156153536));
#3824=CARTESIAN_POINT('Ctrl Pts',(-16.3080521848655,221.581879164474,23.8593951899797));
#3825=CARTESIAN_POINT('Ctrl Pts',(-16.0488006852915,218.245410881394,23.9773747646057));
#3826=CARTESIAN_POINT('Ctrl Pts',(-14.2380434835496,215.431075769385,24.0953543392317));
#3827=CARTESIAN_POINT('Ctrl Pts',(-11.3089888410303,213.812430943532,24.2133339138578));
#3828=CARTESIAN_POINT('Ctrl Pts',(-7.962787302494,213.776600958702,24.3313134884838));
#3829=CARTESIAN_POINT('Ctrl Pts',(-4.99973867753695,215.332648121047,24.4492930631098));
#3830=CARTESIAN_POINT('Ctrl Pts',(-3.75339809693851,217.182373693351,24.5279461128605));
#3831=CARTESIAN_POINT('Ctrl Pts',(-3.38648794777535,218.20016498521,24.5672726377359));
#3832=CARTESIAN_POINT('Origin',(-9.5650092758881,220.4275,24.0723306367837));
#3833=CARTESIAN_POINT('Origin',(-3.69547971053439,217.814217068238,24.0723306367837));
#3834=CARTESIAN_POINT('Origin',(-9.5650092758881,220.4275,8.07233063678376));
#3835=CARTESIAN_POINT('',(10.9897635210704,211.275925530795,8.07233063678376));
#3836=CARTESIAN_POINT('Origin',(-9.5650092758881,220.4275,8.07233063678376));
#3837=CARTESIAN_POINT('Origin',(-9.5650092758881,220.4275,8.07233063678376));
#3838=CARTESIAN_POINT('',(10.9897635210704,211.275925530795,3.07233063678376));
#3839=CARTESIAN_POINT('',(10.9897635210704,211.275925530795,8.07233063678376));
#3840=CARTESIAN_POINT('Origin',(-9.5650092758881,220.4275,3.07233063678376));
#3841=CARTESIAN_POINT('Origin',(-9.5650092758881,220.4275,8.07233063678376));
#3842=CARTESIAN_POINT('',(13.0452408007663,210.360768083874,3.07233063678376));
#3843=CARTESIAN_POINT('Origin',(-9.5650092758881,220.4275,3.07233063678376));
#3844=CARTESIAN_POINT('',(13.0452408007663,210.360768083874,8.07233063678376));
#3845=CARTESIAN_POINT('Origin',(-9.5650092758881,220.4275,3.07233063678376));
#3846=UNCERTAINTY_MEASURE_WITH_UNIT(LENGTH_MEASURE(0.01),#3850,
'DISTANCE_ACCURACY_VALUE',
'Maximum model space distance between geometric entities at asserted c
onnectivities');
#3847=UNCERTAINTY_MEASURE_WITH_UNIT(LENGTH_MEASURE(0.01),#3850,
'DISTANCE_ACCURACY_VALUE',
'Maximum model space distance between geometric entities at asserted c
onnectivities');
#3848=(
GEOMETRIC_REPRESENTATION_CONTEXT(3)
GLOBAL_UNCERTAINTY_ASSIGNED_CONTEXT((#3846))
GLOBAL_UNIT_ASSIGNED_CONTEXT((#3850,#3852,#3853))
REPRESENTATION_CONTEXT('','3D')
);
#3849=(
GEOMETRIC_REPRESENTATION_CONTEXT(3)
GLOBAL_UNCERTAINTY_ASSIGNED_CONTEXT((#3847))
GLOBAL_UNIT_ASSIGNED_CONTEXT((#3850,#3852,#3853))
REPRESENTATION_CONTEXT('','3D')
);
#3850=(
LENGTH_UNIT()
NAMED_UNIT(*)
SI_UNIT(.MILLI.,.METRE.)
);
#3851=(
LENGTH_UNIT()
NAMED_UNIT(*)
SI_UNIT($,.METRE.)
);
#3852=(
NAMED_UNIT(*)
PLANE_ANGLE_UNIT()
SI_UNIT($,.RADIAN.)
);
#3853=(
NAMED_UNIT(*)
SI_UNIT($,.STERADIAN.)
SOLID_ANGLE_UNIT()
);
#3854=SHAPE_DEFINITION_REPRESENTATION(#3855,#3856);
#3855=PRODUCT_DEFINITION_SHAPE('',$,#3858);
#3856=SHAPE_REPRESENTATION('',(#515),#3848);
#3857=PRODUCT_DEFINITION_CONTEXT('part definition',#3862,'design');
#3858=PRODUCT_DEFINITION('2026-09-03-21-19-57-652','Cover clock',#3859,
#3857);
#3859=PRODUCT_DEFINITION_FORMATION('',$,#3864);
#3860=PRODUCT_RELATED_PRODUCT_CATEGORY('Cover clock','Cover clock',(#3864));
#3861=APPLICATION_PROTOCOL_DEFINITION('international standard',
'automotive_design',2009,#3862);
#3862=APPLICATION_CONTEXT(
'Core Data for Automotive Mechanical Design Process');
#3863=PRODUCT_CONTEXT('part definition',#3862,'mechanical');
#3864=PRODUCT('2026-09-03-21-19-57-652','Cover clock',$,(#3863));
#3865=PRESENTATION_STYLE_ASSIGNMENT((#3867));
#3866=PRESENTATION_STYLE_ASSIGNMENT((#3868));
#3867=SURFACE_STYLE_USAGE(.BOTH.,#3869);
#3868=SURFACE_STYLE_USAGE(.BOTH.,#3870);
#3869=SURFACE_SIDE_STYLE('',(#3871));
#3870=SURFACE_SIDE_STYLE('',(#3872));
#3871=SURFACE_STYLE_FILL_AREA(#3873);
#3872=SURFACE_STYLE_FILL_AREA(#3874);
#3873=FILL_AREA_STYLE('Acier - Satin\X\E9',(#3875));
#3874=FILL_AREA_STYLE('Opaque(246,246,243)',(#3876));
#3875=FILL_AREA_STYLE_COLOUR('Acier - Satin\X\E9',#3877);
#3876=FILL_AREA_STYLE_COLOUR('Opaque(246,246,243)',#3878);
#3877=COLOUR_RGB('Acier - Satin\X\E9',0.627450980392157,0.627450980392157,
0.627450980392157);
#3878=COLOUR_RGB('Opaque(246,246,243)',0.964705882352941,0.964705882352941,
0.952941176470588);
ENDSEC;
END-ISO-10303-21;
