ISO-10303-21;
HEADER;
/* Generated by software containing ST-Developer
 * from STEP Tools, Inc. (www.steptools.com) 
 */

FILE_DESCRIPTION(
/* description */ (''),
/* implementation_level */ '2;1');

FILE_NAME(
/* name */ 'Cover clock.step',
/* time_stamp */ '2026-09-08T21:29:05+02:00',
/* author */ (''),
/* organization */ (''),
/* preprocessor_version */ 'ST-DEVELOPER v20.1',
/* originating_system */ 'Autodesk Translation Framework v15.8.0.0',
/* authorisation */ '');

FILE_SCHEMA (('AUTOMOTIVE_DESIGN { 1 0 10303 214 3 1 1 }'));
ENDSEC;

DATA;
#10=MECHANICAL_DESIGN_GEOMETRIC_PRESENTATION_REPRESENTATION('',(#13),#2706);
#11=SHAPE_REPRESENTATION_RELATIONSHIP('SRR','None',#2713,#12);
#12=ADVANCED_BREP_SHAPE_REPRESENTATION('',(#14),#2705);
#13=STYLED_ITEM('',(#2723),#14);
#14=MANIFOLD_SOLID_BREP('Corps9',#446);
#15=B_SPLINE_SURFACE_WITH_KNOTS('',3,3,((#2037,#2038,#2039,#2040,#2041,
#2042,#2043,#2044,#2045,#2046,#2047,#2048,#2049,#2050,#2051,#2052,#2053,
#2054,#2055,#2056,#2057,#2058,#2059,#2060,#2061,#2062,#2063,#2064,#2065,
#2066,#2067,#2068,#2069,#2070,#2071,#2072,#2073,#2074,#2075,#2076,#2077,
#2078,#2079,#2080,#2081,#2082,#2083,#2084,#2085,#2086,#2087,#2088,#2089,
#2090,#2091,#2092,#2093,#2094,#2095,#2096,#2097,#2098,#2099,#2100,#2101,
#2102,#2103,#2104,#2105,#2106,#2107,#2108,#2109,#2110,#2111,#2112,#2113),
(#2114,#2115,#2116,#2117,#2118,#2119,#2120,#2121,#2122,#2123,#2124,#2125,
#2126,#2127,#2128,#2129,#2130,#2131,#2132,#2133,#2134,#2135,#2136,#2137,
#2138,#2139,#2140,#2141,#2142,#2143,#2144,#2145,#2146,#2147,#2148,#2149,
#2150,#2151,#2152,#2153,#2154,#2155,#2156,#2157,#2158,#2159,#2160,#2161,
#2162,#2163,#2164,#2165,#2166,#2167,#2168,#2169,#2170,#2171,#2172,#2173,
#2174,#2175,#2176,#2177,#2178,#2179,#2180,#2181,#2182,#2183,#2184,#2185,
#2186,#2187,#2188,#2189,#2190),(#2191,#2192,#2193,#2194,#2195,#2196,#2197,
#2198,#2199,#2200,#2201,#2202,#2203,#2204,#2205,#2206,#2207,#2208,#2209,
#2210,#2211,#2212,#2213,#2214,#2215,#2216,#2217,#2218,#2219,#2220,#2221,
#2222,#2223,#2224,#2225,#2226,#2227,#2228,#2229,#2230,#2231,#2232,#2233,
#2234,#2235,#2236,#2237,#2238,#2239,#2240,#2241,#2242,#2243,#2244,#2245,
#2246,#2247,#2248,#2249,#2250,#2251,#2252,#2253,#2254,#2255,#2256,#2257,
#2258,#2259,#2260,#2261,#2262,#2263,#2264,#2265,#2266,#2267),(#2268,#2269,
#2270,#2271,#2272,#2273,#2274,#2275,#2276,#2277,#2278,#2279,#2280,#2281,
#2282,#2283,#2284,#2285,#2286,#2287,#2288,#2289,#2290,#2291,#2292,#2293,
#2294,#2295,#2296,#2297,#2298,#2299,#2300,#2301,#2302,#2303,#2304,#2305,
#2306,#2307,#2308,#2309,#2310,#2311,#2312,#2313,#2314,#2315,#2316,#2317,
#2318,#2319,#2320,#2321,#2322,#2323,#2324,#2325,#2326,#2327,#2328,#2329,
#2330,#2331,#2332,#2333,#2334,#2335,#2336,#2337,#2338,#2339,#2340,#2341,
#2342,#2343,#2344)),.UNSPECIFIED.,.F.,.F.,.F.,(4,4),(4,1,1,1,1,1,1,1,1,
1,1,1,1,1,1,1,1,1,1,1,1,1,1,1,1,1,1,1,1,1,1,1,1,1,1,1,1,1,1,1,1,1,1,1,1,
1,1,1,1,1,1,1,1,1,1,1,1,1,1,1,1,1,1,1,1,1,1,1,1,1,1,1,1,1,4),(-2.5811688236496E-16,
0.120125511014389),(7.86027336787874,8.34711423892876,8.83395510997877,
9.32079598102878,9.8076368520788,10.2944777231288,10.7813185941788,11.2681594652288,
11.7550003362789,12.2418412073289,12.7286820783789,13.2155229494289,13.7023638204789,
14.1892046915289,14.6760455625789,15.162886433629,15.649727304679,16.136568175729,
16.623409046779,17.110249917829,17.597090788879,18.083931659929,18.5707725309791,
19.0576134020291,19.5444542730791,20.0312951441291,20.5181360151791,21.0049768862291,
21.4918177572792,21.9786586283292,22.4654994993792,22.9523403704292,23.4391812414792,
23.9260221125292,24.4128629835792,24.8997038546293,25.3865447256793,25.8733855967293,
26.3602264677793,26.8470673388293,27.3339082098793,27.8207490809293,28.3075899519794,
28.7944308230294,29.2812716940794,29.7681125651294,30.2549534361794,30.7417943072294,
31.2286351782794,31.7154760493295,32.2023169203795,32.6891577914295,33.1759986624795,
33.6628395335295,34.1496804045795,34.6365212756295,35.1233621466796,35.6102030177296,
36.0970438887796,36.5838847598296,37.0707256308796,37.5575665019296,38.0444073729796,
38.5312482440297,39.0180891150797,39.5049299861297,39.9917708571797,40.4786117282297,
40.9654525992797,41.4522934703298,41.9391343413798,42.4259752124298,42.9128160834798,
43.3996569545298,43.8864978255798),.UNSPECIFIED.);
#16=B_SPLINE_SURFACE_WITH_KNOTS('',3,3,((#2383,#2384,#2385,#2386,#2387,
#2388,#2389,#2390,#2391,#2392,#2393,#2394,#2395,#2396,#2397,#2398,#2399,
#2400,#2401,#2402,#2403,#2404,#2405,#2406,#2407,#2408,#2409,#2410,#2411,
#2412,#2413,#2414,#2415,#2416,#2417,#2418,#2419,#2420,#2421,#2422,#2423,
#2424,#2425,#2426,#2427,#2428,#2429,#2430,#2431,#2432,#2433,#2434,#2435,
#2436,#2437,#2438,#2439,#2440,#2441,#2442,#2443,#2444,#2445,#2446,#2447,
#2448,#2449,#2450,#2451,#2452,#2453,#2454,#2455,#2456,#2457),(#2458,#2459,
#2460,#2461,#2462,#2463,#2464,#2465,#2466,#2467,#2468,#2469,#2470,#2471,
#2472,#2473,#2474,#2475,#2476,#2477,#2478,#2479,#2480,#2481,#2482,#2483,
#2484,#2485,#2486,#2487,#2488,#2489,#2490,#2491,#2492,#2493,#2494,#2495,
#2496,#2497,#2498,#2499,#2500,#2501,#2502,#2503,#2504,#2505,#2506,#2507,
#2508,#2509,#2510,#2511,#2512,#2513,#2514,#2515,#2516,#2517,#2518,#2519,
#2520,#2521,#2522,#2523,#2524,#2525,#2526,#2527,#2528,#2529,#2530,#2531,
#2532),(#2533,#2534,#2535,#2536,#2537,#2538,#2539,#2540,#2541,#2542,#2543,
#2544,#2545,#2546,#2547,#2548,#2549,#2550,#2551,#2552,#2553,#2554,#2555,
#2556,#2557,#2558,#2559,#2560,#2561,#2562,#2563,#2564,#2565,#2566,#2567,
#2568,#2569,#2570,#2571,#2572,#2573,#2574,#2575,#2576,#2577,#2578,#2579,
#2580,#2581,#2582,#2583,#2584,#2585,#2586,#2587,#2588,#2589,#2590,#2591,
#2592,#2593,#2594,#2595,#2596,#2597,#2598,#2599,#2600,#2601,#2602,#2603,
#2604,#2605,#2606,#2607),(#2608,#2609,#2610,#2611,#2612,#2613,#2614,#2615,
#2616,#2617,#2618,#2619,#2620,#2621,#2622,#2623,#2624,#2625,#2626,#2627,
#2628,#2629,#2630,#2631,#2632,#2633,#2634,#2635,#2636,#2637,#2638,#2639,
#2640,#2641,#2642,#2643,#2644,#2645,#2646,#2647,#2648,#2649,#2650,#2651,
#2652,#2653,#2654,#2655,#2656,#2657,#2658,#2659,#2660,#2661,#2662,#2663,
#2664,#2665,#2666,#2667,#2668,#2669,#2670,#2671,#2672,#2673,#2674,#2675,
#2676,#2677,#2678,#2679,#2680,#2681,#2682)),.UNSPECIFIED.,.F.,.F.,.F.,(4,
4),(4,1,1,1,1,1,1,1,1,1,1,1,1,1,1,1,1,1,1,1,1,1,1,1,1,1,1,1,1,1,1,1,1,1,
1,1,1,1,1,1,1,1,1,1,1,1,1,1,1,1,1,1,1,1,1,1,1,1,1,1,1,1,1,1,1,1,1,1,1,1,
1,1,4),(-0.0212190431157069,0.0989058746148757),(11.6149723878393,12.1091640743977,
12.6033557609561,13.0975474475145,13.5917391340728,14.0859308206312,14.5801225071896,
15.074314193748,15.5685058803064,16.0626975668648,16.5568892534232,17.0510809399816,
17.54527262654,18.0394643130983,18.5336559996567,19.0278476862151,19.5220393727735,
20.0162310593319,20.5104227458903,21.0046144324487,21.4988061190071,21.9929978055655,
22.4871894921238,22.9813811786822,23.4755728652406,23.969764551799,24.4639562383574,
24.9581479249158,25.4523396114742,25.9465312980326,26.440722984591,26.9349146711494,
27.4291063577077,27.9232980442661,28.4174897308245,28.9116814173829,29.4058731039413,
29.9000647904997,30.3942564770581,30.8884481636165,31.3826398501749,31.8768315367332,
32.3710232232916,32.86521490985,33.3594065964084,33.8535982829668,34.3477899695252,
34.8419816560836,35.336173342642,35.8303650292004,36.3245567157587,36.8187484023171,
37.3129400888755,37.8071317754339,38.3013234619923,38.7955151485507,39.2897068351091,
39.7838985216675,40.2780902082259,40.7722818947842,41.2664735813426,41.760665267901,
42.2548569544594,42.7490486410178,43.2432403275762,43.7374320141346,44.231623700693,
44.7258153872514,45.2200070738098,45.7141987603681,46.2083904469265,46.7025821334849,
47.1967738200433),.UNSPECIFIED.);
#17=FACE_BOUND('',#70,.T.);
#18=FACE_BOUND('',#72,.T.);
#19=FACE_BOUND('',#85,.T.);
#20=TOROIDAL_SURFACE('',#476,9.215,1.79);
#21=TOROIDAL_SURFACE('',#495,6.425,1.);
#22=PLANE('',#475);
#23=PLANE('',#481);
#24=PLANE('',#483);
#25=PLANE('',#487);
#26=PLANE('',#489);
#27=PLANE('',#497);
#28=PLANE('',#503);
#29=FACE_OUTER_BOUND('',#56,.T.);
#30=FACE_OUTER_BOUND('',#57,.T.);
#31=FACE_OUTER_BOUND('',#58,.T.);
#32=FACE_OUTER_BOUND('',#59,.T.);
#33=FACE_OUTER_BOUND('',#60,.T.);
#34=FACE_OUTER_BOUND('',#61,.T.);
#35=FACE_OUTER_BOUND('',#62,.T.);
#36=FACE_OUTER_BOUND('',#63,.T.);
#37=FACE_OUTER_BOUND('',#64,.T.);
#38=FACE_OUTER_BOUND('',#65,.T.);
#39=FACE_OUTER_BOUND('',#66,.T.);
#40=FACE_OUTER_BOUND('',#67,.T.);
#41=FACE_OUTER_BOUND('',#68,.T.);
#42=FACE_OUTER_BOUND('',#69,.T.);
#43=FACE_OUTER_BOUND('',#71,.T.);
#44=FACE_OUTER_BOUND('',#73,.T.);
#45=FACE_OUTER_BOUND('',#74,.T.);
#46=FACE_OUTER_BOUND('',#75,.T.);
#47=FACE_OUTER_BOUND('',#76,.T.);
#48=FACE_OUTER_BOUND('',#77,.T.);
#49=FACE_OUTER_BOUND('',#78,.T.);
#50=FACE_OUTER_BOUND('',#79,.T.);
#51=FACE_OUTER_BOUND('',#80,.T.);
#52=FACE_OUTER_BOUND('',#81,.T.);
#53=FACE_OUTER_BOUND('',#82,.T.);
#54=FACE_OUTER_BOUND('',#83,.T.);
#55=FACE_OUTER_BOUND('',#84,.T.);
#56=EDGE_LOOP('',(#273,#274,#275,#276));
#57=EDGE_LOOP('',(#277,#278,#279,#280));
#58=EDGE_LOOP('',(#281,#282,#283,#284));
#59=EDGE_LOOP('',(#285,#286,#287,#288));
#60=EDGE_LOOP('',(#289,#290,#291,#292));
#61=EDGE_LOOP('',(#293,#294,#295,#296));
#62=EDGE_LOOP('',(#297,#298,#299,#300));
#63=EDGE_LOOP('',(#301,#302,#303,#304));
#64=EDGE_LOOP('',(#305,#306,#307,#308));
#65=EDGE_LOOP('',(#309,#310,#311,#312));
#66=EDGE_LOOP('',(#313,#314,#315,#316));
#67=EDGE_LOOP('',(#317));
#68=EDGE_LOOP('',(#318,#319,#320,#321,#322,#323,#324,#325));
#69=EDGE_LOOP('',(#326));
#70=EDGE_LOOP('',(#327));
#71=EDGE_LOOP('',(#328));
#72=EDGE_LOOP('',(#329));
#73=EDGE_LOOP('',(#330,#331,#332,#333));
#74=EDGE_LOOP('',(#334,#335,#336,#337,#338,#339,#340));
#75=EDGE_LOOP('',(#341,#342,#343,#344,#345));
#76=EDGE_LOOP('',(#346,#347,#348,#349,#350,#351,#352,#353,#354,#355,#356,
#357,#358,#359,#360,#361));
#77=EDGE_LOOP('',(#362,#363,#364,#365));
#78=EDGE_LOOP('',(#366,#367,#368,#369,#370,#371,#372,#373,#374,#375,#376,
#377,#378,#379,#380,#381));
#79=EDGE_LOOP('',(#382,#383,#384,#385));
#80=EDGE_LOOP('',(#386,#387,#388,#389,#390,#391));
#81=EDGE_LOOP('',(#392));
#82=EDGE_LOOP('',(#393,#394,#395,#396));
#83=EDGE_LOOP('',(#397,#398,#399,#400));
#84=EDGE_LOOP('',(#401));
#85=EDGE_LOOP('',(#402));
#86=CIRCLE('',#461,7.425);
#87=CIRCLE('',#467,6.56845);
#88=CIRCLE('',#473,6.425);
#89=CIRCLE('',#474,6.425);
#90=CIRCLE('',#477,9.215);
#91=CIRCLE('',#478,1.79);
#92=CIRCLE('',#479,7.60876215957912);
#93=CIRCLE('',#480,7.60876215957912);
#94=CIRCLE('',#482,27.75);
#95=CIRCLE('',#484,27.75);
#96=CIRCLE('',#485,24.75);
#97=CIRCLE('',#488,6.56845);
#98=CIRCLE('',#490,7.425);
#99=CIRCLE('',#491,7.425);
#100=CIRCLE('',#494,7.425);
#101=CIRCLE('',#496,1.);
#102=CIRCLE('',#498,22.5);
#103=CIRCLE('',#500,22.5);
#104=CIRCLE('',#502,24.75);
#105=B_SPLINE_CURVE_WITH_KNOTS('',3,(#614,#615,#616,#617,#618,#619,#620,
#621,#622,#623,#624,#625,#626,#627,#628,#629,#630,#631,#632,#633,#634,#635,
#636,#637,#638,#639,#640,#641,#642,#643,#644,#645,#646,#647),
 .UNSPECIFIED.,.F.,.F.,(4,3,3,3,3,3,3,3,3,3,3,4),(-10.3761761872893,-9.88383373116779,
-9.3896420446094,-8.89545035805101,-8.40125867149261,-7.90706698493423,
-7.41287529837584,-6.91868361181745,-6.42449192525906,-5.93030023870067,
-5.43610855214228,-5.38062405569454),.UNSPECIFIED.);
#106=B_SPLINE_CURVE_WITH_KNOTS('',3,(#650,#651,#652,#653,#654,#655,#656,
#657,#658,#659,#660,#661,#662,#663,#664,#665,#666,#667,#668,#669,#670,#671,
#672,#673,#674,#675,#676,#677,#678,#679,#680),.UNSPECIFIED.,.F.,.F.,(4,
3,3,3,3,3,3,3,3,3,4),(3.30914426178144,3.45030394290305,3.93714481395307,
4.42398568500308,4.9108265560531,5.39766742710311,5.88450829815312,6.37134916920314,
6.85819004025315,7.34503091130317,7.40326687457315),.UNSPECIFIED.);
#107=B_SPLINE_CURVE_WITH_KNOTS('',3,(#685,#686,#687,#688,#689,#690,#691,
#692,#693,#694,#695,#696,#697,#698,#699,#700,#701,#702,#703,#704,#705,#706,
#707,#708,#709,#710,#711,#712,#713,#714,#715,#716,#717,#718,#719,#720,#721,
#722,#723,#724,#725,#726,#727),.UNSPECIFIED.,.F.,.F.,(4,3,3,3,3,3,3,3,3,
3,3,3,3,3,4),(-16.6593614944688,-16.3083256564268,-15.8141339698685,-15.3199422833101,
-14.8257505967517,-14.3315589101933,-13.8373672236349,-13.3431755370765,
-12.8489838505181,-12.3547921639597,-11.8606004774013,-11.366408790843,
-10.8722171042846,-10.3780254177262,-10.3761761872893),.UNSPECIFIED.);
#108=B_SPLINE_CURVE_WITH_KNOTS('',3,(#728,#729,#730,#731,#732,#733,#734,
#735,#736,#737,#738,#739,#740,#741,#742,#743,#744,#745,#746,#747,#748,#749,
#750,#751,#752,#753,#754,#755,#756,#757,#758,#759,#760,#761,#762,#763,#764,
#765,#766,#767,#768,#769,#770),.UNSPECIFIED.,.F.,.F.,(4,3,3,3,3,3,3,3,3,
3,3,3,3,3,4),(7.40326687457315,7.83187178235318,8.3187126534032,8.80555352445322,
9.29239439550323,9.77923526655324,10.2660761376033,10.7529170086533,11.2397578797033,
11.7265987507533,12.2134396218033,12.7002804928533,13.1871213639033,13.6739622349534,
13.6864521817527),.UNSPECIFIED.);
#109=B_SPLINE_CURVE_WITH_KNOTS('',3,(#775,#776,#777,#778,#779,#780,#781,
#782,#783,#784,#785,#786,#787,#788,#789,#790,#791,#792,#793,#794,#795,#796,
#797,#798,#799,#800,#801,#802,#803,#804,#805,#806,#807,#808,#809,#810,#811,
#812,#813,#814,#815,#816,#817),.UNSPECIFIED.,.F.,.F.,(4,3,3,3,3,3,3,3,3,
3,3,3,3,3,4),(-22.9425468016484,-22.7328175816859,-22.2386258951275,-21.7444342085691,
-21.2502425220107,-20.7560508354524,-20.261859148894,-19.7676674623356,
-19.2734757757772,-18.7792840892188,-18.2850924026604,-17.790900716102,
-17.2967090295436,-16.8025173429852,-16.6593614944688),.UNSPECIFIED.);
#110=B_SPLINE_CURVE_WITH_KNOTS('',3,(#818,#819,#820,#821,#822,#823,#824,
#825,#826,#827,#828,#829,#830,#831,#832,#833,#834,#835,#836,#837,#838,#839,
#840,#841,#842,#843,#844,#845,#846,#847,#848,#849,#850,#851,#852,#853,#854,
#855,#856,#857),.UNSPECIFIED.,.F.,.F.,(4,3,3,3,3,3,3,3,3,3,3,3,3,4),(13.6864521817527,
14.1608031060034,14.6476439770534,15.1344848481034,15.6213257191534,16.1081665902034,
16.5950074612535,17.0818483323035,17.5686892033535,18.0555300744035,18.5423709454535,
19.0292118165035,19.5160526875535,19.9696374889323),.UNSPECIFIED.);
#111=B_SPLINE_CURVE_WITH_KNOTS('',3,(#862,#863,#864,#865,#866,#867,#868,
#869,#870,#871,#872,#873,#874,#875,#876,#877,#878,#879,#880,#881,#882,#883,
#884,#885,#886,#887,#888,#889,#890,#891,#892,#893,#894,#895,#896,#897,#898,
#899,#900,#901,#902,#903,#904),.UNSPECIFIED.,.F.,.F.,(4,3,3,3,3,3,3,3,3,
3,3,3,3,3,4),(-29.225732108828,-29.157309506945,-28.6631178203866,-28.1689261338282,
-27.6747344472698,-27.1805427607114,-26.686351074153,-26.1921593875946,
-25.6979677010362,-25.2037760144779,-24.7095843279195,-24.2153926413611,
-23.7212009548027,-23.2270092682443,-22.9425468016484),.UNSPECIFIED.);
#112=B_SPLINE_CURVE_WITH_KNOTS('',3,(#905,#906,#907,#908,#909,#910,#911,
#912,#913,#914,#915,#916,#917,#918,#919,#920,#921,#922,#923,#924,#925,#926,
#927,#928,#929,#930,#931,#932,#933,#934,#935,#936,#937,#938,#939,#940,#941,
#942,#943,#944,#945,#946,#947),.UNSPECIFIED.,.F.,.F.,(4,3,3,3,3,3,3,3,3,
3,3,3,3,3,4),(19.9696374889323,20.0028935586036,20.4897344296536,20.9765753007036,
21.4634161717536,21.9502570428036,22.4370979138536,22.9239387849036,23.4107796559537,
23.8976205270037,24.3844613980537,24.8713022691037,25.3581431401537,25.8449840112037,
26.2528227961119),.UNSPECIFIED.);
#113=B_SPLINE_CURVE_WITH_KNOTS('',3,(#952,#953,#954,#955,#956,#957,#958,
#959,#960,#961,#962,#963,#964,#965,#966,#967,#968,#969,#970,#971,#972,#973,
#974,#975,#976,#977,#978,#979,#980,#981,#982,#983,#984,#985,#986,#987,#988,
#989,#990,#991),.UNSPECIFIED.,.F.,.F.,(4,3,3,3,3,3,3,3,3,3,3,3,3,4),(-35.5089174160076,
-35.0876097456456,-34.5934180590873,-34.0992263725289,-33.6050346859705,
-33.1108429994121,-32.6166513128537,-32.1224596262953,-31.6282679397369,
-31.1340762531785,-30.6398845666201,-30.1456928800617,-29.6515011935034,
-29.225732108828),.UNSPECIFIED.);
#114=B_SPLINE_CURVE_WITH_KNOTS('',3,(#992,#993,#994,#995,#996,#997,#998,
#999,#1000,#1001,#1002,#1003,#1004,#1005,#1006,#1007,#1008,#1009,#1010,
#1011,#1012,#1013,#1014,#1015,#1016,#1017,#1018,#1019,#1020,#1021,#1022,
#1023,#1024,#1025,#1026,#1027,#1028,#1029,#1030,#1031,#1032,#1033,#1034),
 .UNSPECIFIED.,.F.,.F.,(4,3,3,3,3,3,3,3,3,3,3,3,3,3,4),(26.2528227961119,
26.3318248822537,26.8186657533038,27.3055066243538,27.7923474954038,28.2791883664538,
28.7660292375038,29.2528701085538,29.7397109796038,30.2265518506539,30.7133927217039,
31.2002335927539,31.6870744638039,32.1739153348539,32.5360081032915),
 .UNSPECIFIED.);
#115=B_SPLINE_CURVE_WITH_KNOTS('',3,(#1040,#1041,#1042,#1043,#1044,#1045,
#1046,#1047,#1048,#1049,#1050,#1051),.UNSPECIFIED.,.F.,.F.,(4,1,1,1,1,1,
1,1,1,4),(40.8407044966673,41.2664735813426,41.760665267901,42.2548569544594,
42.7490486410178,43.2432403275762,43.7374320141346,44.231623700693,44.7258153872514,
45.1252940261302),.UNSPECIFIED.);
#116=B_SPLINE_CURVE_WITH_KNOTS('',3,(#1054,#1055,#1056,#1057,#1058,#1059,
#1060,#1061,#1062,#1063),.UNSPECIFIED.,.F.,.F.,(4,1,1,1,1,1,1,4),(40.8407044966673,
40.9654525992797,41.4522934703298,41.9391343413798,42.4259752124298,42.9128160834798,
43.3996569545298,43.8864978255798),.UNSPECIFIED.);
#117=B_SPLINE_CURVE_WITH_KNOTS('',3,(#1068,#1069,#1070,#1071,#1072,#1073,
#1074,#1075,#1076,#1077,#1078,#1079,#1080,#1081,#1082,#1083,#1084),
 .UNSPECIFIED.,.F.,.F.,(4,1,1,1,1,1,1,1,1,1,1,1,1,1,4),(34.5575191894877,
34.8419816560836,35.336173342642,35.8303650292004,36.3245567157587,36.8187484023171,
37.3129400888755,37.8071317754339,38.3013234619923,38.7955151485507,39.2897068351091,
39.7838985216675,40.2780902082259,40.7722818947842,40.8407044966673),
 .UNSPECIFIED.);
#118=B_SPLINE_CURVE_WITH_KNOTS('',3,(#1085,#1086,#1087,#1088,#1089,#1090,
#1091,#1092,#1093,#1094,#1095,#1096,#1097,#1098,#1099,#1100,#1101),
 .UNSPECIFIED.,.F.,.F.,(4,1,1,1,1,1,1,1,1,1,1,1,1,1,4),(34.5575191894877,
34.6365212756295,35.1233621466796,35.6102030177296,36.0970438887796,36.5838847598296,
37.0707256308796,37.5575665019296,38.0444073729796,38.5312482440297,39.0180891150797,
39.5049299861297,39.9917708571797,40.4786117282297,40.8407044966673),
 .UNSPECIFIED.);
#119=B_SPLINE_CURVE_WITH_KNOTS('',3,(#1106,#1107,#1108,#1109,#1110,#1111,
#1112,#1113,#1114,#1115,#1116,#1117,#1118,#1119,#1120,#1121,#1122),
 .UNSPECIFIED.,.F.,.F.,(4,1,1,1,1,1,1,1,1,1,1,1,1,1,4),(28.2743338823081,
28.4174897308245,28.9116814173829,29.4058731039413,29.9000647904997,30.3942564770581,
30.8884481636165,31.3826398501749,31.8768315367332,32.3710232232916,32.86521490985,
33.3594065964084,33.8535982829668,34.3477899695252,34.5575191894877),
 .UNSPECIFIED.);
#120=B_SPLINE_CURVE_WITH_KNOTS('',3,(#1123,#1124,#1125,#1126,#1127,#1128,
#1129,#1130,#1131,#1132,#1133,#1134,#1135,#1136,#1137,#1138,#1139),
 .UNSPECIFIED.,.F.,.F.,(4,1,1,1,1,1,1,1,1,1,1,1,1,1,4),(28.2743338823081,
28.3075899519794,28.7944308230294,29.2812716940794,29.7681125651294,30.2549534361794,
30.7417943072294,31.2286351782794,31.7154760493295,32.2023169203795,32.6891577914295,
33.1759986624795,33.6628395335295,34.1496804045795,34.5575191894877),
 .UNSPECIFIED.);
#121=B_SPLINE_CURVE_WITH_KNOTS('',3,(#1144,#1145,#1146,#1147,#1148,#1149,
#1150,#1151,#1152,#1153,#1154,#1155,#1156,#1157,#1158,#1159,#1160),
 .UNSPECIFIED.,.F.,.F.,(4,1,1,1,1,1,1,1,1,1,1,1,1,1,4),(21.9911485751285,
21.9929978055655,22.4871894921238,22.9813811786822,23.4755728652406,23.969764551799,
24.4639562383574,24.9581479249158,25.4523396114742,25.9465312980326,26.440722984591,
26.9349146711494,27.4291063577077,27.9232980442661,28.2743338823081),
 .UNSPECIFIED.);
#122=B_SPLINE_CURVE_WITH_KNOTS('',3,(#1161,#1162,#1163,#1164,#1165,#1166,
#1167,#1168,#1169,#1170,#1171,#1172,#1173,#1174,#1175,#1176),
 .UNSPECIFIED.,.F.,.F.,(4,1,1,1,1,1,1,1,1,1,1,1,1,4),(21.9911485751285,
22.4654994993792,22.9523403704292,23.4391812414792,23.9260221125292,24.4128629835792,
24.8997038546293,25.3865447256793,25.8733855967293,26.3602264677793,26.8470673388293,
27.3339082098793,27.8207490809293,28.2743338823081),.UNSPECIFIED.);
#123=B_SPLINE_CURVE_WITH_KNOTS('',3,(#1181,#1182,#1183,#1184,#1185,#1186,
#1187,#1188,#1189,#1190,#1191,#1192,#1193,#1194,#1195,#1196),
 .UNSPECIFIED.,.F.,.F.,(4,1,1,1,1,1,1,1,1,1,1,1,1,4),(15.707963267949,16.0626975668648,
16.5568892534232,17.0510809399816,17.54527262654,18.0394643130983,18.5336559996567,
19.0278476862151,19.5220393727735,20.0162310593319,20.5104227458903,21.0046144324487,
21.4988061190071,21.9911485751285),.UNSPECIFIED.);
#124=B_SPLINE_CURVE_WITH_KNOTS('',3,(#1197,#1198,#1199,#1200,#1201,#1202,
#1203,#1204,#1205,#1206,#1207,#1208,#1209,#1210,#1211,#1212,#1213),
 .UNSPECIFIED.,.F.,.F.,(4,1,1,1,1,1,1,1,1,1,1,1,1,1,4),(15.707963267949,
16.136568175729,16.623409046779,17.110249917829,17.597090788879,18.083931659929,
18.5707725309791,19.0576134020291,19.5444542730791,20.0312951441291,20.5181360151791,
21.0049768862291,21.4918177572792,21.9786586283292,21.9911485751285),
 .UNSPECIFIED.);
#125=B_SPLINE_CURVE_WITH_KNOTS('',3,(#1228,#1229,#1230,#1231,#1232,#1233,
#1234,#1235,#1236,#1237,#1238,#1239,#1240,#1241,#1242,#1243,#1244,#1245,
#1246,#1247,#1248,#1249,#1250,#1251,#1252,#1253,#1254,#1255,#1256,#1257,
#1258,#1259,#1260,#1261,#1262,#1263,#1264,#1265,#1266,#1267,#1268,#1269,
#1270,#1271,#1272,#1273,#1274,#1275,#1276,#1277,#1278,#1279,#1280,#1281,
#1282,#1283,#1284,#1285,#1286,#1287,#1288,#1289,#1290,#1291,#1292,#1293,
#1294,#1295,#1296,#1297,#1298,#1299,#1300,#1301,#1302,#1303,#1304,#1305,
#1306,#1307,#1308,#1309,#1310,#1311,#1312,#1313,#1314,#1315,#1316,#1317,
#1318,#1319,#1320,#1321,#1322,#1323,#1324,#1325,#1326,#1327,#1328,#1329,
#1330,#1331,#1332,#1333,#1334,#1335,#1336,#1337,#1338,#1339,#1340,#1341,
#1342,#1343,#1344,#1345,#1346,#1347,#1348,#1349,#1350,#1351,#1352,#1353,
#1354,#1355,#1356,#1357,#1358,#1359,#1360,#1361,#1362,#1363,#1364,#1365,
#1366,#1367,#1368,#1369,#1370,#1371,#1372,#1373,#1374,#1375,#1376,#1377,
#1378,#1379,#1380,#1381,#1382,#1383,#1384,#1385,#1386,#1387),
 .UNSPECIFIED.,.F.,.F.,(4,3,3,3,3,3,3,3,3,3,3,3,3,3,3,3,3,3,3,3,3,3,3,3,
3,3,3,3,3,3,3,3,3,3,3,3,3,3,3,3,3,3,3,3,3,3,3,3,3,3,3,3,3,4),(-20.8617330846926,
-20.822245038536,-20.7816738603934,-20.7411026822508,-20.7016096059277,
-20.6613241599392,-20.6210387139508,-20.5814764240938,-20.5493152265598,
-20.510221302166,-20.4707283097097,-20.4313295027362,-20.3924568850136,
-20.3816229885887,-20.3581985130944,-20.3194379839284,-20.280074006859,
-20.2406988211325,-20.2018143439799,-20.1676641846703,-20.1433864223211,
-20.1046507149528,-20.0653715314803,-20.0260861404407,-19.9872045915514,
-19.9776185401707,-19.9384212349002,-19.9059404234394,-19.8668142735941,
-19.8273876150567,-19.7879609565193,-19.7489150037742,-19.7090445965904,
-19.6691741894066,-19.6300385735417,-19.5985817821324,-19.5598765510244,
-19.5207487576862,-19.4816964497669,-19.4431443638692,-19.4330183997627,
-19.4093594468437,-19.3709209252837,-19.3318598970168,-19.2927721767803,
-19.2541527671175,-19.2201563786856,-19.1973343249328,-19.1588715920365,
-19.1198324076996,-19.0807622103948,-19.0420683532384,-19.0308128824241,
-19.0299773810154),.UNSPECIFIED.);
#126=B_SPLINE_CURVE_WITH_KNOTS('',3,(#1389,#1390,#1391,#1392,#1393,#1394,
#1395,#1396,#1397,#1398,#1399,#1400,#1401,#1402,#1403,#1404,#1405,#1406,
#1407,#1408,#1409,#1410,#1411,#1412,#1413,#1414,#1415,#1416,#1417,#1418,
#1419,#1420,#1421,#1422,#1423,#1424,#1425,#1426,#1427,#1428,#1429,#1430,
#1431,#1432,#1433,#1434,#1435,#1436,#1437,#1438,#1439,#1440,#1441,#1442,
#1443,#1444,#1445,#1446,#1447,#1448,#1449,#1450,#1451,#1452,#1453,#1454,
#1455,#1456,#1457,#1458,#1459,#1460,#1461,#1462,#1463,#1464,#1465,#1466,
#1467,#1468,#1469,#1470,#1471,#1472,#1473,#1474,#1475,#1476,#1477,#1478,
#1479,#1480,#1481,#1482,#1483,#1484,#1485,#1486,#1487,#1488,#1489,#1490,
#1491,#1492,#1493,#1494,#1495,#1496,#1497,#1498,#1499,#1500,#1501,#1502,
#1503,#1504,#1505,#1506,#1507,#1508,#1509),.UNSPECIFIED.,.F.,.F.,(4,3,3,
3,3,3,3,3,3,3,3,3,3,3,3,3,3,3,3,3,3,3,3,3,3,3,3,3,3,3,3,3,3,3,3,3,3,3,3,
3,4),(-9.36508518723109,-9.34450880068598,-9.32359518394581,-9.30265237092958,
-9.28191007235008,-9.2713454055389,-9.25122281727584,-9.2304222404041,-9.20946095426422,
-9.18851076089492,-9.16922515045519,-9.14827511001429,-9.12722685847295,
-9.12239290055702,-9.10142125359354,-9.08037468692298,-9.0664700736979,
-9.04547554428669,-9.02435459488139,-9.00328789646873,-8.99283187244659,
-8.97171405422623,-8.96289581513606,-8.94205605784553,-8.92086714638289,
-8.89964736448578,-8.87864408627541,-8.86241073059074,-8.85823918657207,
-8.83749587946242,-8.81614401208117,-8.79483790799068,-8.77346315896405,
-8.75208840993742,-8.73086368444526,-8.70907538180772,-8.68774533227009,
-8.6657279030826,-8.64371047389512,-8.62236231751507,-8.60996002547299),
 .UNSPECIFIED.);
#127=B_SPLINE_CURVE_WITH_KNOTS('',3,(#1524,#1525,#1526,#1527,#1528,#1529,
#1530,#1531,#1532,#1533,#1534,#1535,#1536,#1537,#1538,#1539,#1540,#1541,
#1542,#1543,#1544,#1545,#1546,#1547,#1548,#1549,#1550,#1551,#1552,#1553,
#1554,#1555,#1556,#1557,#1558,#1559,#1560,#1561,#1562,#1563,#1564,#1565,
#1566,#1567,#1568,#1569,#1570,#1571,#1572,#1573,#1574,#1575,#1576,#1577,
#1578,#1579,#1580,#1581,#1582,#1583,#1584,#1585,#1586,#1587,#1588,#1589,
#1590,#1591,#1592,#1593,#1594,#1595,#1596,#1597,#1598,#1599,#1600,#1601,
#1602,#1603,#1604,#1605,#1606,#1607,#1608,#1609,#1610,#1611,#1612,#1613,
#1614,#1615,#1616,#1617,#1618,#1619,#1620,#1621,#1622,#1623,#1624,#1625,
#1626,#1627,#1628,#1629,#1630,#1631,#1632,#1633,#1634,#1635),
 .UNSPECIFIED.,.F.,.F.,(4,3,3,3,3,3,3,3,3,3,3,3,3,3,3,3,3,3,3,3,3,3,3,3,
3,3,3,3,3,3,3,3,3,3,3,3,3,4),(-1.45394027095779,-1.39485046953847,-1.3837668683544,
-1.32440669116372,-1.28678746649372,-1.26782362637982,-1.25646272477832,
-1.19776666879223,-1.13935118498563,-1.08140203939469,-1.0739649817162,
-1.06626684066522,-1.02345289380375,-0.965734284591181,-0.907779736416001,
-0.848929438151482,-0.804791714453092,-0.797250371668021,-0.791222763458758,
-0.731800653408341,-0.672378543357924,-0.615396139323358,-0.558690205679422,
-0.530248718741073,-0.523411639085783,-0.46746719267422,-0.411562574444952,
-0.356338274241905,-0.331158310172629,-0.28976352140105,-0.271653301313485,
-0.261042883821961,-0.254532100115027,-0.199802704178783,-0.144812706302729,
-0.0901670984329349,-0.0365969509150207,0.),.UNSPECIFIED.);
#128=B_SPLINE_CURVE_WITH_KNOTS('',3,(#1639,#1640,#1641,#1642,#1643,#1644,
#1645,#1646,#1647,#1648,#1649,#1650,#1651,#1652,#1653,#1654,#1655,#1656,
#1657,#1658,#1659,#1660,#1661,#1662,#1663,#1664,#1665,#1666,#1667,#1668,
#1669,#1670,#1671,#1672,#1673,#1674,#1675,#1676,#1677,#1678,#1679,#1680,
#1681,#1682,#1683,#1684,#1685,#1686,#1687,#1688,#1689,#1690,#1691,#1692,
#1693,#1694,#1695,#1696,#1697,#1698,#1699,#1700,#1701,#1702,#1703,#1704,
#1705,#1706,#1707,#1708,#1709,#1710,#1711,#1712,#1713,#1714,#1715,#1716,
#1717,#1718,#1719,#1720,#1721,#1722,#1723,#1724,#1725,#1726,#1727,#1728,
#1729,#1730,#1731,#1732,#1733,#1734,#1735,#1736,#1737,#1738,#1739,#1740,
#1741,#1742,#1743,#1744,#1745,#1746,#1747,#1748,#1749,#1750,#1751,#1752,
#1753),.UNSPECIFIED.,.F.,.F.,(4,3,3,3,3,3,3,3,3,3,3,3,3,3,3,3,3,3,3,3,3,
3,3,3,3,3,3,3,3,3,3,3,3,3,3,3,3,3,4),(-1.45768461143785,-1.40360089835793,
-1.34913620077178,-1.31493316049766,-1.29124667873876,-1.27928134463904,
-1.22384777410865,-1.16819578406813,-1.12185383132347,-1.11257218355894,
-1.10447151921345,-1.07551187857882,-1.02019068847435,-0.964113096012389,
-0.907375533228401,-0.864822361140411,-0.84809292705882,-0.841621262892001,
-0.834660811457147,-0.777362984771029,-0.737162844876438,-0.680202071765405,
-0.622835217583015,-0.593619741918102,-0.576045418948482,-0.568265458117937,
-0.562098445976298,-0.504169727727208,-0.445749403963098,-0.389111412263709,
-0.330851433571401,-0.293437362198717,-0.285984657573597,-0.227781629155429,
-0.168548965508596,-0.109164862840404,-0.0502420485197879,-0.0315388625899361,
0.),.UNSPECIFIED.);
#129=B_SPLINE_CURVE_WITH_KNOTS('',3,(#1754,#1755,#1756,#1757,#1758,#1759,
#1760,#1761,#1762,#1763,#1764,#1765,#1766,#1767,#1768,#1769,#1770,#1771,
#1772,#1773,#1774,#1775,#1776,#1777,#1778),.UNSPECIFIED.,.F.,.F.,(4,3,3,
3,3,3,3,3,4),(-6.67980187772929,-6.62442916106409,-6.5692905226566,-6.55228406108789,
-6.54604742188303,-6.53939746790543,-6.48288610856932,-6.42532137718814,
-6.36775664580697),.UNSPECIFIED.);
#130=B_SPLINE_CURVE_WITH_KNOTS('',3,(#1779,#1780,#1781,#1782,#1783,#1784,
#1785,#1786,#1787,#1788,#1789,#1790,#1791,#1792,#1793,#1794,#1795,#1796,
#1797,#1798,#1799,#1800),.UNSPECIFIED.,.F.,.F.,(4,3,3,3,3,3,3,4),(32.117038525568,
32.151929883668,32.2131116759858,32.2746543102876,32.3358477402453,32.3973736785019,
32.4065240624149,32.4588996167585),.UNSPECIFIED.);
#131=B_SPLINE_CURVE_WITH_KNOTS('',3,(#1803,#1804,#1805,#1806,#1807,#1808,
#1809,#1810,#1811,#1812,#1813,#1814,#1815,#1816,#1817,#1818,#1819,#1820,
#1821,#1822,#1823,#1824,#1825,#1826,#1827,#1828,#1829,#1830,#1831,#1832,
#1833,#1834,#1835,#1836,#1837,#1838,#1839,#1840,#1841,#1842,#1843,#1844,
#1845,#1846,#1847,#1848,#1849,#1850,#1851,#1852,#1853,#1854,#1855,#1856,
#1857,#1858,#1859,#1860,#1861,#1862,#1863,#1864,#1865,#1866,#1867,#1868,
#1869,#1870,#1871,#1872,#1873,#1874,#1875,#1876,#1877,#1878,#1879,#1880,
#1881,#1882,#1883,#1884,#1885,#1886,#1887,#1888,#1889,#1890,#1891,#1892,
#1893,#1894,#1895,#1896,#1897,#1898,#1899,#1900,#1901,#1902,#1903,#1904,
#1905,#1906,#1907,#1908,#1909,#1910,#1911),.UNSPECIFIED.,.F.,.F.,(4,3,3,
3,3,3,3,3,3,3,3,3,3,3,3,3,3,3,3,3,3,3,3,3,3,3,3,3,3,3,3,3,3,3,3,3,4),(-1.45768461143785,
-1.40274187077257,-1.39495272677046,-1.340424631735,-1.30556683235523,-1.28627856412294,
-1.27869914525933,-1.22326461158111,-1.16760940848222,-1.11458582258956,
-1.10422729236727,-1.0615622366969,-1.0060780778164,-0.949901545102143,
-0.891822134458018,-0.848262576474924,-0.841526945045806,-0.834858579519371,
-0.776221241022507,-0.717583902525643,-0.660496011353541,-0.603109891302484,
-0.573177737182264,-0.566215353920945,-0.508350142067029,-0.450026702438539,
-0.391705587642721,-0.363652658340719,-0.318196076048129,-0.298308821295121,
-0.289267385788877,-0.282005251828876,-0.223838287353994,-0.164599654948049,
-0.105214091589121,-0.0463808691490667,0.),.UNSPECIFIED.);
#132=B_SPLINE_CURVE_WITH_KNOTS('',3,(#1916,#1917,#1918,#1919,#1920,#1921,
#1922,#1923,#1924,#1925,#1926,#1927,#1928,#1929,#1930,#1931,#1932,#1933,
#1934,#1935,#1936,#1937,#1938,#1939,#1940,#1941,#1942,#1943,#1944,#1945,
#1946,#1947,#1948,#1949,#1950,#1951,#1952,#1953,#1954,#1955,#1956,#1957,
#1958,#1959,#1960,#1961,#1962,#1963,#1964,#1965,#1966,#1967,#1968,#1969,
#1970,#1971,#1972,#1973,#1974,#1975,#1976,#1977,#1978,#1979,#1980,#1981,
#1982,#1983,#1984,#1985,#1986,#1987,#1988,#1989,#1990,#1991,#1992,#1993,
#1994,#1995,#1996,#1997,#1998,#1999,#2000,#2001,#2002,#2003,#2004,#2005,
#2006,#2007,#2008,#2009,#2010,#2011,#2012,#2013,#2014,#2015,#2016,#2017,
#2018,#2019,#2020,#2021,#2022,#2023,#2024,#2025,#2026,#2027,#2028,#2029,
#2030,#2031,#2032,#2033,#2034,#2035,#2036),.UNSPECIFIED.,.F.,.F.,(4,3,3,
3,3,3,3,3,3,3,3,3,3,3,3,3,3,3,3,3,3,3,3,3,3,3,3,3,3,3,3,3,3,3,3,3,3,3,3,
3,4),(-1.45394027095766,-1.39485510368131,-1.36203702348289,-1.30268521873548,
-1.28177589925594,-1.2645095655963,-1.25617908843737,-1.19751527501341,
-1.13907416501231,-1.10620043888638,-1.08154514429192,-1.0735983382742,
-1.06637511557155,-1.00757926050857,-0.949774651359021,-0.891842119677303,
-0.834399449637586,-0.812858448372693,-0.802416726216102,-0.795279458062211,
-0.73839287903133,-0.681740858413712,-0.662071439518438,-0.605102631305381,
-0.548479727570367,-0.533485728954774,-0.524830492326612,-0.517930093921275,
-0.461977631060843,-0.406088024389284,-0.350904810720254,-0.32615647851033,
-0.285386918696539,-0.267550236278005,-0.260065701577634,-0.253430111517444,
-0.198703301281785,-0.143716438841786,-0.0890732718933809,-0.0354990736729898,
0.),.UNSPECIFIED.);
#133=B_SPLINE_CURVE_WITH_KNOTS('',3,(#2345,#2346,#2347,#2348,#2349,#2350,
#2351,#2352,#2353,#2354),.UNSPECIFIED.,.F.,.F.,(4,3,3,4),(32.5360081032915,
32.6607562059039,33.147597076954,33.5103216382909),.UNSPECIFIED.);
#134=B_SPLINE_CURVE_WITH_KNOTS('',3,(#2355,#2356,#2357,#2358,#2359,#2360,
#2361,#2362,#2363,#2364,#2365,#2366,#2367,#2368,#2369),.UNSPECIFIED.,.F.,
 .F.,(4,1,1,1,1,1,1,1,1,1,1,1,4),(10.3761761872889,10.7813185941788,11.2681594652288,
11.7550003362789,12.2418412073289,12.7286820783789,13.2155229494289,13.7023638204789,
14.1892046915289,14.6760455625789,15.162886433629,15.649727304679,15.707963267949),
 .UNSPECIFIED.);
#135=B_SPLINE_CURVE_WITH_KNOTS('',3,(#2371,#2372,#2373,#2374,#2375,#2376,
#2377,#2378,#2379,#2380,#2381,#2382),.UNSPECIFIED.,.F.,.F.,(4,1,1,1,1,1,
1,1,1,4),(11.6149723878393,12.1091640743977,12.6033557609561,13.0975474475145,
13.5917391340728,14.0859308206312,14.5801225071896,15.074314193748,15.5685058803064,
15.707963267949),.UNSPECIFIED.);
#136=B_SPLINE_CURVE_WITH_KNOTS('',3,(#2683,#2684,#2685,#2686),
 .UNSPECIFIED.,.F.,.F.,(4,4),(-35.581801432204,-35.5089174160076),
 .UNSPECIFIED.);
#137=LINE('',#612,#151);
#138=LINE('',#684,#152);
#139=LINE('',#774,#153);
#140=LINE('',#861,#154);
#141=LINE('',#951,#155);
#142=LINE('',#1038,#156);
#143=LINE('',#1067,#157);
#144=LINE('',#1105,#158);
#145=LINE('',#1143,#159);
#146=LINE('',#1180,#160);
#147=LINE('',#1218,#161);
#148=LINE('',#1520,#162);
#149=LINE('',#2697,#163);
#150=LINE('',#2701,#164);
#151=VECTOR('',#508,7.5);
#152=VECTOR('',#513,7.5);
#153=VECTOR('',#516,7.5);
#154=VECTOR('',#519,7.5);
#155=VECTOR('',#522,7.5);
#156=VECTOR('',#525,6.56845);
#157=VECTOR('',#530,6.56845);
#158=VECTOR('',#533,6.56845);
#159=VECTOR('',#536,6.56845);
#160=VECTOR('',#539,6.56845);
#161=VECTOR('',#544,6.425);
#162=VECTOR('',#571,27.75);
#163=VECTOR('',#600,22.5);
#164=VECTOR('',#605,24.75);
#165=VERTEX_POINT('',#610);
#166=VERTEX_POINT('',#611);
#167=VERTEX_POINT('',#613);
#168=VERTEX_POINT('',#648);
#169=VERTEX_POINT('',#682);
#170=VERTEX_POINT('',#683);
#171=VERTEX_POINT('',#772);
#172=VERTEX_POINT('',#773);
#173=VERTEX_POINT('',#859);
#174=VERTEX_POINT('',#860);
#175=VERTEX_POINT('',#949);
#176=VERTEX_POINT('',#950);
#177=VERTEX_POINT('',#1036);
#178=VERTEX_POINT('',#1037);
#179=VERTEX_POINT('',#1039);
#180=VERTEX_POINT('',#1052);
#181=VERTEX_POINT('',#1065);
#182=VERTEX_POINT('',#1066);
#183=VERTEX_POINT('',#1103);
#184=VERTEX_POINT('',#1104);
#185=VERTEX_POINT('',#1141);
#186=VERTEX_POINT('',#1142);
#187=VERTEX_POINT('',#1178);
#188=VERTEX_POINT('',#1179);
#189=VERTEX_POINT('',#1215);
#190=VERTEX_POINT('',#1217);
#191=VERTEX_POINT('',#1222);
#192=VERTEX_POINT('',#1224);
#193=VERTEX_POINT('',#1226);
#194=VERTEX_POINT('',#1388);
#195=VERTEX_POINT('',#1512);
#196=VERTEX_POINT('',#1515);
#197=VERTEX_POINT('',#1517);
#198=VERTEX_POINT('',#1522);
#199=VERTEX_POINT('',#1523);
#200=VERTEX_POINT('',#1636);
#201=VERTEX_POINT('',#1638);
#202=VERTEX_POINT('',#1802);
#203=VERTEX_POINT('',#1912);
#204=VERTEX_POINT('',#1914);
#205=VERTEX_POINT('',#2692);
#206=VERTEX_POINT('',#2695);
#207=VERTEX_POINT('',#2699);
#208=EDGE_CURVE('',#165,#166,#137,.T.);
#209=EDGE_CURVE('',#165,#167,#105,.T.);
#210=EDGE_CURVE('',#168,#167,#86,.T.);
#211=EDGE_CURVE('',#168,#166,#106,.T.);
#212=EDGE_CURVE('',#169,#170,#138,.T.);
#213=EDGE_CURVE('',#169,#165,#107,.T.);
#214=EDGE_CURVE('',#166,#170,#108,.T.);
#215=EDGE_CURVE('',#171,#172,#139,.T.);
#216=EDGE_CURVE('',#171,#169,#109,.T.);
#217=EDGE_CURVE('',#170,#172,#110,.T.);
#218=EDGE_CURVE('',#173,#174,#140,.T.);
#219=EDGE_CURVE('',#173,#171,#111,.T.);
#220=EDGE_CURVE('',#172,#174,#112,.T.);
#221=EDGE_CURVE('',#175,#176,#141,.T.);
#222=EDGE_CURVE('',#175,#173,#113,.T.);
#223=EDGE_CURVE('',#174,#176,#114,.T.);
#224=EDGE_CURVE('',#177,#178,#142,.T.);
#225=EDGE_CURVE('',#177,#179,#115,.T.);
#226=EDGE_CURVE('',#180,#179,#87,.T.);
#227=EDGE_CURVE('',#178,#180,#116,.T.);
#228=EDGE_CURVE('',#181,#182,#143,.T.);
#229=EDGE_CURVE('',#181,#177,#117,.T.);
#230=EDGE_CURVE('',#182,#178,#118,.T.);
#231=EDGE_CURVE('',#183,#184,#144,.T.);
#232=EDGE_CURVE('',#183,#181,#119,.T.);
#233=EDGE_CURVE('',#184,#182,#120,.T.);
#234=EDGE_CURVE('',#185,#186,#145,.T.);
#235=EDGE_CURVE('',#185,#183,#121,.T.);
#236=EDGE_CURVE('',#186,#184,#122,.T.);
#237=EDGE_CURVE('',#187,#188,#146,.T.);
#238=EDGE_CURVE('',#187,#185,#123,.T.);
#239=EDGE_CURVE('',#188,#186,#124,.T.);
#240=EDGE_CURVE('',#189,#189,#88,.T.);
#241=EDGE_CURVE('',#189,#190,#147,.T.);
#242=EDGE_CURVE('',#190,#190,#89,.T.);
#243=EDGE_CURVE('',#191,#191,#90,.T.);
#244=EDGE_CURVE('',#191,#192,#91,.T.);
#245=EDGE_CURVE('',#192,#193,#92,.T.);
#246=EDGE_CURVE('',#168,#193,#125,.F.);
#247=EDGE_CURVE('',#194,#167,#126,.F.);
#248=EDGE_CURVE('',#194,#192,#93,.T.);
#249=EDGE_CURVE('',#195,#195,#94,.T.);
#250=EDGE_CURVE('',#196,#196,#95,.T.);
#251=EDGE_CURVE('',#197,#197,#96,.T.);
#252=EDGE_CURVE('',#195,#196,#148,.T.);
#253=EDGE_CURVE('',#198,#199,#127,.T.);
#254=EDGE_CURVE('',#199,#200,#97,.T.);
#255=EDGE_CURVE('',#200,#201,#128,.T.);
#256=EDGE_CURVE('',#193,#201,#129,.T.);
#257=EDGE_CURVE('',#198,#194,#130,.F.);
#258=EDGE_CURVE('',#179,#202,#131,.T.);
#259=EDGE_CURVE('',#203,#202,#98,.T.);
#260=EDGE_CURVE('',#204,#203,#99,.T.);
#261=EDGE_CURVE('',#204,#180,#132,.T.);
#262=EDGE_CURVE('',#176,#204,#133,.T.);
#263=EDGE_CURVE('',#200,#188,#134,.T.);
#264=EDGE_CURVE('',#199,#187,#135,.T.);
#265=EDGE_CURVE('',#202,#175,#136,.T.);
#266=EDGE_CURVE('',#202,#204,#100,.T.);
#267=EDGE_CURVE('',#203,#189,#101,.T.);
#268=EDGE_CURVE('',#205,#205,#102,.T.);
#269=EDGE_CURVE('',#206,#206,#103,.T.);
#270=EDGE_CURVE('',#206,#205,#149,.T.);
#271=EDGE_CURVE('',#207,#207,#104,.T.);
#272=EDGE_CURVE('',#207,#197,#150,.T.);
#273=ORIENTED_EDGE('',*,*,#208,.F.);
#274=ORIENTED_EDGE('',*,*,#209,.T.);
#275=ORIENTED_EDGE('',*,*,#210,.F.);
#276=ORIENTED_EDGE('',*,*,#211,.T.);
#277=ORIENTED_EDGE('',*,*,#212,.F.);
#278=ORIENTED_EDGE('',*,*,#213,.T.);
#279=ORIENTED_EDGE('',*,*,#208,.T.);
#280=ORIENTED_EDGE('',*,*,#214,.T.);
#281=ORIENTED_EDGE('',*,*,#215,.F.);
#282=ORIENTED_EDGE('',*,*,#216,.T.);
#283=ORIENTED_EDGE('',*,*,#212,.T.);
#284=ORIENTED_EDGE('',*,*,#217,.T.);
#285=ORIENTED_EDGE('',*,*,#218,.F.);
#286=ORIENTED_EDGE('',*,*,#219,.T.);
#287=ORIENTED_EDGE('',*,*,#215,.T.);
#288=ORIENTED_EDGE('',*,*,#220,.T.);
#289=ORIENTED_EDGE('',*,*,#221,.F.);
#290=ORIENTED_EDGE('',*,*,#222,.T.);
#291=ORIENTED_EDGE('',*,*,#218,.T.);
#292=ORIENTED_EDGE('',*,*,#223,.T.);
#293=ORIENTED_EDGE('',*,*,#224,.F.);
#294=ORIENTED_EDGE('',*,*,#225,.T.);
#295=ORIENTED_EDGE('',*,*,#226,.F.);
#296=ORIENTED_EDGE('',*,*,#227,.F.);
#297=ORIENTED_EDGE('',*,*,#228,.F.);
#298=ORIENTED_EDGE('',*,*,#229,.T.);
#299=ORIENTED_EDGE('',*,*,#224,.T.);
#300=ORIENTED_EDGE('',*,*,#230,.F.);
#301=ORIENTED_EDGE('',*,*,#231,.F.);
#302=ORIENTED_EDGE('',*,*,#232,.T.);
#303=ORIENTED_EDGE('',*,*,#228,.T.);
#304=ORIENTED_EDGE('',*,*,#233,.F.);
#305=ORIENTED_EDGE('',*,*,#234,.F.);
#306=ORIENTED_EDGE('',*,*,#235,.T.);
#307=ORIENTED_EDGE('',*,*,#231,.T.);
#308=ORIENTED_EDGE('',*,*,#236,.F.);
#309=ORIENTED_EDGE('',*,*,#237,.F.);
#310=ORIENTED_EDGE('',*,*,#238,.T.);
#311=ORIENTED_EDGE('',*,*,#234,.T.);
#312=ORIENTED_EDGE('',*,*,#239,.F.);
#313=ORIENTED_EDGE('',*,*,#240,.F.);
#314=ORIENTED_EDGE('',*,*,#241,.T.);
#315=ORIENTED_EDGE('',*,*,#242,.T.);
#316=ORIENTED_EDGE('',*,*,#241,.F.);
#317=ORIENTED_EDGE('',*,*,#242,.F.);
#318=ORIENTED_EDGE('',*,*,#243,.T.);
#319=ORIENTED_EDGE('',*,*,#244,.T.);
#320=ORIENTED_EDGE('',*,*,#245,.T.);
#321=ORIENTED_EDGE('',*,*,#246,.F.);
#322=ORIENTED_EDGE('',*,*,#210,.T.);
#323=ORIENTED_EDGE('',*,*,#247,.F.);
#324=ORIENTED_EDGE('',*,*,#248,.T.);
#325=ORIENTED_EDGE('',*,*,#244,.F.);
#326=ORIENTED_EDGE('',*,*,#249,.T.);
#327=ORIENTED_EDGE('',*,*,#243,.F.);
#328=ORIENTED_EDGE('',*,*,#250,.F.);
#329=ORIENTED_EDGE('',*,*,#251,.T.);
#330=ORIENTED_EDGE('',*,*,#249,.F.);
#331=ORIENTED_EDGE('',*,*,#252,.T.);
#332=ORIENTED_EDGE('',*,*,#250,.T.);
#333=ORIENTED_EDGE('',*,*,#252,.F.);
#334=ORIENTED_EDGE('',*,*,#253,.T.);
#335=ORIENTED_EDGE('',*,*,#254,.T.);
#336=ORIENTED_EDGE('',*,*,#255,.T.);
#337=ORIENTED_EDGE('',*,*,#256,.F.);
#338=ORIENTED_EDGE('',*,*,#245,.F.);
#339=ORIENTED_EDGE('',*,*,#248,.F.);
#340=ORIENTED_EDGE('',*,*,#257,.F.);
#341=ORIENTED_EDGE('',*,*,#226,.T.);
#342=ORIENTED_EDGE('',*,*,#258,.T.);
#343=ORIENTED_EDGE('',*,*,#259,.F.);
#344=ORIENTED_EDGE('',*,*,#260,.F.);
#345=ORIENTED_EDGE('',*,*,#261,.T.);
#346=ORIENTED_EDGE('',*,*,#261,.F.);
#347=ORIENTED_EDGE('',*,*,#262,.F.);
#348=ORIENTED_EDGE('',*,*,#223,.F.);
#349=ORIENTED_EDGE('',*,*,#220,.F.);
#350=ORIENTED_EDGE('',*,*,#217,.F.);
#351=ORIENTED_EDGE('',*,*,#214,.F.);
#352=ORIENTED_EDGE('',*,*,#211,.F.);
#353=ORIENTED_EDGE('',*,*,#246,.T.);
#354=ORIENTED_EDGE('',*,*,#256,.T.);
#355=ORIENTED_EDGE('',*,*,#255,.F.);
#356=ORIENTED_EDGE('',*,*,#263,.T.);
#357=ORIENTED_EDGE('',*,*,#239,.T.);
#358=ORIENTED_EDGE('',*,*,#236,.T.);
#359=ORIENTED_EDGE('',*,*,#233,.T.);
#360=ORIENTED_EDGE('',*,*,#230,.T.);
#361=ORIENTED_EDGE('',*,*,#227,.T.);
#362=ORIENTED_EDGE('',*,*,#237,.T.);
#363=ORIENTED_EDGE('',*,*,#263,.F.);
#364=ORIENTED_EDGE('',*,*,#254,.F.);
#365=ORIENTED_EDGE('',*,*,#264,.T.);
#366=ORIENTED_EDGE('',*,*,#258,.F.);
#367=ORIENTED_EDGE('',*,*,#225,.F.);
#368=ORIENTED_EDGE('',*,*,#229,.F.);
#369=ORIENTED_EDGE('',*,*,#232,.F.);
#370=ORIENTED_EDGE('',*,*,#235,.F.);
#371=ORIENTED_EDGE('',*,*,#238,.F.);
#372=ORIENTED_EDGE('',*,*,#264,.F.);
#373=ORIENTED_EDGE('',*,*,#253,.F.);
#374=ORIENTED_EDGE('',*,*,#257,.T.);
#375=ORIENTED_EDGE('',*,*,#247,.T.);
#376=ORIENTED_EDGE('',*,*,#209,.F.);
#377=ORIENTED_EDGE('',*,*,#213,.F.);
#378=ORIENTED_EDGE('',*,*,#216,.F.);
#379=ORIENTED_EDGE('',*,*,#219,.F.);
#380=ORIENTED_EDGE('',*,*,#222,.F.);
#381=ORIENTED_EDGE('',*,*,#265,.F.);
#382=ORIENTED_EDGE('',*,*,#221,.T.);
#383=ORIENTED_EDGE('',*,*,#262,.T.);
#384=ORIENTED_EDGE('',*,*,#266,.F.);
#385=ORIENTED_EDGE('',*,*,#265,.T.);
#386=ORIENTED_EDGE('',*,*,#260,.T.);
#387=ORIENTED_EDGE('',*,*,#267,.T.);
#388=ORIENTED_EDGE('',*,*,#240,.T.);
#389=ORIENTED_EDGE('',*,*,#267,.F.);
#390=ORIENTED_EDGE('',*,*,#259,.T.);
#391=ORIENTED_EDGE('',*,*,#266,.T.);
#392=ORIENTED_EDGE('',*,*,#268,.T.);
#393=ORIENTED_EDGE('',*,*,#269,.F.);
#394=ORIENTED_EDGE('',*,*,#270,.T.);
#395=ORIENTED_EDGE('',*,*,#268,.F.);
#396=ORIENTED_EDGE('',*,*,#270,.F.);
#397=ORIENTED_EDGE('',*,*,#271,.F.);
#398=ORIENTED_EDGE('',*,*,#272,.T.);
#399=ORIENTED_EDGE('',*,*,#251,.F.);
#400=ORIENTED_EDGE('',*,*,#272,.F.);
#401=ORIENTED_EDGE('',*,*,#271,.T.);
#402=ORIENTED_EDGE('',*,*,#269,.T.);
#403=CYLINDRICAL_SURFACE('',#460,7.425);
#404=CYLINDRICAL_SURFACE('',#462,7.425);
#405=CYLINDRICAL_SURFACE('',#463,7.425);
#406=CYLINDRICAL_SURFACE('',#464,7.425);
#407=CYLINDRICAL_SURFACE('',#465,7.425);
#408=CYLINDRICAL_SURFACE('',#466,6.56845);
#409=CYLINDRICAL_SURFACE('',#468,6.56845);
#410=CYLINDRICAL_SURFACE('',#469,6.56845);
#411=CYLINDRICAL_SURFACE('',#470,6.56845);
#412=CYLINDRICAL_SURFACE('',#471,6.56845);
#413=CYLINDRICAL_SURFACE('',#472,6.425);
#414=CYLINDRICAL_SURFACE('',#486,27.75);
#415=CYLINDRICAL_SURFACE('',#492,6.56845);
#416=CYLINDRICAL_SURFACE('',#493,7.425);
#417=CYLINDRICAL_SURFACE('',#499,22.5);
#418=CYLINDRICAL_SURFACE('',#501,24.75);
#419=ADVANCED_FACE('',(#29),#403,.T.);
#420=ADVANCED_FACE('',(#30),#404,.T.);
#421=ADVANCED_FACE('',(#31),#405,.T.);
#422=ADVANCED_FACE('',(#32),#406,.T.);
#423=ADVANCED_FACE('',(#33),#407,.T.);
#424=ADVANCED_FACE('',(#34),#408,.T.);
#425=ADVANCED_FACE('',(#35),#409,.T.);
#426=ADVANCED_FACE('',(#36),#410,.T.);
#427=ADVANCED_FACE('',(#37),#411,.T.);
#428=ADVANCED_FACE('',(#38),#412,.T.);
#429=ADVANCED_FACE('',(#39),#413,.F.);
#430=ADVANCED_FACE('',(#40),#22,.T.);
#431=ADVANCED_FACE('',(#41),#20,.F.);
#432=ADVANCED_FACE('',(#42,#17),#23,.T.);
#433=ADVANCED_FACE('',(#43,#18),#24,.F.);
#434=ADVANCED_FACE('',(#44),#414,.T.);
#435=ADVANCED_FACE('',(#45),#25,.T.);
#436=ADVANCED_FACE('',(#46),#26,.F.);
#437=ADVANCED_FACE('',(#47),#15,.F.);
#438=ADVANCED_FACE('',(#48),#415,.T.);
#439=ADVANCED_FACE('',(#49),#16,.F.);
#440=ADVANCED_FACE('',(#50),#416,.T.);
#441=ADVANCED_FACE('',(#51),#21,.T.);
#442=ADVANCED_FACE('',(#52),#27,.F.);
#443=ADVANCED_FACE('',(#53),#417,.F.);
#444=ADVANCED_FACE('',(#54),#418,.T.);
#445=ADVANCED_FACE('',(#55,#19),#28,.F.);
#446=CLOSED_SHELL('',(#419,#420,#421,#422,#423,#424,#425,#426,#427,#428,
#429,#430,#431,#432,#433,#434,#435,#436,#437,#438,#439,#440,#441,#442,#443,
#444,#445));
#447=DERIVED_UNIT_ELEMENT(#449,1.);
#448=DERIVED_UNIT_ELEMENT(#2708,-3.);
#449=(
MASS_UNIT()
NAMED_UNIT(*)
SI_UNIT(.KILO.,.GRAM.)
);
#450=DERIVED_UNIT((#447,#448));
#451=MEASURE_REPRESENTATION_ITEM('density measure',
POSITIVE_RATIO_MEASURE(7850.),#450);
#452=PROPERTY_DEFINITION_REPRESENTATION(#457,#454);
#453=PROPERTY_DEFINITION_REPRESENTATION(#458,#455);
#454=REPRESENTATION('material name',(#456),#2705);
#455=REPRESENTATION('density',(#451),#2705);
#456=DESCRIPTIVE_REPRESENTATION_ITEM('Acier','Acier');
#457=PROPERTY_DEFINITION('material property','material name',#2715);
#458=PROPERTY_DEFINITION('material property','density of part',#2715);
#459=AXIS2_PLACEMENT_3D('',#608,#504,#505);
#460=AXIS2_PLACEMENT_3D('',#609,#506,#507);
#461=AXIS2_PLACEMENT_3D('',#649,#509,#510);
#462=AXIS2_PLACEMENT_3D('',#681,#511,#512);
#463=AXIS2_PLACEMENT_3D('',#771,#514,#515);
#464=AXIS2_PLACEMENT_3D('',#858,#517,#518);
#465=AXIS2_PLACEMENT_3D('',#948,#520,#521);
#466=AXIS2_PLACEMENT_3D('',#1035,#523,#524);
#467=AXIS2_PLACEMENT_3D('',#1053,#526,#527);
#468=AXIS2_PLACEMENT_3D('',#1064,#528,#529);
#469=AXIS2_PLACEMENT_3D('',#1102,#531,#532);
#470=AXIS2_PLACEMENT_3D('',#1140,#534,#535);
#471=AXIS2_PLACEMENT_3D('',#1177,#537,#538);
#472=AXIS2_PLACEMENT_3D('',#1214,#540,#541);
#473=AXIS2_PLACEMENT_3D('',#1216,#542,#543);
#474=AXIS2_PLACEMENT_3D('',#1219,#545,#546);
#475=AXIS2_PLACEMENT_3D('',#1220,#547,#548);
#476=AXIS2_PLACEMENT_3D('',#1221,#549,#550);
#477=AXIS2_PLACEMENT_3D('',#1223,#551,#552);
#478=AXIS2_PLACEMENT_3D('',#1225,#553,#554);
#479=AXIS2_PLACEMENT_3D('',#1227,#555,#556);
#480=AXIS2_PLACEMENT_3D('',#1510,#557,#558);
#481=AXIS2_PLACEMENT_3D('',#1511,#559,#560);
#482=AXIS2_PLACEMENT_3D('',#1513,#561,#562);
#483=AXIS2_PLACEMENT_3D('',#1514,#563,#564);
#484=AXIS2_PLACEMENT_3D('',#1516,#565,#566);
#485=AXIS2_PLACEMENT_3D('',#1518,#567,#568);
#486=AXIS2_PLACEMENT_3D('',#1519,#569,#570);
#487=AXIS2_PLACEMENT_3D('',#1521,#572,#573);
#488=AXIS2_PLACEMENT_3D('',#1637,#574,#575);
#489=AXIS2_PLACEMENT_3D('',#1801,#576,#577);
#490=AXIS2_PLACEMENT_3D('',#1913,#578,#579);
#491=AXIS2_PLACEMENT_3D('',#1915,#580,#581);
#492=AXIS2_PLACEMENT_3D('',#2370,#582,#583);
#493=AXIS2_PLACEMENT_3D('',#2687,#584,#585);
#494=AXIS2_PLACEMENT_3D('',#2688,#586,#587);
#495=AXIS2_PLACEMENT_3D('',#2689,#588,#589);
#496=AXIS2_PLACEMENT_3D('',#2690,#590,#591);
#497=AXIS2_PLACEMENT_3D('',#2691,#592,#593);
#498=AXIS2_PLACEMENT_3D('',#2693,#594,#595);
#499=AXIS2_PLACEMENT_3D('',#2694,#596,#597);
#500=AXIS2_PLACEMENT_3D('',#2696,#598,#599);
#501=AXIS2_PLACEMENT_3D('',#2698,#601,#602);
#502=AXIS2_PLACEMENT_3D('',#2700,#603,#604);
#503=AXIS2_PLACEMENT_3D('',#2702,#606,#607);
#504=DIRECTION('axis',(0.,0.,1.));
#505=DIRECTION('refdir',(1.,0.,0.));
#506=DIRECTION('center_axis',(0.,0.,1.));
#507=DIRECTION('ref_axis',(-0.97480796395479,-0.22304581011603,1.66006082748529E-32));
#508=DIRECTION('',(0.,0.,-1.));
#509=DIRECTION('center_axis',(0.,0.,-1.));
#510=DIRECTION('ref_axis',(-0.913545457642601,0.4067366430758,0.));
#511=DIRECTION('center_axis',(0.,0.,1.));
#512=DIRECTION('ref_axis',(-0.913545457642601,0.4067366430758,1.66006082748529E-32));
#513=DIRECTION('',(0.,0.,-1.));
#514=DIRECTION('center_axis',(0.,0.,1.));
#515=DIRECTION('ref_axis',(-0.913545457642601,0.4067366430758,1.66006082748529E-32));
#516=DIRECTION('',(0.,0.,-1.));
#517=DIRECTION('center_axis',(0.,0.,1.));
#518=DIRECTION('ref_axis',(-0.913545457642601,0.4067366430758,1.66006082748529E-32));
#519=DIRECTION('',(0.,0.,-1.));
#520=DIRECTION('center_axis',(0.,0.,1.));
#521=DIRECTION('ref_axis',(-0.913545457642601,0.4067366430758,1.66006082748529E-32));
#522=DIRECTION('',(0.,0.,-1.));
#523=DIRECTION('center_axis',(0.,0.,1.));
#524=DIRECTION('ref_axis',(-0.152029281855688,0.9883759899241,1.87653885529742E-32));
#525=DIRECTION('',(0.,0.,1.));
#526=DIRECTION('center_axis',(0.,0.,1.));
#527=DIRECTION('ref_axis',(-0.913545457642603,0.406736643075796,1.87653885529742E-32));
#528=DIRECTION('center_axis',(0.,0.,1.));
#529=DIRECTION('ref_axis',(-0.913545457642603,0.406736643075796,1.87653885529742E-32));
#530=DIRECTION('',(0.,0.,1.));
#531=DIRECTION('center_axis',(0.,0.,1.));
#532=DIRECTION('ref_axis',(-0.913545457642603,0.406736643075796,1.87653885529742E-32));
#533=DIRECTION('',(0.,0.,1.));
#534=DIRECTION('center_axis',(0.,0.,1.));
#535=DIRECTION('ref_axis',(-0.913545457642603,0.406736643075796,1.87653885529742E-32));
#536=DIRECTION('',(0.,0.,1.));
#537=DIRECTION('center_axis',(0.,0.,1.));
#538=DIRECTION('ref_axis',(-0.913545457642603,0.406736643075796,1.87653885529742E-32));
#539=DIRECTION('',(0.,0.,1.));
#540=DIRECTION('center_axis',(0.,0.,-1.));
#541=DIRECTION('ref_axis',(-0.913545457642601,0.4067366430758,0.));
#542=DIRECTION('center_axis',(0.,0.,-1.));
#543=DIRECTION('ref_axis',(-0.913545457642601,0.4067366430758,0.));
#544=DIRECTION('',(0.,0.,-1.));
#545=DIRECTION('center_axis',(0.,0.,-1.));
#546=DIRECTION('ref_axis',(-0.913545457642601,0.4067366430758,0.));
#547=DIRECTION('center_axis',(0.,0.,1.));
#548=DIRECTION('ref_axis',(-0.913545457642601,0.4067366430758,0.));
#549=DIRECTION('center_axis',(0.,0.,1.));
#550=DIRECTION('ref_axis',(1.,0.,0.));
#551=DIRECTION('center_axis',(0.,0.,1.));
#552=DIRECTION('ref_axis',(-0.913545457642601,0.4067366430758,0.));
#553=DIRECTION('center_axis',(0.,-1.,0.));
#554=DIRECTION('ref_axis',(-1.,0.,0.));
#555=DIRECTION('center_axis',(0.,0.,-1.));
#556=DIRECTION('ref_axis',(1.,0.,0.));
#557=DIRECTION('center_axis',(0.,0.,-1.));
#558=DIRECTION('ref_axis',(1.,0.,0.));
#559=DIRECTION('center_axis',(0.,0.,1.));
#560=DIRECTION('ref_axis',(-1.,0.,0.));
#561=DIRECTION('center_axis',(0.,0.,1.));
#562=DIRECTION('ref_axis',(-1.,0.,0.));
#563=DIRECTION('center_axis',(0.,0.,1.));
#564=DIRECTION('ref_axis',(-1.,0.,0.));
#565=DIRECTION('center_axis',(0.,0.,1.));
#566=DIRECTION('ref_axis',(-1.,0.,0.));
#567=DIRECTION('center_axis',(0.,0.,1.));
#568=DIRECTION('ref_axis',(-0.913545457642601,0.4067366430758,0.));
#569=DIRECTION('center_axis',(0.,0.,1.));
#570=DIRECTION('ref_axis',(-1.,0.,0.));
#571=DIRECTION('',(0.,0.,-1.));
#572=DIRECTION('center_axis',(0.,0.,1.));
#573=DIRECTION('ref_axis',(0.913545457642601,-0.4067366430758,0.));
#574=DIRECTION('center_axis',(0.,0.,-1.));
#575=DIRECTION('ref_axis',(-0.913545457642603,0.406736643075796,1.87653885529742E-32));
#576=DIRECTION('center_axis',(0.,0.,1.));
#577=DIRECTION('ref_axis',(0.913545457642601,-0.4067366430758,0.));
#578=DIRECTION('center_axis',(0.,0.,1.));
#579=DIRECTION('ref_axis',(-0.913545457642601,0.4067366430758,1.66006082748529E-32));
#580=DIRECTION('center_axis',(0.,0.,1.));
#581=DIRECTION('ref_axis',(-0.913545457642601,0.4067366430758,1.66006082748529E-32));
#582=DIRECTION('center_axis',(0.,0.,1.));
#583=DIRECTION('ref_axis',(-0.913545457642603,0.406736643075796,1.87653885529742E-32));
#584=DIRECTION('center_axis',(0.,0.,1.));
#585=DIRECTION('ref_axis',(-0.913545457642601,0.4067366430758,1.66006082748529E-32));
#586=DIRECTION('center_axis',(0.,0.,1.));
#587=DIRECTION('ref_axis',(-0.913545457642601,0.4067366430758,1.66006082748529E-32));
#588=DIRECTION('center_axis',(0.,0.,-1.));
#589=DIRECTION('ref_axis',(-0.913545457642601,0.4067366430758,0.));
#590=DIRECTION('center_axis',(-0.4067366430758,-0.913545457642601,0.));
#591=DIRECTION('ref_axis',(0.913545457642601,-0.4067366430758,0.));
#592=DIRECTION('center_axis',(0.,0.,1.));
#593=DIRECTION('ref_axis',(-0.913545457642601,0.4067366430758,0.));
#594=DIRECTION('center_axis',(0.,0.,-1.));
#595=DIRECTION('ref_axis',(-0.913545457642601,0.4067366430758,0.));
#596=DIRECTION('center_axis',(0.,0.,-1.));
#597=DIRECTION('ref_axis',(-0.913545457642601,0.4067366430758,0.));
#598=DIRECTION('center_axis',(0.,0.,1.));
#599=DIRECTION('ref_axis',(-0.913545457642601,0.4067366430758,0.));
#600=DIRECTION('',(0.,0.,1.));
#601=DIRECTION('center_axis',(0.,0.,-1.));
#602=DIRECTION('ref_axis',(-0.913545457642601,0.4067366430758,0.));
#603=DIRECTION('center_axis',(0.,0.,-1.));
#604=DIRECTION('ref_axis',(-0.913545457642601,0.4067366430758,0.));
#605=DIRECTION('',(0.,0.,1.));
#606=DIRECTION('center_axis',(0.,0.,1.));
#607=DIRECTION('ref_axis',(-0.913545457642601,0.4067366430758,0.));
#608=CARTESIAN_POINT('',(0.,0.,0.));
#609=CARTESIAN_POINT('Origin',(-9.5650092758881,220.4275,13.0723306367838));
#610=CARTESIAN_POINT('',(-2.78135280584811,217.407226676389,18.0549308596086));
#611=CARTESIAN_POINT('',(-2.78162406386284,217.407208298635,17.8397304139589));
#612=CARTESIAN_POINT('',(-2.78193425289179,217.407480425162,13.0723306367838));
#613=CARTESIAN_POINT('',(-4.76991606728759,226.097091811883,16.8623306367838));
#614=CARTESIAN_POINT('Ctrl Pts',(-2.78135293070397,217.407226730877,18.0549308596086));
#615=CARTESIAN_POINT('Ctrl Pts',(-3.27689666215697,216.294331571402,18.0157514918157));
#616=CARTESIAN_POINT('Ctrl Pts',(-4.05200760918592,215.305883113493,17.9765721240229));
#617=CARTESIAN_POINT('Ctrl Pts',(-5.01472203865837,214.559371332669,17.93739275623));
#618=CARTESIAN_POINT('Ctrl Pts',(-5.98105240822068,213.810055665466,17.8980662313546));
#619=CARTESIAN_POINT('Ctrl Pts',(-7.13639817822125,213.304497509075,17.8587397064793));
#620=CARTESIAN_POINT('Ctrl Pts',(-8.34252499657807,213.103185685052,17.819413181604));
#621=CARTESIAN_POINT('Ctrl Pts',(-9.54865181493489,212.90187386103,17.7800866567286));
#622=CARTESIAN_POINT('Ctrl Pts',(-10.805559681648,213.004808369376,17.7407601318533));
#623=CARTESIAN_POINT('Ctrl Pts',(-11.9628625826243,213.39967334318,17.7014336069779));
#624=CARTESIAN_POINT('Ctrl Pts',(-13.1201654836006,213.794538316984,17.6621070821026));
#625=CARTESIAN_POINT('Ctrl Pts',(-14.1778634188402,214.481333756245,17.6227805572272));
#626=CARTESIAN_POINT('Ctrl Pts',(-15.0094053663126,215.377886232108,17.5834540323519));
#627=CARTESIAN_POINT('Ctrl Pts',(-15.8409473137851,216.274438707971,17.5441275074765));
#628=CARTESIAN_POINT('Ctrl Pts',(-16.4463332734904,217.380748220436,17.5048009826012));
#629=CARTESIAN_POINT('Ctrl Pts',(-16.7531302644999,218.56444748935,17.4654744577259));
#630=CARTESIAN_POINT('Ctrl Pts',(-17.0599272555093,219.748146758264,17.4261479328505));
#631=CARTESIAN_POINT('Ctrl Pts',(-17.0681352778229,221.009235783628,17.3868214079752));
#632=CARTESIAN_POINT('Ctrl Pts',(-16.7767722652408,222.19682828302,17.3474948830998));
#633=CARTESIAN_POINT('Ctrl Pts',(-16.4854092526588,223.384420782411,17.3081683582245));
#634=CARTESIAN_POINT('Ctrl Pts',(-15.894475205181,224.49851675583,17.2688418333491));
#635=CARTESIAN_POINT('Ctrl Pts',(-15.0746739565261,225.405817297069,17.2295153084738));
#636=CARTESIAN_POINT('Ctrl Pts',(-14.2548727078713,226.313117838308,17.1901887835984));
#637=CARTESIAN_POINT('Ctrl Pts',(-13.2062042580393,227.013622947368,17.1508622587231));
#638=CARTESIAN_POINT('Ctrl Pts',(-12.0541392926168,227.423518852148,17.1115357338478));
#639=CARTESIAN_POINT('Ctrl Pts',(-10.9020743271943,227.833414756927,17.0722092089724));
#640=CARTESIAN_POINT('Ctrl Pts',(-9.64661284618125,227.952701457426,17.0328826840971));
#641=CARTESIAN_POINT('Ctrl Pts',(-8.43796776525166,227.76710661793,16.9935561592217));
#642=CARTESIAN_POINT('Ctrl Pts',(-7.22932268432208,227.581511778434,16.9542296343464));
#643=CARTESIAN_POINT('Ctrl Pts',(-6.06749400347596,227.091035398944,16.914903109471));
#644=CARTESIAN_POINT('Ctrl Pts',(-5.09149183004676,226.354361732368,16.8755765845957));
#645=CARTESIAN_POINT('Ctrl Pts',(-4.98191291442041,226.271653001023,16.8711612686584));
#646=CARTESIAN_POINT('Ctrl Pts',(-4.87467639357502,226.185840884439,16.8667459527211));
#647=CARTESIAN_POINT('Ctrl Pts',(-4.76991606728759,226.097091811883,16.8623306367838));
#648=CARTESIAN_POINT('',(-11.0357940157765,227.705185763561,16.8623306367838));
#649=CARTESIAN_POINT('Origin',(-9.5650092758881,220.4275,16.8623306367838));
#650=CARTESIAN_POINT('Ctrl Pts',(-11.0357940157765,227.705185763561,16.8623306367838));
#651=CARTESIAN_POINT('Ctrl Pts',(-11.3783235788564,227.636277969819,16.8735637672916));
#652=CARTESIAN_POINT('Ctrl Pts',(-11.7159513664183,227.543322363524,16.8847968977995));
#653=CARTESIAN_POINT('Ctrl Pts',(-12.0451786173648,227.42665984246,16.8960300283074));
#654=CARTESIAN_POINT('Ctrl Pts',(-13.1806393973175,227.024306401856,16.9347715938708));
#655=CARTESIAN_POINT('Ctrl Pts',(-14.2161784912528,226.339966821262,16.9735131594342));
#656=CARTESIAN_POINT('Ctrl Pts',(-15.0314809221287,225.453150991974,17.0122547249976));
#657=CARTESIAN_POINT('Ctrl Pts',(-15.8467833530046,224.566335162687,17.050996290561));
#658=CARTESIAN_POINT('Ctrl Pts',(-16.441849120821,223.477043084706,17.0897378561244));
#659=CARTESIAN_POINT('Ctrl Pts',(-16.7475411462794,222.311833889699,17.1284794216878));
#660=CARTESIAN_POINT('Ctrl Pts',(-17.0532331717377,221.146624694691,17.1672209872511));
#661=CARTESIAN_POINT('Ctrl Pts',(-17.0695514548378,219.905498382657,17.2059625528145));
#662=CARTESIAN_POINT('Ctrl Pts',(-16.7945998285347,218.732654950757,17.2447041183779));
#663=CARTESIAN_POINT('Ctrl Pts',(-16.5196482022315,217.559811518857,17.2834456839413));
#664=CARTESIAN_POINT('Ctrl Pts',(-15.953426666525,216.455250967091,17.3221872495047));
#665=CARTESIAN_POINT('Ctrl Pts',(-15.1617216514559,215.547306413383,17.3609288150681));
#666=CARTESIAN_POINT('Ctrl Pts',(-14.3700166363868,214.639361859675,17.3996703806315));
#667=CARTESIAN_POINT('Ctrl Pts',(-13.3528281419551,213.928033304026,17.4384119461949));
#668=CARTESIAN_POINT('Ctrl Pts',(-12.2283379398708,213.495966299778,17.4771535117582));
#669=CARTESIAN_POINT('Ctrl Pts',(-11.1038477377865,213.06389929553,17.5158950773216));
#670=CARTESIAN_POINT('Ctrl Pts',(-9.87205582804961,212.911093842683,17.554636642885));
#671=CARTESIAN_POINT('Ctrl Pts',(-8.67607770361228,213.055303607845,17.5933782084484));
#672=CARTESIAN_POINT('Ctrl Pts',(-7.48009957917495,213.199513373008,17.6321197740118));
#673=CARTESIAN_POINT('Ctrl Pts',(-6.31993524003716,213.64073835618,17.6708613395752));
#674=CARTESIAN_POINT('Ctrl Pts',(-5.33037811318085,214.327714930769,17.7096029051386));
#675=CARTESIAN_POINT('Ctrl Pts',(-4.34082098632454,215.014691505357,17.7483444707019));
#676=CARTESIAN_POINT('Ctrl Pts',(-3.52187107174973,215.947419671363,17.7870860362653));
#677=CARTESIAN_POINT('Ctrl Pts',(-2.96867788887795,217.01753061283,17.8258276018287));
#678=CARTESIAN_POINT('Ctrl Pts',(-2.90250485412546,217.145537411741,17.8304618725388));
#679=CARTESIAN_POINT('Ctrl Pts',(-2.84013452528133,217.275510017081,17.8350961432489));
#680=CARTESIAN_POINT('Ctrl Pts',(-2.78162406386284,217.407208298635,17.8397304139589));
#681=CARTESIAN_POINT('Origin',(-9.5650092758881,220.4275,13.0723306367838));
#682=CARTESIAN_POINT('',(-2.7820387787838,217.40771922236,19.5549308596086));
#683=CARTESIAN_POINT('',(-2.78141196733482,217.407215503273,19.3397304139589));
#684=CARTESIAN_POINT('',(-2.78193425289179,217.407480425162,13.0723306367838));
#685=CARTESIAN_POINT('Ctrl Pts',(-2.7820387787838,217.40771922236,19.5549308596086));
#686=CARTESIAN_POINT('Ctrl Pts',(-3.13615917405609,216.614285940876,19.5269963151952));
#687=CARTESIAN_POINT('Ctrl Pts',(-3.62902284760377,215.882330655019,19.4990617707818));
#688=CARTESIAN_POINT('Ctrl Pts',(-4.23362692873592,215.25870804577,19.4711272263684));
#689=CARTESIAN_POINT('Ctrl Pts',(-5.08479446827082,214.380766036316,19.4318007014931));
#690=CARTESIAN_POINT('Ctrl Pts',(-6.1574234929841,213.7175316333,19.3924741766177));
#691=CARTESIAN_POINT('Ctrl Pts',(-7.32317651093586,213.348359243409,19.3531476517424));
#692=CARTESIAN_POINT('Ctrl Pts',(-8.48892952888762,212.979186853518,19.313821126867));
#693=CARTESIAN_POINT('Ctrl Pts',(-9.74780654007786,212.904076476751,19.2744946019917));
#694=CARTESIAN_POINT('Ctrl Pts',(-10.9491859273821,213.132014889666,19.2351680771164));
#695=CARTESIAN_POINT('Ctrl Pts',(-12.1505653146863,213.359953302581,19.195841552241));
#696=CARTESIAN_POINT('Ctrl Pts',(-13.2944470781045,213.890940505177,19.1565150273657));
#697=CARTESIAN_POINT('Ctrl Pts',(-14.2439685062886,214.661445151328,19.1171885024903));
#698=CARTESIAN_POINT('Ctrl Pts',(-15.1934899344727,215.431949797479,19.077861977615));
#699=CARTESIAN_POINT('Ctrl Pts',(-15.9486510274227,216.441971887186,19.0385354527396));
#700=CARTESIAN_POINT('Ctrl Pts',(-16.41909857033,217.570664698226,18.9992089278643));
#701=CARTESIAN_POINT('Ctrl Pts',(-16.8895461132374,218.699357509267,18.9598824029889));
#702=CARTESIAN_POINT('Ctrl Pts',(-17.0752801061022,219.94672104164,18.9205558781136));
#703=CARTESIAN_POINT('Ctrl Pts',(-16.9540779218434,221.163511238368,18.8812293532383));
#704=CARTESIAN_POINT('Ctrl Pts',(-16.8328757375846,222.380301435096,18.8419028283629));
#705=CARTESIAN_POINT('Ctrl Pts',(-16.4047373762022,223.566518296177,18.8025763034876));
#706=CARTESIAN_POINT('Ctrl Pts',(-15.7208885664781,224.580233817298,18.7632497786122));
#707=CARTESIAN_POINT('Ctrl Pts',(-15.037039756754,225.593949338418,18.7239232537369));
#708=CARTESIAN_POINT('Ctrl Pts',(-14.0974804986881,226.435163519577,18.6845967288615));
#709=CARTESIAN_POINT('Ctrl Pts',(-13.0146268055805,227.003227100213,18.6452702039862));
#710=CARTESIAN_POINT('Ctrl Pts',(-11.931773112473,227.57129068085,18.6059436791108));
#711=CARTESIAN_POINT('Ctrl Pts',(-10.7056249843239,227.866203660964,18.5666171542355));
#712=CARTESIAN_POINT('Ctrl Pts',(-9.48288810584776,227.852680409329,18.5272906293602));
#713=CARTESIAN_POINT('Ctrl Pts',(-8.26015122737158,227.839157157693,18.4879641044848));
#714=CARTESIAN_POINT('Ctrl Pts',(-7.04082559856833,227.517197674308,18.4486375796095));
#715=CARTESIAN_POINT('Ctrl Pts',(-5.97080060845269,226.925323639694,18.4093110547341));
#716=CARTESIAN_POINT('Ctrl Pts',(-4.90077561833704,226.333449605079,18.3699845298588));
#717=CARTESIAN_POINT('Ctrl Pts',(-3.980051266909,225.471661019236,18.3306580049834));
#718=CARTESIAN_POINT('Ctrl Pts',(-3.3187900160414,224.443068820926,18.2913314801081));
#719=CARTESIAN_POINT('Ctrl Pts',(-2.6575287651738,223.414476622617,18.2520049552327));
#720=CARTESIAN_POINT('Ctrl Pts',(-2.25573061486664,222.219080811841,18.2126784303574));
#721=CARTESIAN_POINT('Ctrl Pts',(-2.16146975076114,220.999907632259,18.1733519054821));
#722=CARTESIAN_POINT('Ctrl Pts',(-2.06720888665564,219.780734452678,18.1340253806067));
#723=CARTESIAN_POINT('Ctrl Pts',(-2.2804853087518,218.537783904289,18.0946988557314));
#724=CARTESIAN_POINT('Ctrl Pts',(-2.77578100436192,217.419772041088,18.055372330856));
#725=CARTESIAN_POINT('Ctrl Pts',(-2.77763436592283,217.415588519546,18.0552251737736));
#726=CARTESIAN_POINT('Ctrl Pts',(-2.77949167632782,217.411406747401,18.0550780166911));
#727=CARTESIAN_POINT('Ctrl Pts',(-2.78135293070397,217.407226730877,18.0549308596086));
#728=CARTESIAN_POINT('Ctrl Pts',(-2.78162406386284,217.407208298635,17.8397304139589));
#729=CARTESIAN_POINT('Ctrl Pts',(-2.35099890524441,218.376481006608,17.8738377088122));
#730=CARTESIAN_POINT('Ctrl Pts',(-2.12944972642131,219.439227765696,17.9079450036656));
#731=CARTESIAN_POINT('Ctrl Pts',(-2.13976427374258,220.499719373229,17.9420522985189));
#732=CARTESIAN_POINT('Ctrl Pts',(-2.15148029264768,221.704303475233,17.9807938640823));
#733=CARTESIAN_POINT('Ctrl Pts',(-2.46234878162662,222.905977962313,18.0195354296457));
#734=CARTESIAN_POINT('Ctrl Pts',(-3.03625155501372,223.965126549858,18.058276995209));
#735=CARTESIAN_POINT('Ctrl Pts',(-3.61015432840082,225.024275137403,18.0970185607724));
#736=CARTESIAN_POINT('Ctrl Pts',(-4.44709138619609,225.940897825413,18.1357601263358));
#737=CARTESIAN_POINT('Ctrl Pts',(-5.44982338095594,226.608497009594,18.1745016918992));
#738=CARTESIAN_POINT('Ctrl Pts',(-6.45255537571578,227.276096193775,18.2132432574626));
#739=CARTESIAN_POINT('Ctrl Pts',(-7.62108230744019,227.694671874126,18.251984823026));
#740=CARTESIAN_POINT('Ctrl Pts',(-8.81963913316506,227.815591927773,18.2907263885894));
#741=CARTESIAN_POINT('Ctrl Pts',(-10.0181959588899,227.936511981421,18.3294679541527));
#742=CARTESIAN_POINT('Ctrl Pts',(-11.2467826786152,227.759776408364,18.3682095197161));
#743=CARTESIAN_POINT('Ctrl Pts',(-12.3626562158866,227.305919192083,18.4069510852795));
#744=CARTESIAN_POINT('Ctrl Pts',(-13.478529753158,226.852061975802,18.4456926508429));
#745=CARTESIAN_POINT('Ctrl Pts',(-14.4816901079754,226.121083116296,18.4844342164063));
#746=CARTESIAN_POINT('Ctrl Pts',(-15.2555853163823,225.197911230718,18.5231757819697));
#747=CARTESIAN_POINT('Ctrl Pts',(-16.0294805247892,224.274739345139,18.5619173475331));
#748=CARTESIAN_POINT('Ctrl Pts',(-16.5741105867856,223.159374433488,18.6006589130965));
#749=CARTESIAN_POINT('Ctrl Pts',(-16.82619777903,221.981404921389,18.6394004786598));
#750=CARTESIAN_POINT('Ctrl Pts',(-17.0782849712745,220.80343540929,18.6781420442232));
#751=CARTESIAN_POINT('Ctrl Pts',(-17.037829293767,219.562861296744,18.7168836097866));
#752=CARTESIAN_POINT('Ctrl Pts',(-16.7095310804622,218.403818412694,18.75562517535));
#753=CARTESIAN_POINT('Ctrl Pts',(-16.3812328671574,217.244775528643,18.7943667409134));
#754=CARTESIAN_POINT('Ctrl Pts',(-15.7650921180552,216.167263873089,18.8331083064768));
#755=CARTESIAN_POINT('Ctrl Pts',(-14.9326950098414,215.296473899465,18.8718498720402));
#756=CARTESIAN_POINT('Ctrl Pts',(-14.1002979016277,214.425683925842,18.9105914376036));
#757=CARTESIAN_POINT('Ctrl Pts',(-13.0516444343024,213.76161563415,18.9493330031669));
#758=CARTESIAN_POINT('Ctrl Pts',(-11.9085721790846,213.381423652017,18.9880745687303));
#759=CARTESIAN_POINT('Ctrl Pts',(-10.7654999238668,213.001231669884,19.0268161342937));
#760=CARTESIAN_POINT('Ctrl Pts',(-9.5280088807566,212.904915997309,19.0655576998571));
#761=CARTESIAN_POINT('Ctrl Pts',(-8.33987667295594,213.103667049414,19.1042992654205));
#762=CARTESIAN_POINT('Ctrl Pts',(-7.15174446515529,213.30241810152,19.1430408309839));
#763=CARTESIAN_POINT('Ctrl Pts',(-6.01297109266421,213.796235878304,19.1817823965473));
#764=CARTESIAN_POINT('Ctrl Pts',(-5.05586468795413,214.527746270567,19.2205239621107));
#765=CARTESIAN_POINT('Ctrl Pts',(-4.09875828324404,215.259256662831,19.259265527674));
#766=CARTESIAN_POINT('Ctrl Pts',(-3.32331884631496,216.228459670573,19.2980070932374));
#767=CARTESIAN_POINT('Ctrl Pts',(-2.81964063667687,217.322748656656,19.3367486588008));
#768=CARTESIAN_POINT('Ctrl Pts',(-2.80671872642555,217.350822740062,19.3377425771869));
#769=CARTESIAN_POINT('Ctrl Pts',(-2.79397568498132,217.378979153019,19.3387364955729));
#770=CARTESIAN_POINT('Ctrl Pts',(-2.78141196733482,217.407215503273,19.3397304139589));
#771=CARTESIAN_POINT('Origin',(-9.5650092758881,220.4275,13.0723306367838));
#772=CARTESIAN_POINT('',(-2.78245553394576,217.407624532436,21.0549308596086));
#773=CARTESIAN_POINT('',(-2.78142592664493,217.407337257222,20.8397304139589));
#774=CARTESIAN_POINT('',(-2.78193425289179,217.407480425162,13.0723306367838));
#775=CARTESIAN_POINT('Ctrl Pts',(-2.78245553394576,217.407624532436,21.0549308596086));
#776=CARTESIAN_POINT('Ctrl Pts',(-2.99344241882012,216.933245664799,21.0382411385747));
#777=CARTESIAN_POINT('Ctrl Pts',(-3.25365843702635,216.480829927171,21.0215514175408));
#778=CARTESIAN_POINT('Ctrl Pts',(-3.55880949853925,216.061081303606,21.0048616965068));
#779=CARTESIAN_POINT('Ctrl Pts',(-4.27784673031401,215.072014161475,20.9655351716315));
#780=CARTESIAN_POINT('Ctrl Pts',(-5.24637683961193,214.264324663349,20.9262086467561));
#781=CARTESIAN_POINT('Ctrl Pts',(-6.34851752021994,213.734650921815,20.8868821218808));
#782=CARTESIAN_POINT('Ctrl Pts',(-7.45065820082796,213.204977180281,20.8475555970055));
#783=CARTESIAN_POINT('Ctrl Pts',(-8.68640945274608,212.953319195341,20.8082290721301));
#784=CARTESIAN_POINT('Ctrl Pts',(-9.90791660051879,213.009787241719,20.7689025472548));
#785=CARTESIAN_POINT('Ctrl Pts',(-11.1294237482915,213.066255288098,20.7295760223794));
#786=CARTESIAN_POINT('Ctrl Pts',(-12.3366867919187,213.430849365797,20.6902494975041));
#787=CARTESIAN_POINT('Ctrl Pts',(-13.3852596017873,214.059946667274,20.6509229726287));
#788=CARTESIAN_POINT('Ctrl Pts',(-14.4338324116559,214.689043968751,20.6115964477534));
#789=CARTESIAN_POINT('Ctrl Pts',(-15.3237149877658,215.582644494007,20.572269922878));
#790=CARTESIAN_POINT('Ctrl Pts',(-15.9484350127474,216.633831081968,20.5329433980027));
#791=CARTESIAN_POINT('Ctrl Pts',(-16.5731550377291,217.685017669928,20.4936168731274));
#792=CARTESIAN_POINT('Ctrl Pts',(-16.9327125115824,218.893790320594,20.454290348252));
#793=CARTESIAN_POINT('Ctrl Pts',(-16.984087244345,220.115522283487,20.4149638233767));
#794=CARTESIAN_POINT('Ctrl Pts',(-17.0354619771075,221.337254246381,20.3756372985013));
#795=CARTESIAN_POINT('Ctrl Pts',(-16.7786539687792,222.571945521501,20.336310773626));
#796=CARTESIAN_POINT('Ctrl Pts',(-16.2443896820416,223.671868257078,20.2969842487506));
#797=CARTESIAN_POINT('Ctrl Pts',(-15.7101253953039,224.771790992655,20.2576577238753));
#798=CARTESIAN_POINT('Ctrl Pts',(-14.8984048301569,225.736945188687,20.2183311989999));
#799=CARTESIAN_POINT('Ctrl Pts',(-13.9063484066962,226.451852458892,20.1790046741246));
#800=CARTESIAN_POINT('Ctrl Pts',(-12.9142919832356,227.166759729097,20.1396781492493));
#801=CARTESIAN_POINT('Ctrl Pts',(-11.7418997014613,227.631420073475,20.1003516243739));
#802=CARTESIAN_POINT('Ctrl Pts',(-10.529445487909,227.790237995514,20.0610250994986));
#803=CARTESIAN_POINT('Ctrl Pts',(-9.31699127435672,227.949055917553,20.0216985746232));
#804=CARTESIAN_POINT('Ctrl Pts',(-8.06447512902646,227.802031417254,19.9823720497479));
#805=CARTESIAN_POINT('Ctrl Pts',(-6.92175760668822,227.36675562369,19.9430455248725));
#806=CARTESIAN_POINT('Ctrl Pts',(-5.77904008434996,226.931479830126,19.9037189999972));
#807=CARTESIAN_POINT('Ctrl Pts',(-4.74612118500372,226.207952743298,19.8643924751219));
#808=CARTESIAN_POINT('Ctrl Pts',(-3.94658717926612,225.282742645001,19.8250659502465));
#809=CARTESIAN_POINT('Ctrl Pts',(-3.14705317352853,224.357532546704,19.7857394253712));
#810=CARTESIAN_POINT('Ctrl Pts',(-2.58090406139955,223.230639436938,19.7464129004958));
#811=CARTESIAN_POINT('Ctrl Pts',(-2.31587822720464,222.036893375361,19.7070863756205));
#812=CARTESIAN_POINT('Ctrl Pts',(-2.05085239300973,220.843147313784,19.6677598507451));
#813=CARTESIAN_POINT('Ctrl Pts',(-2.08694983674887,219.582548300395,19.6284333258698));
#814=CARTESIAN_POINT('Ctrl Pts',(-2.41985158579669,218.405923985755,19.5891068009944));
#815=CARTESIAN_POINT('Ctrl Pts',(-2.51628548716281,218.065083261945,19.5777148205325));
#816=CARTESIAN_POINT('Ctrl Pts',(-2.63762501765637,217.731289075756,19.5663228400705));
#817=CARTESIAN_POINT('Ctrl Pts',(-2.7820387787838,217.40771922236,19.5549308596086));
#818=CARTESIAN_POINT('Ctrl Pts',(-2.78141196733482,217.407215503273,19.3397304139589));
#819=CARTESIAN_POINT('Ctrl Pts',(-2.30425932822681,218.479593076657,19.3774780611363));
#820=CARTESIAN_POINT('Ctrl Pts',(-2.08575893457076,219.667270246023,19.4152257083136));
#821=CARTESIAN_POINT('Ctrl Pts',(-2.1508349129469,220.839200739319,19.452973355491));
#822=CARTESIAN_POINT('Ctrl Pts',(-2.21762438120211,222.041988871475,19.4917149210544));
#823=CARTESIAN_POINT('Ctrl Pts',(-2.58312030005964,223.228190171365,19.5304564866177));
#824=CARTESIAN_POINT('Ctrl Pts',(-3.20485760700745,224.259986103261,19.5691980521811));
#825=CARTESIAN_POINT('Ctrl Pts',(-3.82659491395525,225.291782035156,19.6079396177445));
#826=CARTESIAN_POINT('Ctrl Pts',(-4.70457360899333,226.169172599056,19.6466811833079));
#827=CARTESIAN_POINT('Ctrl Pts',(-5.7367859315822,226.790218366309,19.6854227488713));
#828=CARTESIAN_POINT('Ctrl Pts',(-6.76899825417107,227.411264133561,19.7241643144347));
#829=CARTESIAN_POINT('Ctrl Pts',(-7.95544420431072,227.775965104165,19.7629058799981));
#830=CARTESIAN_POINT('Ctrl Pts',(-9.15827682163765,227.841948576496,19.8016474455615));
#831=CARTESIAN_POINT('Ctrl Pts',(-10.3611094389646,227.907932048828,19.8403890111248));
#832=CARTESIAN_POINT('Ctrl Pts',(-11.5803287234787,227.675198022886,19.8791305766882));
#833=CARTESIAN_POINT('Ctrl Pts',(-12.6742799522094,227.170786650011,19.9178721422516));
#834=CARTESIAN_POINT('Ctrl Pts',(-13.7682311809401,226.666375277137,19.956613707815));
#835=CARTESIAN_POINT('Ctrl Pts',(-14.7369143538873,225.89028655733,19.9953552733784));
#836=CARTESIAN_POINT('Ctrl Pts',(-15.4677832308026,224.932690186888,20.0340968389418));
#837=CARTESIAN_POINT('Ctrl Pts',(-16.1986521077179,223.975093816447,20.0728384045052));
#838=CARTESIAN_POINT('Ctrl Pts',(-16.6917066886014,222.83598979537,20.1115799700685));
#839=CARTESIAN_POINT('Ctrl Pts',(-16.889661536,221.647724672463,20.1503215356319));
#840=CARTESIAN_POINT('Ctrl Pts',(-17.0876163833987,220.459459549556,20.1890631011953));
#841=CARTESIAN_POINT('Ctrl Pts',(-16.9904714973125,219.222033324818,20.2278046667587));
#842=CARTESIAN_POINT('Ctrl Pts',(-16.6095136348502,218.079216090543,20.2665462323221));
#843=CARTESIAN_POINT('Ctrl Pts',(-16.2285557723879,216.936398856269,20.3052877978855));
#844=CARTESIAN_POINT('Ctrl Pts',(-15.5637849335495,215.888190612458,20.3440293634489));
#845=CARTESIAN_POINT('Ctrl Pts',(-14.6924373712476,215.056377202133,20.3827709290123));
#846=CARTESIAN_POINT('Ctrl Pts',(-13.8210898089457,214.224563791808,20.4215124945756));
#847=CARTESIAN_POINT('Ctrl Pts',(-12.7431655231804,213.609145214968,20.460254060139));
#848=CARTESIAN_POINT('Ctrl Pts',(-11.5839029087367,213.281623742878,20.4989956257024));
#849=CARTESIAN_POINT('Ctrl Pts',(-10.4246402942929,212.954102270789,20.5377371912658));
#850=CARTESIAN_POINT('Ctrl Pts',(-9.18403935117079,212.914477903451,20.5764787568292));
#851=CARTESIAN_POINT('Ctrl Pts',(-8.00623902561841,213.16735438922,20.6152203223926));
#852=CARTESIAN_POINT('Ctrl Pts',(-6.82843870006604,213.42023087499,20.653961887956));
#853=CARTESIAN_POINT('Ctrl Pts',(-5.71343899208339,213.965608213867,20.6927034535194));
#854=CARTESIAN_POINT('Ctrl Pts',(-4.7907858961876,214.740121860332,20.7314450190827));
#855=CARTESIAN_POINT('Ctrl Pts',(-3.93115917598067,215.4617285277,20.7675401507081));
#856=CARTESIAN_POINT('Ctrl Pts',(-3.23849823452488,216.382236135518,20.8036352823335));
#857=CARTESIAN_POINT('Ctrl Pts',(-2.78142592664493,217.407337257222,20.8397304139589));
#858=CARTESIAN_POINT('Origin',(-9.5650092758881,220.4275,13.0723306367838));
#859=CARTESIAN_POINT('',(-2.78166648875438,217.407200571074,22.5549308596086));
#860=CARTESIAN_POINT('',(-2.78163695827874,217.40751245497,22.3397304139589));
#861=CARTESIAN_POINT('',(-2.78193425289179,217.407480425162,13.0723306367838));
#862=CARTESIAN_POINT('Ctrl Pts',(-2.78166648875438,217.407200571074,22.5549308596086));
#863=CARTESIAN_POINT('Ctrl Pts',(-2.85039677650123,217.252456460653,22.5494859619542));
#864=CARTESIAN_POINT('Ctrl Pts',(-2.92444696996433,217.100092050763,22.5440410642997));
#865=CARTESIAN_POINT('Ctrl Pts',(-3.00372179612517,216.950496314685,22.5385961666452));
#866=CARTESIAN_POINT('Ctrl Pts',(-3.57629517047597,215.870020461973,22.4992696417699));
#867=CARTESIAN_POINT('Ctrl Pts',(-4.42141934713531,214.93397663206,22.4599431168946));
#868=CARTESIAN_POINT('Ctrl Pts',(-5.43797722658667,214.254360242356,22.4206165920192));
#869=CARTESIAN_POINT('Ctrl Pts',(-6.45453510603804,213.574743852652,22.3812900671439));
#870=CARTESIAN_POINT('Ctrl Pts',(-7.64252668828143,213.151554903156,22.3419635422685));
#871=CARTESIAN_POINT('Ctrl Pts',(-8.85981163581863,213.035426929735,22.3026370173932));
#872=CARTESIAN_POINT('Ctrl Pts',(-10.0770965833558,212.919298956315,22.2633104925178));
#873=CARTESIAN_POINT('Ctrl Pts',(-11.3236748961868,213.11023195897,22.2239839676425));
#874=CARTESIAN_POINT('Ctrl Pts',(-12.4503964633184,213.585381265063,22.1846574427672));
#875=CARTESIAN_POINT('Ctrl Pts',(-13.5771180304499,214.060530571157,22.1453309178918));
#876=CARTESIAN_POINT('Ctrl Pts',(-14.583982851882,214.819896180689,22.1060043930165));
#877=CARTESIAN_POINT('Ctrl Pts',(-15.350521966647,215.772621816913,22.0666778681411));
#878=CARTESIAN_POINT('Ctrl Pts',(-16.117061081412,216.725347453136,22.0273513432658));
#879=CARTESIAN_POINT('Ctrl Pts',(-16.64327448951,217.871433116051,21.9880248183904));
#880=CARTESIAN_POINT('Ctrl Pts',(-16.8662020171178,219.073752403753,21.9486982935151));
#881=CARTESIAN_POINT('Ctrl Pts',(-17.0891295447256,220.276071691455,21.9093717686397));
#882=CARTESIAN_POINT('Ctrl Pts',(-17.0087711918432,221.534624603944,21.8700452437644));
#883=CARTESIAN_POINT('Ctrl Pts',(-16.6347416431427,222.698828301391,21.8307187188891));
#884=CARTESIAN_POINT('Ctrl Pts',(-16.2607120944423,223.863031998839,21.7913921940137));
#885=CARTESIAN_POINT('Ctrl Pts',(-15.5930113499238,224.932886481243,21.7520656691384));
#886=CARTESIAN_POINT('Ctrl Pts',(-14.7115282031687,225.780386224158,21.712739144263));
#887=CARTESIAN_POINT('Ctrl Pts',(-13.8300450564136,226.627885967073,21.6734126193877));
#888=CARTESIAN_POINT('Ctrl Pts',(-12.7347795074219,227.253030970498,21.6340860945123));
#889=CARTESIAN_POINT('Ctrl Pts',(-11.5567774540825,227.581024133044,21.594759569637));
#890=CARTESIAN_POINT('Ctrl Pts',(-10.378775400743,227.90901729559,21.5554330447616));
#891=CARTESIAN_POINT('Ctrl Pts',(-9.11803684305575,227.939858617256,21.5161065198863));
#892=CARTESIAN_POINT('Ctrl Pts',(-7.92540612768791,227.669858007859,21.476779995011));
#893=CARTESIAN_POINT('Ctrl Pts',(-6.7327754123201,227.399857398461,21.4374534701356));
#894=CARTESIAN_POINT('Ctrl Pts',(-5.60825253927168,226.829014858,21.3981269452603));
#895=CARTESIAN_POINT('Ctrl Pts',(-4.68638397507278,226.025630328236,21.3588004203849));
#896=CARTESIAN_POINT('Ctrl Pts',(-3.76451541087389,225.222245798472,21.3194738955096));
#897=CARTESIAN_POINT('Ctrl Pts',(-3.0453011555245,224.186319279406,21.2801473706342));
#898=CARTESIAN_POINT('Ctrl Pts',(-2.61479347086417,223.041796896151,21.2408208457589));
#899=CARTESIAN_POINT('Ctrl Pts',(-2.18428578620383,221.897274512896,21.2014943208836));
#900=CARTESIAN_POINT('Ctrl Pts',(-2.04248467223256,220.644156265453,21.1621677960082));
#901=CARTESIAN_POINT('Ctrl Pts',(-2.20635629237273,219.432374748664,21.1228412711329));
#902=CARTESIAN_POINT('Ctrl Pts',(-2.30068269756737,218.734859252922,21.1002044672914));
#903=CARTESIAN_POINT('Ctrl Pts',(-2.49628725609941,218.051039802913,21.07756766345));
#904=CARTESIAN_POINT('Ctrl Pts',(-2.78245553394576,217.407624532436,21.0549308596086));
#905=CARTESIAN_POINT('Ctrl Pts',(-2.78142592664493,217.407337257222,20.8397304139589));
#906=CARTESIAN_POINT('Ctrl Pts',(-2.74791415890174,217.482495935863,20.8423768478969));
#907=CARTESIAN_POINT('Ctrl Pts',(-2.71566881532163,217.558216864691,20.8450232818349));
#908=CARTESIAN_POINT('Ctrl Pts',(-2.68471694209268,217.63446287451,20.8476697157729));
#909=CARTESIAN_POINT('Ctrl Pts',(-2.2316075677025,218.750640288171,20.8864112813363));
#910=CARTESIAN_POINT('Ctrl Pts',(-2.05569530273109,219.97934516144,20.9251528468997));
#911=CARTESIAN_POINT('Ctrl Pts',(-2.17741847478548,221.177820690314,20.9638944124631));
#912=CARTESIAN_POINT('Ctrl Pts',(-2.29914164683987,222.376296219189,21.0026359780265));
#913=CARTESIAN_POINT('Ctrl Pts',(-2.71850025592002,223.544542403669,21.0413775435898));
#914=CARTESIAN_POINT('Ctrl Pts',(-3.3867712147609,224.54682681914,21.0801191091532));
#915=CARTESIAN_POINT('Ctrl Pts',(-4.05504217360178,225.549111234612,21.1188606747166));
#916=CARTESIAN_POINT('Ctrl Pts',(-4.97222548220338,226.385433881073,21.15760224028));
#917=CARTESIAN_POINT('Ctrl Pts',(-6.03175840066839,226.958626796779,21.1963438058434));
#918=CARTESIAN_POINT('Ctrl Pts',(-7.0912913191334,227.531819712485,21.2350853714068));
#919=CARTESIAN_POINT('Ctrl Pts',(-8.29317384746181,227.841882897435,21.2738269369702));
#920=CARTESIAN_POINT('Ctrl Pts',(-9.49776552986683,227.852791729048,21.3125685025335));
#921=CARTESIAN_POINT('Ctrl Pts',(-10.7023572122719,227.863700560661,21.3513100680969));
#922=CARTESIAN_POINT('Ctrl Pts',(-11.9096580487535,227.575455038938,21.3900516336603));
#923=CARTESIAN_POINT('Ctrl Pts',(-12.9793980585898,227.021544906081,21.4287931992237));
#924=CARTESIAN_POINT('Ctrl Pts',(-14.049138068426,226.467634773224,21.4675347647871));
#925=CARTESIAN_POINT('Ctrl Pts',(-14.981317251617,225.648060029233,21.5062763303505));
#926=CARTESIAN_POINT('Ctrl Pts',(-15.6676305758929,224.658042784511,21.5450178959139));
#927=CARTESIAN_POINT('Ctrl Pts',(-16.3539439001688,223.668025539788,21.5837594614772));
#928=CARTESIAN_POINT('Ctrl Pts',(-16.7943913655297,222.507565794333,21.6225010270406));
#929=CARTESIAN_POINT('Ctrl Pts',(-16.9377996806051,221.311491307065,21.661242592604));
#930=CARTESIAN_POINT('Ctrl Pts',(-17.0812079956806,220.115416819798,21.6999841581674));
#931=CARTESIAN_POINT('Ctrl Pts',(-16.9275771604706,218.883727590717,21.7387257237308));
#932=CARTESIAN_POINT('Ctrl Pts',(-16.4947567395958,217.759527160544,21.7774672892942));
#933=CARTESIAN_POINT('Ctrl Pts',(-16.0619363187211,216.635326730371,21.8162088548576));
#934=CARTESIAN_POINT('Ctrl Pts',(-15.3499263121816,215.618615099106,21.854950420421));
#935=CARTESIAN_POINT('Ctrl Pts',(-14.4414514451359,214.827518682812,21.8936919859843));
#936=CARTESIAN_POINT('Ctrl Pts',(-13.5329765780902,214.036422266517,21.9324335515477));
#937=CARTESIAN_POINT('Ctrl Pts',(-12.4280368505384,213.470941065193,21.9711751171111));
#938=CARTESIAN_POINT('Ctrl Pts',(-11.2550094404122,213.196775387161,22.0099166826745));
#939=CARTESIAN_POINT('Ctrl Pts',(-10.0819820302861,212.92260970913,22.0486582482379));
#940=CARTESIAN_POINT('Ctrl Pts',(-8.8408669375857,212.939759554391,22.0873998138013));
#941=CARTESIAN_POINT('Ctrl Pts',(-7.67586284487798,213.24623237199,22.1261413793647));
#942=CARTESIAN_POINT('Ctrl Pts',(-6.51085875217023,213.55270518959,22.1648829449281));
#943=CARTESIAN_POINT('Ctrl Pts',(-5.42196565945518,214.148500979527,22.2036245104914));
#944=CARTESIAN_POINT('Ctrl Pts',(-4.53569637000677,214.96439733964,22.2423660760548));
#945=CARTESIAN_POINT('Ctrl Pts',(-3.7932463999981,215.647894145079,22.2748208553562));
#946=CARTESIAN_POINT('Ctrl Pts',(-3.1929944174052,216.48585383989,22.3072756346576));
#947=CARTESIAN_POINT('Ctrl Pts',(-2.78163695827874,217.40751245497,22.3397304139589));
#948=CARTESIAN_POINT('Origin',(-9.5650092758881,220.4275,13.0723306367838));
#949=CARTESIAN_POINT('',(-2.78218827092507,217.407599486039,24.0549308596086));
#950=CARTESIAN_POINT('',(-2.78192770235081,217.407664783071,23.8397304139589));
#951=CARTESIAN_POINT('',(-2.78193425289179,217.407480425162,13.0723306367838));
#952=CARTESIAN_POINT('Ctrl Pts',(-2.78218827092507,217.407599486039,24.0549308596086));
#953=CARTESIAN_POINT('Ctrl Pts',(-3.20711366256598,216.455384535395,24.0214042604583));
#954=CARTESIAN_POINT('Ctrl Pts',(-3.83362840601429,215.592873838895,23.987877661308));
#955=CARTESIAN_POINT('Ctrl Pts',(-4.60989465902884,214.897232903322,23.9543510621576));
#956=CARTESIAN_POINT('Ctrl Pts',(-5.52045090042373,214.081249736213,23.9150245372823));
#957=CARTESIAN_POINT('Ctrl Pts',(-6.63705274312242,213.494865458153,23.8756980124069));
#958=CARTESIAN_POINT('Ctrl Pts',(-7.82584868444886,213.208424444763,23.8363714875316));
#959=CARTESIAN_POINT('Ctrl Pts',(-9.0146446257753,212.921983431372,23.7970449626563));
#960=CARTESIAN_POINT('Ctrl Pts',(-10.2756346657295,212.935485682651,23.7577184377809));
#961=CARTESIAN_POINT('Ctrl Pts',(-11.4580254230318,213.247223668783,23.7183919129056));
#962=CARTESIAN_POINT('Ctrl Pts',(-12.6404161803341,213.558961654914,23.6790653880302));
#963=CARTESIAN_POINT('Ctrl Pts',(-13.7442076549845,214.168935375898,23.6397388631549));
#964=CARTESIAN_POINT('Ctrl Pts',(-14.6372882805891,215.004202392033,23.6004123382795));
#965=CARTESIAN_POINT('Ctrl Pts',(-15.5303689061938,215.839469408169,23.5610858134042));
#966=CARTESIAN_POINT('Ctrl Pts',(-16.2127386827526,216.900029719455,23.5217592885289));
#967=CARTESIAN_POINT('Ctrl Pts',(-16.6027720272653,218.058970944244,23.4824327636535));
#968=CARTESIAN_POINT('Ctrl Pts',(-16.992805371778,219.217912169033,23.4431062387782));
#969=CARTESIAN_POINT('Ctrl Pts',(-17.0905022842446,220.475234307324,23.4037797139028));
#970=CARTESIAN_POINT('Ctrl Pts',(-16.8841644007645,221.680510203731,23.3644531890275));
#971=CARTESIAN_POINT('Ctrl Pts',(-16.6778265172843,222.885786100138,23.3251266641521));
#972=CARTESIAN_POINT('Ctrl Pts',(-16.1674538378574,224.039015754661,23.2858001392768));
#973=CARTESIAN_POINT('Ctrl Pts',(-15.414115207422,225.002214069866,23.2464736144015));
#974=CARTESIAN_POINT('Ctrl Pts',(-14.6607765769866,225.965412385071,23.2071470895261));
#975=CARTESIAN_POINT('Ctrl Pts',(-13.6644719955428,226.738579360959,23.1678205646508));
#976=CARTESIAN_POINT('Ctrl Pts',(-12.5444050277083,227.229209205237,23.1284940397754));
#977=CARTESIAN_POINT('Ctrl Pts',(-11.424338059874,227.719839049516,23.0891675149001));
#978=CARTESIAN_POINT('Ctrl Pts',(-10.180508705649,227.927931762185,23.0498409900247));
#979=CARTESIAN_POINT('Ctrl Pts',(-8.9617390133668,227.828588724994,23.0105144651494));
#980=CARTESIAN_POINT('Ctrl Pts',(-7.74296932108454,227.729245687803,22.971187940274));
#981=CARTESIAN_POINT('Ctrl Pts',(-6.54925929074496,227.322466900752,22.9318614153987));
#982=CARTESIAN_POINT('Ctrl Pts',(-5.52343307196513,226.656922846804,22.8925348905234));
#983=CARTESIAN_POINT('Ctrl Pts',(-4.4976068531853,225.991378792856,22.853208365648));
#984=CARTESIAN_POINT('Ctrl Pts',(-3.63966444596522,225.06706947201,22.8138818407727));
#985=CARTESIAN_POINT('Ctrl Pts',(-3.05225678217929,223.99458610613,22.7745553158973));
#986=CARTESIAN_POINT('Ctrl Pts',(-2.46484911839336,222.922102740249,22.735228791022));
#987=CARTESIAN_POINT('Ctrl Pts',(-2.14797619804158,221.701445329334,22.6959022661466));
#988=CARTESIAN_POINT('Ctrl Pts',(-2.13955102388683,220.478662686121,22.6565757412713));
#989=CARTESIAN_POINT('Ctrl Pts',(-2.13229234514806,219.425178661767,22.6226941140504));
#990=CARTESIAN_POINT('Ctrl Pts',(-2.35398278632128,218.370117157694,22.5888124868295));
#991=CARTESIAN_POINT('Ctrl Pts',(-2.78166648875438,217.407200571074,22.5549308596086));
#992=CARTESIAN_POINT('Ctrl Pts',(-2.78163695827874,217.40751245497,22.3397304139589));
#993=CARTESIAN_POINT('Ctrl Pts',(-2.70195327290217,217.586046120713,22.3460172002209));
#994=CARTESIAN_POINT('Ctrl Pts',(-2.62935751781159,217.767720439244,22.352303986483));
#995=CARTESIAN_POINT('Ctrl Pts',(-2.56418911093005,217.952021056365,22.358590772745));
#996=CARTESIAN_POINT('Ctrl Pts',(-2.16259662748343,219.087751482687,22.3973323383084));
#997=CARTESIAN_POINT('Ctrl Pts',(-2.04305714677203,220.323215405041,22.4360739038718));
#998=CARTESIAN_POINT('Ctrl Pts',(-2.21945933730412,221.514870720548,22.4748154694351));
#999=CARTESIAN_POINT('Ctrl Pts',(-2.39586152783622,222.706526036055,22.5135570349985));
#1000=CARTESIAN_POINT('Ctrl Pts',(-2.8682053896118,223.854372744715,22.5522986005619));
#1001=CARTESIAN_POINT('Ctrl Pts',(-3.58161175467953,224.825048531051,22.5910401661253));
#1002=CARTESIAN_POINT('Ctrl Pts',(-4.29501811974726,225.795724317388,22.6297817316887));
#1003=CARTESIAN_POINT('Ctrl Pts',(-5.24948698810714,226.589229181402,22.6685232972521));
#1004=CARTESIAN_POINT('Ctrl Pts',(-6.33412360712995,227.113369934728,22.7072648628155));
#1005=CARTESIAN_POINT('Ctrl Pts',(-7.41876022615276,227.637510688055,22.7460064283789));
#1006=CARTESIAN_POINT('Ctrl Pts',(-8.63356459583851,227.892287330694,22.7847479939422));
#1007=CARTESIAN_POINT('Ctrl Pts',(-9.83739493522686,227.848098697381,22.8234895595056));
#1008=CARTESIAN_POINT('Ctrl Pts',(-11.0412252746152,227.803910064068,22.862231125069));
#1009=CARTESIAN_POINT('Ctrl Pts',(-12.2340815837061,227.460756154803,22.9009726906324));
#1010=CARTESIAN_POINT('Ctrl Pts',(-13.2773721244802,226.85850622493,22.9397142561958));
#1011=CARTESIAN_POINT('Ctrl Pts',(-14.3206626652544,226.256256295057,22.9784558217592));
#1012=CARTESIAN_POINT('Ctrl Pts',(-15.2143874377118,225.394910344576,23.0171973873226));
#1013=CARTESIAN_POINT('Ctrl Pts',(-15.8547092082654,224.374543674747,23.055938952886));
#1014=CARTESIAN_POINT('Ctrl Pts',(-16.495030978819,223.354177004917,23.0946805184493));
#1015=CARTESIAN_POINT('Ctrl Pts',(-16.8819497474689,222.174789615739,23.1334220840127));
#1016=CARTESIAN_POINT('Ctrl Pts',(-16.970511482946,220.973408342994,23.1721636495761));
#1017=CARTESIAN_POINT('Ctrl Pts',(-17.0590732184232,219.772027070249,23.2109052151395));
#1018=CARTESIAN_POINT('Ctrl Pts',(-16.8492779207275,218.548651913938,23.2496467807029));
#1019=CARTESIAN_POINT('Ctrl Pts',(-16.3655005219145,217.445420505322,23.2883883462663));
#1020=CARTESIAN_POINT('Ctrl Pts',(-15.8817231231014,216.342189096707,23.3271299118297));
#1021=CARTESIAN_POINT('Ctrl Pts',(-15.1239636231709,215.359101435787,23.365871477393));
#1022=CARTESIAN_POINT('Ctrl Pts',(-14.1802623334289,214.610377215331,23.4046130429564));
#1023=CARTESIAN_POINT('Ctrl Pts',(-13.2365610436868,213.861652994875,23.4433546085198));
#1024=CARTESIAN_POINT('Ctrl Pts',(-12.1069179641332,213.347292214882,23.4820961740832));
#1025=CARTESIAN_POINT('Ctrl Pts',(-10.9225800053748,213.127056050025,23.5208377396466));
#1026=CARTESIAN_POINT('Ctrl Pts',(-9.73824204661639,212.906819885169,23.55957930521));
#1027=CARTESIAN_POINT('Ctrl Pts',(-8.49920920865313,212.980708335448,23.5983208707734));
#1028=CARTESIAN_POINT('Ctrl Pts',(-7.34943915395184,213.340136068503,23.6370624363368));
#1029=CARTESIAN_POINT('Ctrl Pts',(-6.19966909925052,213.699563801558,23.6758040019001));
#1030=CARTESIAN_POINT('Ctrl Pts',(-5.13916182781117,214.344530817387,23.7145455674635));
#1031=CARTESIAN_POINT('Ctrl Pts',(-4.2911301273951,215.20010309644,23.7532871330269));
#1032=CARTESIAN_POINT('Ctrl Pts',(-3.66039806608685,215.836443538548,23.7821015600043));
#1033=CARTESIAN_POINT('Ctrl Pts',(-3.147203016842,216.589286377827,23.8109159869816));
#1034=CARTESIAN_POINT('Ctrl Pts',(-2.78192770235081,217.407664783071,23.8397304139589));
#1035=CARTESIAN_POINT('Origin',(-9.5650092758881,220.4275,13.299460232683));
#1036=CARTESIAN_POINT('',(-3.56419473984108,217.755623126744,23.049460232683));
#1037=CARTESIAN_POINT('',(-3.56442581976668,217.75603378712,23.3452010408846));
#1038=CARTESIAN_POINT('',(-3.56443161463555,217.755870696789,13.299460232683));
#1039=CARTESIAN_POINT('',(-14.4853480548634,216.07584872241,24.0723306367837));
#1040=CARTESIAN_POINT('Ctrl Pts',(-3.56419473984109,217.755623126744,23.049460232683));
#1041=CARTESIAN_POINT('Ctrl Pts',(-3.18584874452172,218.607457396559,23.0833418599039));
#1042=CARTESIAN_POINT('Ctrl Pts',(-2.7620998358057,220.624148592686,23.1565500120001));
#1043=CARTESIAN_POINT('Ctrl Pts',(-3.56424388157003,223.714166739383,23.2690846889717));
#1044=CARTESIAN_POINT('Ctrl Pts',(-5.84115370165276,226.167208985245,23.3870642635977));
#1045=CARTESIAN_POINT('Ctrl Pts',(-9.0091636607574,227.246767015064,23.5050438382238));
#1046=CARTESIAN_POINT('Ctrl Pts',(-12.3101862554074,226.694505771214,23.6230234128498));
#1047=CARTESIAN_POINT('Ctrl Pts',(-14.9542981050982,224.642583095347,23.7410029874758));
#1048=CARTESIAN_POINT('Ctrl Pts',(-16.3087859540606,221.582004782519,23.8589825621019));
#1049=CARTESIAN_POINT('Ctrl Pts',(-16.0660701070544,218.458344064385,23.9694251118711));
#1050=CARTESIAN_POINT('Ctrl Pts',(-15.0640869528311,216.731564526631,24.0405411367651));
#1051=CARTESIAN_POINT('Ctrl Pts',(-14.4853480548634,216.07584872241,24.0723306367837));
#1052=CARTESIAN_POINT('',(-15.2825238266357,223.660851630196,24.0723306367837));
#1053=CARTESIAN_POINT('Origin',(-9.5650092758881,220.4275,24.0723306367837));
#1054=CARTESIAN_POINT('Ctrl Pts',(-3.56442581976669,217.75603378712,23.3452010408846));
#1055=CARTESIAN_POINT('Ctrl Pts',(-3.45309872872493,218.005455753546,23.3551281794706));
#1056=CARTESIAN_POINT('Ctrl Pts',(-2.98345337830642,219.262006033541,23.40379688362));
#1057=CARTESIAN_POINT('Ctrl Pts',(-2.85788245078424,221.73626719881,23.4912071533329));
#1058=CARTESIAN_POINT('Ctrl Pts',(-4.2494132158227,224.722062696351,23.607431850023));
#1059=CARTESIAN_POINT('Ctrl Pts',(-6.87619515723681,226.709878475985,23.7236565467132));
#1060=CARTESIAN_POINT('Ctrl Pts',(-10.127589014778,227.237959868736,23.8398812434033));
#1061=CARTESIAN_POINT('Ctrl Pts',(-13.2485413238848,226.183217954078,23.9561059400935));
#1062=CARTESIAN_POINT('Ctrl Pts',(-14.7578145852838,224.588691551571,24.0335890712203));
#1063=CARTESIAN_POINT('Ctrl Pts',(-15.2825238266357,223.660851630196,24.0723306367837));
#1064=CARTESIAN_POINT('Origin',(-9.5650092758881,220.4275,13.299460232683));
#1065=CARTESIAN_POINT('',(-3.56489276056671,217.755998179809,21.549460232683));
#1066=CARTESIAN_POINT('',(-3.56416861600914,217.755899031629,21.8452010408845));
#1067=CARTESIAN_POINT('',(-3.56443161463555,217.755870696789,13.299460232683));
#1068=CARTESIAN_POINT('Ctrl Pts',(-3.56489276056672,217.755998179809,21.549460232683));
#1069=CARTESIAN_POINT('Ctrl Pts',(-3.3117369323351,218.325188891373,21.5720970365244));
#1070=CARTESIAN_POINT('Ctrl Pts',(-2.83807874902904,219.981063789338,21.6340603652412));
#1071=CARTESIAN_POINT('Ctrl Pts',(-3.16117093531545,222.836279118067,21.7353502188333));
#1072=CARTESIAN_POINT('Ctrl Pts',(-5.06990745068906,225.585544388436,21.8533297934593));
#1073=CARTESIAN_POINT('Ctrl Pts',(-8.05430028522436,227.10051436213,21.9713093680853));
#1074=CARTESIAN_POINT('Ctrl Pts',(-11.400198539463,227.018663986656,22.0892889427114));
#1075=CARTESIAN_POINT('Ctrl Pts',(-14.30694480018,225.359579664334,22.2072685173374));
#1076=CARTESIAN_POINT('Ctrl Pts',(-16.0789686205164,222.520272320918,22.3252480919634));
#1077=CARTESIAN_POINT('Ctrl Pts',(-16.2922331954619,219.180174592417,22.4432276665895));
#1078=CARTESIAN_POINT('Ctrl Pts',(-14.8957053326655,216.138555856025,22.5612072412155));
#1079=CARTESIAN_POINT('Ctrl Pts',(-12.2235674593987,214.123260891203,22.6791868158415));
#1080=CARTESIAN_POINT('Ctrl Pts',(-8.91524935074622,213.616540131087,22.7971663904676));
#1081=CARTESIAN_POINT('Ctrl Pts',(-5.76241569079205,214.739649405962,22.9151459650936));
#1082=CARTESIAN_POINT('Ctrl Pts',(-4.16364274365059,216.510420606141,22.9992439124987));
#1083=CARTESIAN_POINT('Ctrl Pts',(-3.62499628308027,217.618730338583,23.0440153350285));
#1084=CARTESIAN_POINT('Ctrl Pts',(-3.56419473984109,217.755623126744,23.049460232683));
#1085=CARTESIAN_POINT('Ctrl Pts',(-3.56416861600915,217.755899031629,21.8452010408846));
#1086=CARTESIAN_POINT('Ctrl Pts',(-3.49367726204123,217.913837005602,21.8514878271466));
#1087=CARTESIAN_POINT('Ctrl Pts',(-3.03370142066733,219.064948353895,21.896516178972));
#1088=CARTESIAN_POINT('Ctrl Pts',(-2.80504219648456,221.428186175492,21.9802860963608));
#1089=CARTESIAN_POINT('Ctrl Pts',(-4.05860463643601,224.474478584985,22.0965107930509));
#1090=CARTESIAN_POINT('Ctrl Pts',(-6.5916878842657,226.580376372473,22.2127354897411));
#1091=CARTESIAN_POINT('Ctrl Pts',(-9.81568051540194,227.256532994026,22.3289601864313));
#1092=CARTESIAN_POINT('Ctrl Pts',(-12.9814247673003,226.345830248444,22.4451848831214));
#1093=CARTESIAN_POINT('Ctrl Pts',(-15.3532980932185,224.059887699582,22.5614095798116));
#1094=CARTESIAN_POINT('Ctrl Pts',(-16.3801492390522,220.929888872735,22.6776342765017));
#1095=CARTESIAN_POINT('Ctrl Pts',(-15.8233694721233,217.683150066482,22.7938589731919));
#1096=CARTESIAN_POINT('Ctrl Pts',(-13.8123369923987,215.074114855829,22.9100836698821));
#1097=CARTESIAN_POINT('Ctrl Pts',(-10.8143555435527,213.709042910235,23.0263083665722));
#1098=CARTESIAN_POINT('Ctrl Pts',(-7.5260625154639,213.905136886494,23.1425330632624));
#1099=CARTESIAN_POINT('Ctrl Pts',(-4.95195778839639,215.47062605282,23.2488306213665));
#1100=CARTESIAN_POINT('Ctrl Pts',(-3.88756287558752,217.032063735143,23.3163866139072));
#1101=CARTESIAN_POINT('Ctrl Pts',(-3.56442581976669,217.75603378712,23.3452010408846));
#1102=CARTESIAN_POINT('Origin',(-9.5650092758881,220.4275,13.299460232683));
#1103=CARTESIAN_POINT('',(-3.56452408239254,217.756081946277,20.049460232683));
#1104=CARTESIAN_POINT('',(-3.56398192904147,217.75574404474,20.3452010408845));
#1105=CARTESIAN_POINT('',(-3.56443161463555,217.755870696789,13.299460232683));
#1106=CARTESIAN_POINT('Ctrl Pts',(-3.56452408239256,217.756081946277,20.049460232683));
#1107=CARTESIAN_POINT('Ctrl Pts',(-3.4367699316481,218.042324694228,20.0608522131449));
#1108=CARTESIAN_POINT('Ctrl Pts',(-2.95887110350971,219.356981589394,20.1115707184822));
#1109=CARTESIAN_POINT('Ctrl Pts',(-2.88575432212772,221.910374099356,20.2016157486949));
#1110=CARTESIAN_POINT('Ctrl Pts',(-4.38826831629482,224.901057350604,20.3195953233209));
#1111=CARTESIAN_POINT('Ctrl Pts',(-7.1295516069658,226.821239772212,20.4375748979469));
#1112=CARTESIAN_POINT('Ctrl Pts',(-10.4536282432465,227.211430915238,20.555554472573));
#1113=CARTESIAN_POINT('Ctrl Pts',(-13.5650626203052,225.97825990957,20.673534047199));
#1114=CARTESIAN_POINT('Ctrl Pts',(-15.7193034066244,223.416818665559,20.791513621825));
#1115=CARTESIAN_POINT('Ctrl Pts',(-16.4008511085654,220.14004779442,20.9094931964511));
#1116=CARTESIAN_POINT('Ctrl Pts',(-15.4466146281079,216.932062858152,21.0274727710771));
#1117=CARTESIAN_POINT('Ctrl Pts',(-13.0849381808154,214.560519274266,21.1454523457031));
#1118=CARTESIAN_POINT('Ctrl Pts',(-9.88095961963813,213.592916054202,21.2634319203291));
#1119=CARTESIAN_POINT('Ctrl Pts',(-6.60137565573452,214.260796010236,21.3814114949552));
#1120=CARTESIAN_POINT('Ctrl Pts',(-4.52415915195142,215.993055998164,21.4767542657398));
#1121=CARTESIAN_POINT('Ctrl Pts',(-3.75154014157049,217.336343786121,21.5327705116491));
#1122=CARTESIAN_POINT('Ctrl Pts',(-3.56489276056672,217.755998179809,21.549460232683));
#1123=CARTESIAN_POINT('Ctrl Pts',(-3.56398192904147,217.75574404474,20.3452010408845));
#1124=CARTESIAN_POINT('Ctrl Pts',(-3.53433608785186,217.822232397969,20.3478474748225));
#1125=CARTESIAN_POINT('Ctrl Pts',(-3.08822108685778,218.869833027673,20.3892354743239));
#1126=CARTESIAN_POINT('Ctrl Pts',(-2.7663528066848,221.118005572456,20.4693650393887));
#1127=CARTESIAN_POINT('Ctrl Pts',(-3.87929666761918,224.218436542334,20.5855897360789));
#1128=CARTESIAN_POINT('Ctrl Pts',(-6.31342705282492,226.437969264416,20.701814432769));
#1129=CARTESIAN_POINT('Ctrl Pts',(-9.50312616118805,227.260851901662,20.8180391294592));
#1130=CARTESIAN_POINT('Ctrl Pts',(-12.7072050215467,226.495871579575,20.9342638261493));
#1131=CARTESIAN_POINT('Ctrl Pts',(-15.1811332461247,224.320786437287,21.0504885228395));
#1132=CARTESIAN_POINT('Ctrl Pts',(-16.3500452274781,221.241020047374,21.1667132195296));
#1133=CARTESIAN_POINT('Ctrl Pts',(-15.9423214054438,217.972216363837,21.2829379162198));
#1134=CARTESIAN_POINT('Ctrl Pts',(-14.05270438425,215.273945852975,21.39916261291));
#1135=CARTESIAN_POINT('Ctrl Pts',(-11.1202836353863,213.773204440111,21.5153873096001));
#1136=CARTESIAN_POINT('Ctrl Pts',(-7.82646447148803,213.818718743589,21.6316120062903));
#1137=CARTESIAN_POINT('Ctrl Pts',(-5.09294611513149,215.314383230148,21.7415499167184));
#1138=CARTESIAN_POINT('Ctrl Pts',(-3.92807176784743,216.940563202643,21.8127462615832));
#1139=CARTESIAN_POINT('Ctrl Pts',(-3.56416861600915,217.755899031629,21.8452010408846));
#1140=CARTESIAN_POINT('Origin',(-9.5650092758881,220.4275,13.299460232683));
#1141=CARTESIAN_POINT('',(-3.56391725262788,217.755646224535,18.549460232683));
#1142=CARTESIAN_POINT('',(-3.56396958008112,217.75563633636,18.8452010408845));
#1143=CARTESIAN_POINT('',(-3.56443161463555,217.755870696789,13.299460232683));
#1144=CARTESIAN_POINT('Ctrl Pts',(-3.56391735393193,217.755646268745,18.549460232683));
#1145=CARTESIAN_POINT('Ctrl Pts',(-3.56227081436195,217.759344077436,18.5496073897654));
#1146=CARTESIAN_POINT('Ctrl Pts',(-3.12153595606019,218.751667573268,18.5890810717233));
#1147=CARTESIAN_POINT('Ctrl Pts',(-2.74348436257207,220.954908938754,18.6678812785564));
#1148=CARTESIAN_POINT('Ctrl Pts',(-3.80982418494988,224.127392822911,18.7858608531825));
#1149=CARTESIAN_POINT('Ctrl Pts',(-6.25335221167211,226.414510090258,18.9038404278085));
#1150=CARTESIAN_POINT('Ctrl Pts',(-9.489343899152,227.268964542234,19.0218200024345));
#1151=CARTESIAN_POINT('Ctrl Pts',(-12.7434419485827,226.486289324363,19.1397995770606));
#1152=CARTESIAN_POINT('Ctrl Pts',(-15.2369562955091,224.253774864471,19.2577791516866));
#1153=CARTESIAN_POINT('Ctrl Pts',(-16.3732009095786,221.105651171068,19.3757587263126));
#1154=CARTESIAN_POINT('Ctrl Pts',(-15.880277901323,217.795249153202,19.4937383009387));
#1155=CARTESIAN_POINT('Ctrl Pts',(-13.8761413837524,215.114732145066,19.6117178755647));
#1156=CARTESIAN_POINT('Ctrl Pts',(-10.8403716185305,213.705535017434,19.7296974501907));
#1157=CARTESIAN_POINT('Ctrl Pts',(-7.49941375826685,213.904871887846,19.8476770248167));
#1158=CARTESIAN_POINT('Ctrl Pts',(-4.92761446113623,215.495082232905,19.9542646189809));
#1159=CARTESIAN_POINT('Ctrl Pts',(-3.87779305348027,217.054179341865,20.0215256882696));
#1160=CARTESIAN_POINT('Ctrl Pts',(-3.56452408239256,217.756081946277,20.049460232683));
#1161=CARTESIAN_POINT('Ctrl Pts',(-3.56396958008112,217.75563633636,18.8452010408846));
#1162=CARTESIAN_POINT('Ctrl Pts',(-3.14186139794657,218.704304144023,18.8829486880619));
#1163=CARTESIAN_POINT('Ctrl Pts',(-2.75018358780723,220.833301648631,18.9594379008026));
#1164=CARTESIAN_POINT('Ctrl Pts',(-3.71188510416275,223.954462597221,19.0746686791068));
#1165=CARTESIAN_POINT('Ctrl Pts',(-6.04196961302049,226.282986253565,19.1908933757969));
#1166=CARTESIAN_POINT('Ctrl Pts',(-9.19070129027093,227.250873158764,19.3071180724871));
#1167=CARTESIAN_POINT('Ctrl Pts',(-12.4264107486011,226.633215860704,19.4233427691772));
#1168=CARTESIAN_POINT('Ctrl Pts',(-14.9972176121747,224.573539112576,19.5395674658674));
#1169=CARTESIAN_POINT('Ctrl Pts',(-16.3057446270451,221.550449089449,19.6557921625576));
#1170=CARTESIAN_POINT('Ctrl Pts',(-16.0479299494642,218.266419883033,19.7720168592477));
#1171=CARTESIAN_POINT('Ctrl Pts',(-14.2836818620427,215.484559907656,19.8882415559379));
#1172=CARTESIAN_POINT('Ctrl Pts',(-11.4229579126142,213.851288735517,20.004466252628));
#1173=CARTESIAN_POINT('Ctrl Pts',(-8.13050326014939,213.746128866569,20.1206909493182));
#1174=CARTESIAN_POINT('Ctrl Pts',(-5.23876321735504,215.160559272222,20.2342692120704));
#1175=CARTESIAN_POINT('Ctrl Pts',(-3.96832625236726,216.848898864558,20.3091059092592));
#1176=CARTESIAN_POINT('Ctrl Pts',(-3.56398192904147,217.75574404474,20.3452010408845));
#1177=CARTESIAN_POINT('Origin',(-9.5650092758881,220.4275,13.299460232683));
#1178=CARTESIAN_POINT('',(-3.56463073607724,217.755786681791,17.049460232683));
#1179=CARTESIAN_POINT('',(-3.56415720909655,217.755629962851,17.3452010408845));
#1180=CARTESIAN_POINT('',(-3.56443161463555,217.755870696789,13.299460232683));
#1181=CARTESIAN_POINT('Ctrl Pts',(-3.56463073607724,217.755786681791,17.049460232683));
#1182=CARTESIAN_POINT('Ctrl Pts',(-3.24936161367669,218.465654975064,17.0776890912613));
#1183=CARTESIAN_POINT('Ctrl Pts',(-2.79447339475228,220.298500119169,17.145244474715));
#1184=CARTESIAN_POINT('Ctrl Pts',(-3.34610613110237,223.279973181091,17.2521263830441));
#1185=CARTESIAN_POINT('Ctrl Pts',(-5.44316849611986,225.888433268192,17.3701059576701));
#1186=CARTESIAN_POINT('Ctrl Pts',(-8.52656792993956,227.190117944905,17.4880855322961));
#1187=CARTESIAN_POINT('Ctrl Pts',(-11.8584612491153,226.873540681111,17.6060651069221));
#1188=CARTESIAN_POINT('Ctrl Pts',(-14.6415425740845,225.014456728139,17.7240446815482));
#1189=CARTESIAN_POINT('Ctrl Pts',(-16.2098337838443,222.057736042643,17.8420242561742));
#1190=CARTESIAN_POINT('Ctrl Pts',(-16.1880503558985,218.710907675511,17.9600038308002));
#1191=CARTESIAN_POINT('Ctrl Pts',(-14.5814049389181,215.774851628178,18.0779834054263));
#1192=CARTESIAN_POINT('Ctrl Pts',(-11.7743600893325,213.952152031001,18.1959629800523));
#1193=CARTESIAN_POINT('Ctrl Pts',(-8.43862817938849,213.678972163789,18.3139425546783));
#1194=CARTESIAN_POINT('Ctrl Pts',(-5.37625836136969,215.019009128988,18.4317749722219));
#1195=CARTESIAN_POINT('Ctrl Pts',(-4.00229502704472,216.771134994636,18.5102808648901));
#1196=CARTESIAN_POINT('Ctrl Pts',(-3.56391735393193,217.755646268745,18.549460232683));
#1197=CARTESIAN_POINT('Ctrl Pts',(-3.56415720909655,217.755629962851,17.3452010408845));
#1198=CARTESIAN_POINT('Ctrl Pts',(-3.18320908476964,218.613087110148,17.3793083357379));
#1199=CARTESIAN_POINT('Ctrl Pts',(-2.76459670107647,220.62112413582,17.4521571961546));
#1200=CARTESIAN_POINT('Ctrl Pts',(-3.55672022577387,223.683109071543,17.5637476221347));
#1201=CARTESIAN_POINT('Ctrl Pts',(-5.77788354588512,226.115751615003,17.6799723188248));
#1202=CARTESIAN_POINT('Ctrl Pts',(-8.87905959626299,227.226617646358,17.796197015515));
#1203=CARTESIAN_POINT('Ctrl Pts',(-12.1396294706791,226.757575717128,17.9124217122051));
#1204=CARTESIAN_POINT('Ctrl Pts',(-14.8019359889015,224.817616892999,18.0286464088953));
#1205=CARTESIAN_POINT('Ctrl Pts',(-16.2473401629298,221.857528547974,18.1448711055855));
#1206=CARTESIAN_POINT('Ctrl Pts',(-16.1399740639706,218.56514510169,18.2610958022756));
#1207=CARTESIAN_POINT('Ctrl Pts',(-14.5047863050048,215.705516239496,18.3773204989658));
#1208=CARTESIAN_POINT('Ctrl Pts',(-11.7217447423976,213.94313265543,18.493545195656));
#1209=CARTESIAN_POINT('Ctrl Pts',(-8.43754351325929,213.687518643503,18.6097698923461));
#1210=CARTESIAN_POINT('Ctrl Pts',(-5.41533100475864,214.998071118621,18.7259945890363));
#1211=CARTESIAN_POINT('Ctrl Pts',(-4.02576293994421,216.734858653203,18.8044716385491));
#1212=CARTESIAN_POINT('Ctrl Pts',(-3.57508394387575,217.730657339077,18.8442071224985));
#1213=CARTESIAN_POINT('Ctrl Pts',(-3.56396958008112,217.75563633636,18.8452010408846));
#1214=CARTESIAN_POINT('Origin',(-9.5650092758881,220.4275,25.0723306367838));
#1215=CARTESIAN_POINT('',(-3.69547971053439,217.814217068238,25.0723306367838));
#1216=CARTESIAN_POINT('Origin',(-9.5650092758881,220.4275,25.0723306367838));
#1217=CARTESIAN_POINT('',(-3.69547971053439,217.814217068238,15.0723306367838));
#1218=CARTESIAN_POINT('',(-3.69547971053439,217.814217068238,25.0723306367838));
#1219=CARTESIAN_POINT('Origin',(-9.5650092758881,220.4275,15.0723306367838));
#1220=CARTESIAN_POINT('Origin',(-9.5650092758881,220.4275,15.0723306367838));
#1221=CARTESIAN_POINT('Origin',(-9.5650092758881,220.4275,16.8623306367838));
#1222=CARTESIAN_POINT('',(-18.7800092758881,220.4275,15.0723306367838));
#1223=CARTESIAN_POINT('Origin',(-9.5650092758881,220.4275,15.0723306367838));
#1224=CARTESIAN_POINT('',(-17.1737714354672,220.4275,16.0723306367837));
#1225=CARTESIAN_POINT('Origin',(-18.7800092758881,220.4275,16.8623306367838));
#1226=CARTESIAN_POINT('',(-12.6158881179629,213.457177203169,16.0723306367837));
#1227=CARTESIAN_POINT('Origin',(-9.5650092758881,220.4275,16.0723306367837));
#1228=CARTESIAN_POINT('Ctrl Pts',(-12.61588811796,213.45717720318,16.0723306367837));
#1229=CARTESIAN_POINT('Ctrl Pts',(-12.4300327020452,213.378476960456,16.0772624163025));
#1230=CARTESIAN_POINT('Ctrl Pts',(-12.2411048155125,213.307335315125,16.0822066054888));
#1231=CARTESIAN_POINT('Ctrl Pts',(-12.0495838507921,213.243797203804,16.087167297018));
#1232=CARTESIAN_POINT('Ctrl Pts',(-11.8528095878439,213.178516282508,16.09226405716));
#1233=CARTESIAN_POINT('Ctrl Pts',(-11.6532973532675,213.121261371644,16.0973782373583));
#1234=CARTESIAN_POINT('Ctrl Pts',(-11.4515532698704,213.072136503527,16.1025142763884));
#1235=CARTESIAN_POINT('Ctrl Pts',(-11.2498091864733,213.023011635409,16.1076503154185));
#1236=CARTESIAN_POINT('Ctrl Pts',(-11.0458324713611,212.982016669857,16.1128082132806));
#1237=CARTESIAN_POINT('Ctrl Pts',(-10.8401268834886,212.949313642125,16.1179924087502));
#1238=CARTESIAN_POINT('Ctrl Pts',(-10.6398875299902,212.917479635094,16.123038844095));
#1239=CARTESIAN_POINT('Ctrl Pts',(-10.4387884444603,212.893626914597,16.1280905215042));
#1240=CARTESIAN_POINT('Ctrl Pts',(-10.2373154183212,212.877772050239,16.1331515617552));
#1241=CARTESIAN_POINT('Ctrl Pts',(-10.0318001364462,212.861599081679,16.1383141442293));
#1242=CARTESIAN_POINT('Ctrl Pts',(-9.82589505876396,212.853747850656,16.1434864690171));
#1243=CARTESIAN_POINT('Ctrl Pts',(-9.62010392136465,212.854290212908,16.1486729099371));
#1244=CARTESIAN_POINT('Ctrl Pts',(-9.41431278396533,212.854832575159,16.1538593508571));
#1245=CARTESIAN_POINT('Ctrl Pts',(-9.20863483454261,212.863768422807,16.1590599079093));
#1246=CARTESIAN_POINT('Ctrl Pts',(-9.00357307744333,212.881225916063,16.1642789549125));
#1247=CARTESIAN_POINT('Ctrl Pts',(-8.80219234368477,212.898370033286,16.1694043158277));
#1248=CARTESIAN_POINT('Ctrl Pts',(-8.60140522336489,212.923733018543,16.1745475088328));
#1249=CARTESIAN_POINT('Ctrl Pts',(-8.40167947881727,212.957172854176,16.1797126764088));
#1250=CARTESIAN_POINT('Ctrl Pts',(-8.23931731155547,212.984356952043,16.1839115732701));
#1251=CARTESIAN_POINT('Ctrl Pts',(-8.07765657815334,213.016879631431,16.1881249919827));
#1252=CARTESIAN_POINT('Ctrl Pts',(-7.91695790552031,213.054688214161,16.1923551579711));
#1253=CARTESIAN_POINT('Ctrl Pts',(-7.72161873161494,213.100646884484,16.1974971863159));
#1254=CARTESIAN_POINT('Ctrl Pts',(-7.52845250514303,213.154237573149,16.2026442064554));
#1255=CARTESIAN_POINT('Ctrl Pts',(-7.33789318277079,213.2152324258,16.207800373487));
#1256=CARTESIAN_POINT('Ctrl Pts',(-7.14538864408267,213.276849909667,16.2130091743131));
#1257=CARTESIAN_POINT('Ctrl Pts',(-6.95554383220886,213.346023653921,16.2182273097261));
#1258=CARTESIAN_POINT('Ctrl Pts',(-6.76881478982275,213.422570847255,16.2234590633716));
#1259=CARTESIAN_POINT('Ctrl Pts',(-6.58253107112399,213.498935485814,16.2286783399872));
#1260=CARTESIAN_POINT('Ctrl Pts',(-6.39934762647364,213.582638701315,16.2339111699574));
#1261=CARTESIAN_POINT('Ctrl Pts',(-6.21973573257562,213.673547264779,16.2391618063531));
#1262=CARTESIAN_POINT('Ctrl Pts',(-6.04252263841661,213.763241702422,16.2443423180764));
#1263=CARTESIAN_POINT('Ctrl Pts',(-5.86878576166195,213.859950620067,16.2495401637751));
#1264=CARTESIAN_POINT('Ctrl Pts',(-5.69900476718207,213.963588800884,16.2547594283807));
#1265=CARTESIAN_POINT('Ctrl Pts',(-5.65168637658066,213.992473022797,16.2562140505663));
#1266=CARTESIAN_POINT('Ctrl Pts',(-5.60467545092077,214.021895719016,16.2576703364674));
#1267=CARTESIAN_POINT('Ctrl Pts',(-5.55798284741213,214.051855599028,16.2591283745158));
#1268=CARTESIAN_POINT('Ctrl Pts',(-5.45702657980874,214.116633260509,16.2622808669519));
#1269=CARTESIAN_POINT('Ctrl Pts',(-5.35755810674536,214.183921930472,16.2654415504645));
#1270=CARTESIAN_POINT('Ctrl Pts',(-5.25965486667371,214.253655438836,16.2686113189001));
#1271=CARTESIAN_POINT('Ctrl Pts',(-5.09765416816627,214.369043622679,16.2738563414376));
#1272=CARTESIAN_POINT('Ctrl Pts',(-4.94055759093413,214.49068179932,16.2791061878616));
#1273=CARTESIAN_POINT('Ctrl Pts',(-4.78863029598542,214.618156367943,16.2843650634177));
#1274=CARTESIAN_POINT('Ctrl Pts',(-4.63433770289512,214.747615539533,16.2897058124027));
#1275=CARTESIAN_POINT('Ctrl Pts',(-4.4853760707504,214.883094653107,16.2950558738505));
#1276=CARTESIAN_POINT('Ctrl Pts',(-4.34205129030688,215.024206193988,16.30041965249));
#1277=CARTESIAN_POINT('Ctrl Pts',(-4.19868569898918,215.165357915537,16.3057849584334));
#1278=CARTESIAN_POINT('Ctrl Pts',(-4.06095969267755,215.3121457904,16.3111639893814));
#1279=CARTESIAN_POINT('Ctrl Pts',(-3.92921488073318,215.46422020288,16.3165611538267));
#1280=CARTESIAN_POINT('Ctrl Pts',(-3.79911192285475,215.614399406063,16.3218910567513));
#1281=CARTESIAN_POINT('Ctrl Pts',(-3.67484162903997,215.769734751708,16.3272386440163));
#1282=CARTESIAN_POINT('Ctrl Pts',(-3.556773808425,215.929918768631,16.332608161339));
#1283=CARTESIAN_POINT('Ctrl Pts',(-3.45308114804784,216.070599834633,16.3373239215964));
#1284=CARTESIAN_POINT('Ctrl Pts',(-3.35417295543857,216.215021392325,16.3420565968815));
#1285=CARTESIAN_POINT('Ctrl Pts',(-3.2603298176246,216.362989241873,16.3468090632712));
#1286=CARTESIAN_POINT('Ctrl Pts',(-3.19361559303493,216.468181380336,16.3501876492547));
#1287=CARTESIAN_POINT('Ctrl Pts',(-3.12962229276348,216.574913162631,16.3535681212636));
#1288=CARTESIAN_POINT('Ctrl Pts',(-3.06842039492917,216.683095855501,16.356951551442));
#1289=CARTESIAN_POINT('Ctrl Pts',(-2.97077141184751,216.855703737275,16.3623498892052));
#1290=CARTESIAN_POINT('Ctrl Pts',(-2.88022609260618,217.032003745777,16.3677557575539));
#1291=CARTESIAN_POINT('Ctrl Pts',(-2.79684062763622,217.211509927812,16.3731735112236));
#1292=CARTESIAN_POINT('Ctrl Pts',(-2.71228523417592,217.393534647061,16.3786672779535));
#1293=CARTESIAN_POINT('Ctrl Pts',(-2.63509173648928,217.578856751312,16.3841732658548));
#1294=CARTESIAN_POINT('Ctrl Pts',(-2.56536513506372,217.766995640209,16.3896960155422));
#1295=CARTESIAN_POINT('Ctrl Pts',(-2.49562751425028,217.955164262025,16.3952196380289));
#1296=CARTESIAN_POINT('Ctrl Pts',(-2.43335896059505,218.146151237592,16.4007600276));
#1297=CARTESIAN_POINT('Ctrl Pts',(-2.37871399774741,218.339491830338,16.4063217270235));
#1298=CARTESIAN_POINT('Ctrl Pts',(-2.32463076888576,218.530844939222,16.411826253829));
#1299=CARTESIAN_POINT('Ctrl Pts',(-2.27801509166711,218.724504189584,16.4173516546209));
#1300=CARTESIAN_POINT('Ctrl Pts',(-2.23906731178862,218.920024766094,16.4229023335071));
#1301=CARTESIAN_POINT('Ctrl Pts',(-2.22946493148885,218.968229386176,16.4242708256203));
#1302=CARTESIAN_POINT('Ctrl Pts',(-2.22032888716581,219.01654714678,16.4256408542481));
#1303=CARTESIAN_POINT('Ctrl Pts',(-2.21166267238674,219.06497136481,16.4270124853911));
#1304=CARTESIAN_POINT('Ctrl Pts',(-2.17622657333566,219.262977695179,16.4326210767176));
#1305=CARTESIAN_POINT('Ctrl Pts',(-2.14877996181879,219.461992402432,16.4382346463407));
#1306=CARTESIAN_POINT('Ctrl Pts',(-2.12940676890103,219.66153743801,16.443857873262));
#1307=CARTESIAN_POINT('Ctrl Pts',(-2.11335319016101,219.826890250757,16.4485175551501));
#1308=CARTESIAN_POINT('Ctrl Pts',(-2.10284411527332,219.992607816213,16.453183868312));
#1309=CARTESIAN_POINT('Ctrl Pts',(-2.09795351428534,220.158425049212,16.4578594750977));
#1310=CARTESIAN_POINT('Ctrl Pts',(-2.09206233181533,220.358167285119,16.4634916771113));
#1311=CARTESIAN_POINT('Ctrl Pts',(-2.09432235121388,220.558054560405,16.4691373645791));
#1312=CARTESIAN_POINT('Ctrl Pts',(-2.10459726204678,220.757615733332,16.4748011910671));
#1313=CARTESIAN_POINT('Ctrl Pts',(-2.11495108941065,220.958709637367,16.4805085186177));
#1314=CARTESIAN_POINT('Ctrl Pts',(-2.13344348027414,221.159473118884,16.4862342648923));
#1315=CARTESIAN_POINT('Ctrl Pts',(-2.15998782944992,221.359418033989,16.4919831915079));
#1316=CARTESIAN_POINT('Ctrl Pts',(-2.1865321786257,221.559362949093,16.4977321181236));
#1317=CARTESIAN_POINT('Ctrl Pts',(-2.22112862360948,221.758490013688,16.5035042250803));
#1318=CARTESIAN_POINT('Ctrl Pts',(-2.26374147267792,221.956294345604,16.5093042739951));
#1319=CARTESIAN_POINT('Ctrl Pts',(-2.30594284993857,222.15218866897,16.5150483173467));
#1320=CARTESIAN_POINT('Ctrl Pts',(-2.35584237001295,222.346023214481,16.5207974549544));
#1321=CARTESIAN_POINT('Ctrl Pts',(-2.4132741676698,222.537336976219,16.5265564814914));
#1322=CARTESIAN_POINT('Ctrl Pts',(-2.47191863647869,222.732690323854,16.5324371097478));
#1323=CARTESIAN_POINT('Ctrl Pts',(-2.53841682032729,222.925416066708,16.5383280489514));
#1324=CARTESIAN_POINT('Ctrl Pts',(-2.61264732602974,223.115015844792,16.5442344039519));
#1325=CARTESIAN_POINT('Ctrl Pts',(-2.6868778317322,223.304615622877,16.5501407589524));
#1326=CARTESIAN_POINT('Ctrl Pts',(-2.76884082975368,223.491090187016,16.5560625297497));
#1327=CARTESIAN_POINT('Ctrl Pts',(-2.85846803986805,223.67392237062,16.5620048211934));
#1328=CARTESIAN_POINT('Ctrl Pts',(-2.94644346610088,223.853385050103,16.5678375992292));
#1329=CARTESIAN_POINT('Ctrl Pts',(-3.04180381890631,224.029338837282,16.573690148511));
#1330=CARTESIAN_POINT('Ctrl Pts',(-3.14424672423916,224.20140465499,16.5795672968186));
#1331=CARTESIAN_POINT('Ctrl Pts',(-3.22658924097769,224.339709327517,16.5842912860624));
#1332=CARTESIAN_POINT('Ctrl Pts',(-3.31350858338509,224.475501671289,16.589031168179));
#1333=CARTESIAN_POINT('Ctrl Pts',(-3.40486592998024,224.608568546603,16.5937894502832));
#1334=CARTESIAN_POINT('Ctrl Pts',(-3.51727431796137,224.77229739278,16.5996441608328));
#1335=CARTESIAN_POINT('Ctrl Pts',(-3.63596593543843,224.931268231397,16.605504139842));
#1336=CARTESIAN_POINT('Ctrl Pts',(-3.76056971661378,225.085162950663,16.6113742295511));
#1337=CARTESIAN_POINT('Ctrl Pts',(-3.88653385271145,225.240737807057,16.6173084056414));
#1338=CARTESIAN_POINT('Ctrl Pts',(-4.01854033257718,225.391125672925,16.6232529144028));
#1339=CARTESIAN_POINT('Ctrl Pts',(-4.15625176176912,225.53597173685,16.6292127584079));
#1340=CARTESIAN_POINT('Ctrl Pts',(-4.2936975177903,225.680538363452,16.6351611046697));
#1341=CARTESIAN_POINT('Ctrl Pts',(-4.43682670085745,225.819585071903,16.6411247270627));
#1342=CARTESIAN_POINT('Ctrl Pts',(-4.58534284031309,225.952725046759,16.6471085992626));
#1343=CARTESIAN_POINT('Ctrl Pts',(-4.73195663269966,226.084159628236,16.6530158238888));
#1344=CARTESIAN_POINT('Ctrl Pts',(-4.88382075364382,226.209838257272,16.6589427828836));
#1345=CARTESIAN_POINT('Ctrl Pts',(-5.04068077851619,226.329348607999,16.6648942612365));
#1346=CARTESIAN_POINT('Ctrl Pts',(-5.08188111682762,226.360738803721,16.6664574569698));
#1347=CARTESIAN_POINT('Ctrl Pts',(-5.12342626017864,226.391703221952,16.6680223442579));
#1348=CARTESIAN_POINT('Ctrl Pts',(-5.16531189265447,226.422233865565,16.6695890098064));
#1349=CARTESIAN_POINT('Ctrl Pts',(-5.26317617464375,226.493567622256,16.6732494678194));
#1350=CARTESIAN_POINT('Ctrl Pts',(-5.36289905499805,226.562533817294,16.6769196334715));
#1351=CARTESIAN_POINT('Ctrl Pts',(-5.46438576641261,226.629082466586,16.6806006126833));
#1352=CARTESIAN_POINT('Ctrl Pts',(-5.62927045755326,226.737203552898,16.6865810717205));
#1353=CARTESIAN_POINT('Ctrl Pts',(-5.7981759408064,226.838530153197,16.6925671226045));
#1354=CARTESIAN_POINT('Ctrl Pts',(-5.97061975458338,226.932967685798,16.6985636860506));
#1355=CARTESIAN_POINT('Ctrl Pts',(-6.14585627282148,227.028934621587,16.7046573630383));
#1356=CARTESIAN_POINT('Ctrl Pts',(-6.32474721713232,227.117787903593,16.7107618958442));
#1357=CARTESIAN_POINT('Ctrl Pts',(-6.50681954671096,227.199386021558,16.7168824481472));
#1358=CARTESIAN_POINT('Ctrl Pts',(-6.6890162936259,227.281039898794,16.7230071828695));
#1359=CARTESIAN_POINT('Ctrl Pts',(-6.87439942764715,227.355428959205,16.7291479589899));
#1360=CARTESIAN_POINT('Ctrl Pts',(-7.06251865944423,227.422364891145,16.73530995078));
#1361=CARTESIAN_POINT('Ctrl Pts',(-7.24838403184896,227.48849886266,16.7413981156523));
#1362=CARTESIAN_POINT('Ctrl Pts',(-7.43692098325288,227.547357393583,16.7475069908692));
#1363=CARTESIAN_POINT('Ctrl Pts',(-7.6277086145945,227.598710418088,16.7536415669427));
#1364=CARTESIAN_POINT('Ctrl Pts',(-7.79565759361156,227.643916116038,16.7590417901176));
#1365=CARTESIAN_POINT('Ctrl Pts',(-7.96535111918654,227.683305101714,16.7644619292825));
#1366=CARTESIAN_POINT('Ctrl Pts',(-8.13650490657524,227.716687078171,16.7699053887276));
#1367=CARTESIAN_POINT('Ctrl Pts',(-8.25140184463063,227.739096672138,16.7735596275979));
#1368=CARTESIAN_POINT('Ctrl Pts',(-8.36669461251025,227.75874730388,16.7772160375802));
#1369=CARTESIAN_POINT('Ctrl Pts',(-8.48229117640541,227.775611298045,16.780875688934));
#1370=CARTESIAN_POINT('Ctrl Pts',(-8.67710974133368,227.80403272366,16.7870434157319));
#1371=CARTESIAN_POINT('Ctrl Pts',(-8.87279057456795,227.824542039043,16.7932203491375));
#1372=CARTESIAN_POINT('Ctrl Pts',(-9.06886228007013,227.837267996487,16.7994116123979));
#1373=CARTESIAN_POINT('Ctrl Pts',(-9.26787256555839,227.850184681317,16.805695665805));
#1374=CARTESIAN_POINT('Ctrl Pts',(-9.46728619104464,227.855083008799,16.8119944818165));
#1375=CARTESIAN_POINT('Ctrl Pts',(-9.66661911962926,227.852044971541,16.8183134174997));
#1376=CARTESIAN_POINT('Ctrl Pts',(-9.86611039951706,227.849004520848,16.8246373729843));
#1377=CARTESIAN_POINT('Ctrl Pts',(-10.0655215547496,227.838015032911,16.8309814801196));
#1378=CARTESIAN_POINT('Ctrl Pts',(-10.2643658856755,227.819106603234,16.8373511087501));
#1379=CARTESIAN_POINT('Ctrl Pts',(-10.461294866535,227.8003803073,16.8436593825079));
#1380=CARTESIAN_POINT('Ctrl Pts',(-10.6576685544823,227.773886762515,16.8499926884619));
#1381=CARTESIAN_POINT('Ctrl Pts',(-10.853002553595,227.739605661334,16.8563562427727));
#1382=CARTESIAN_POINT('Ctrl Pts',(-10.9098223251977,227.729633795974,16.858207306613));
#1383=CARTESIAN_POINT('Ctrl Pts',(-10.9665540134092,227.719002676966,16.8600609298939));
#1384=CARTESIAN_POINT('Ctrl Pts',(-11.0231853845187,227.707711029498,16.861917241001));
#1385=CARTESIAN_POINT('Ctrl Pts',(-11.0273891704923,227.706872842672,16.8620550362626));
#1386=CARTESIAN_POINT('Ctrl Pts',(-11.0315920490856,227.706031086958,16.8621928348381));
#1387=CARTESIAN_POINT('Ctrl Pts',(-11.0357940157766,227.705185763561,16.8623306367838));
#1388=CARTESIAN_POINT('',(-12.703840276994,213.495775039141,16.0723306367753));
#1389=CARTESIAN_POINT('Ctrl Pts',(-4.76991606728759,226.097091811883,16.8623306367838));
#1390=CARTESIAN_POINT('Ctrl Pts',(-4.61972825544245,225.969857854195,16.856000864139));
#1391=CARTESIAN_POINT('Ctrl Pts',(-4.47489036353179,225.836857588041,16.8496638476052));
#1392=CARTESIAN_POINT('Ctrl Pts',(-4.33562985805095,225.698524501292,16.8433143218696));
#1393=CARTESIAN_POINT('Ctrl Pts',(-4.19408698645471,225.557924248063,16.8368607325853));
#1394=CARTESIAN_POINT('Ctrl Pts',(-4.0583053147134,225.411814510512,16.8303942207078));
#1395=CARTESIAN_POINT('Ctrl Pts',(-3.92855444336846,225.260606503791,16.8239092577755));
#1396=CARTESIAN_POINT('Ctrl Pts',(-3.7986224344276,225.109187404423,16.8174152415662));
#1397=CARTESIAN_POINT('Ctrl Pts',(-3.67473762814558,224.952655249726,16.8109027227492));
#1398=CARTESIAN_POINT('Ctrl Pts',(-3.55720842444066,224.791386782152,16.8043661496769));
#1399=CARTESIAN_POINT('Ctrl Pts',(-3.44080448991818,224.631662360067,16.7978921602349));
#1400=CARTESIAN_POINT('Ctrl Pts',(-3.33063467026828,224.467291317109,16.7913945749416));
#1401=CARTESIAN_POINT('Ctrl Pts',(-3.22704148606593,224.298612552643,16.7848680000882));
#1402=CARTESIAN_POINT('Ctrl Pts',(-3.17427841013141,224.212699463605,16.7815438222744));
#1403=CARTESIAN_POINT('Ctrl Pts',(-3.12322214665871,224.125668496286,16.778212124086));
#1404=CARTESIAN_POINT('Ctrl Pts',(-3.07392276872148,224.037562397406,16.77487219286));
#1405=CARTESIAN_POINT('Ctrl Pts',(-2.9800220532069,223.869746370668,16.7685106129574));
#1406=CARTESIAN_POINT('Ctrl Pts',(-2.89284633793737,223.698662571012,16.7621430903768));
#1407=CARTESIAN_POINT('Ctrl Pts',(-2.81262203623,223.524670565455,16.7557645119537));
#1408=CARTESIAN_POINT('Ctrl Pts',(-2.72969474413265,223.344816262452,16.7491710206449));
#1409=CARTESIAN_POINT('Ctrl Pts',(-2.65419431187401,223.161854256967,16.7425657159356));
#1410=CARTESIAN_POINT('Ctrl Pts',(-2.58612719497359,222.976281180282,16.7359429502198));
#1411=CARTESIAN_POINT('Ctrl Pts',(-2.5175341784018,222.789274330219,16.7292690157388));
#1412=CARTESIAN_POINT('Ctrl Pts',(-2.45648960156831,222.599615255067,16.7225773493948));
#1413=CARTESIAN_POINT('Ctrl Pts',(-2.40304799433556,222.407788414416,16.715862171664));
#1414=CARTESIAN_POINT('Ctrl Pts',(-2.34963466854912,222.21606308906,16.7091505476239));
#1415=CARTESIAN_POINT('Ctrl Pts',(-2.30381613629297,222.022171609107,16.7024154370751));
#1416=CARTESIAN_POINT('Ctrl Pts',(-2.26569678350975,221.826584083776,16.6956510696646));
#1417=CARTESIAN_POINT('Ctrl Pts',(-2.23060617718296,221.646536828178,16.6894241603255));
#1418=CARTESIAN_POINT('Ctrl Pts',(-2.20204033695979,221.465051785206,16.6831724585935));
#1419=CARTESIAN_POINT('Ctrl Pts',(-2.18011965984539,221.282492979547,16.6768914631637));
#1420=CARTESIAN_POINT('Ctrl Pts',(-2.1563071352964,221.084178574444,16.6700683911809));
#1421=CARTESIAN_POINT('Ctrl Pts',(-2.14042909275117,220.885373649055,16.663237443165));
#1422=CARTESIAN_POINT('Ctrl Pts',(-2.13250268777243,220.686560688141,16.6563925890288));
#1423=CARTESIAN_POINT('Ctrl Pts',(-2.12453912482457,220.486815717586,16.649515647095));
#1424=CARTESIAN_POINT('Ctrl Pts',(-2.12460177445791,220.28706195554,16.6426246683551));
#1425=CARTESIAN_POINT('Ctrl Pts',(-2.13275840854138,220.087774752478,16.635713537519));
#1426=CARTESIAN_POINT('Ctrl Pts',(-2.13463166750627,220.042006297512,16.6341263218042));
#1427=CARTESIAN_POINT('Ctrl Pts',(-2.13693205056848,219.996262417303,16.6325380431859));
#1428=CARTESIAN_POINT('Ctrl Pts',(-2.13966076484928,219.950548825151,16.6309486275878));
#1429=CARTESIAN_POINT('Ctrl Pts',(-2.15149902110974,219.752224939686,16.6240531056613));
#1430=CARTESIAN_POINT('Ctrl Pts',(-2.17139505089912,219.554470883621,16.6171361838196));
#1431=CARTESIAN_POINT('Ctrl Pts',(-2.19916521392457,219.35773367051,16.6101918132991));
#1432=CARTESIAN_POINT('Ctrl Pts',(-2.2270345838689,219.160293627793,16.6032226345122));
#1433=CARTESIAN_POINT('Ctrl Pts',(-2.26283461269764,218.963877036841,16.5962258105794));
#1434=CARTESIAN_POINT('Ctrl Pts',(-2.30643119005073,218.768944544982,16.5891952276788));
#1435=CARTESIAN_POINT('Ctrl Pts',(-2.33523368099955,218.64016055153,16.5845504066251));
#1436=CARTESIAN_POINT('Ctrl Pts',(-2.36744018975415,218.51202452165,16.5798908507639));
#1437=CARTESIAN_POINT('Ctrl Pts',(-2.40302378112319,218.384673566776,16.575214797122));
#1438=CARTESIAN_POINT('Ctrl Pts',(-2.45675132776261,218.192386782212,16.5681544392304));
#1439=CARTESIAN_POINT('Ctrl Pts',(-2.51796514728696,218.002642655989,16.5610841366177));
#1440=CARTESIAN_POINT('Ctrl Pts',(-2.58643369663152,217.815873723841,16.5539974827554));
#1441=CARTESIAN_POINT('Ctrl Pts',(-2.65531453402666,217.6279801498,16.5468681561225));
#1442=CARTESIAN_POINT('Ctrl Pts',(-2.7315379051175,217.443097041561,16.5397222807268));
#1443=CARTESIAN_POINT('Ctrl Pts',(-2.81492066956604,217.26167066027,16.5325533336097));
#1444=CARTESIAN_POINT('Ctrl Pts',(-2.89808925814335,217.080710288394,16.5254028005558));
#1445=CARTESIAN_POINT('Ctrl Pts',(-2.9883807370802,216.903188255599,16.5182293141516));
#1446=CARTESIAN_POINT('Ctrl Pts',(-3.08566244474549,216.729563094085,16.511026401574));
#1447=CARTESIAN_POINT('Ctrl Pts',(-3.13394622668126,216.643387803393,16.5074513835305));
#1448=CARTESIAN_POINT('Ctrl Pts',(-3.18395274105257,216.55817278385,16.5038691165558));
#1449=CARTESIAN_POINT('Ctrl Pts',(-3.23567001589896,216.473976301523,16.5002788092352));
#1450=CARTESIAN_POINT('Ctrl Pts',(-3.34012233991284,216.30392638534,16.4930275388489));
#1451=CARTESIAN_POINT('Ctrl Pts',(-3.45155058155065,216.138029038792,16.4857434710429));
#1452=CARTESIAN_POINT('Ctrl Pts',(-3.56961862664492,215.97661931067,16.4784200857591));
#1453=CARTESIAN_POINT('Ctrl Pts',(-3.61892070130465,215.9092189022,16.4753620348891));
#1454=CARTESIAN_POINT('Ctrl Pts',(-3.66938102273713,215.842601390322,16.4722971283271));
#1455=CARTESIAN_POINT('Ctrl Pts',(-3.72097705844455,215.776793033526,16.4692248913396));
#1456=CARTESIAN_POINT('Ctrl Pts',(-3.84291170438703,215.621271033127,16.461964408549));
#1457=CARTESIAN_POINT('Ctrl Pts',(-3.97071273496559,215.470870529779,16.4546912450618));
#1458=CARTESIAN_POINT('Ctrl Pts',(-4.10396702610228,215.325846627249,16.4473986730521));
#1459=CARTESIAN_POINT('Ctrl Pts',(-4.23945389082673,215.178392960307,16.4399839195837));
#1460=CARTESIAN_POINT('Ctrl Pts',(-4.38057864199885,215.036497026725,16.4325491017947));
#1461=CARTESIAN_POINT('Ctrl Pts',(-4.52695442707436,214.900452465269,16.4250871480032));
#1462=CARTESIAN_POINT('Ctrl Pts',(-4.67354346916819,214.764209698504,16.4176143227821));
#1463=CARTESIAN_POINT('Ctrl Pts',(-4.82539934151522,214.63383487005,16.4101142824312));
#1464=CARTESIAN_POINT('Ctrl Pts',(-4.98217402917743,214.509655985606,16.4025799243146));
#1465=CARTESIAN_POINT('Ctrl Pts',(-5.13734915761559,214.38674408809,16.3951224386333));
#1466=CARTESIAN_POINT('Ctrl Pts',(-5.29734376429341,214.269901930346,16.3876313318966));
#1467=CARTESIAN_POINT('Ctrl Pts',(-5.46185244140705,214.159486650212,16.380099716661));
#1468=CARTESIAN_POINT('Ctrl Pts',(-5.58900058666573,214.074147090478,16.3742785592314));
#1469=CARTESIAN_POINT('Ctrl Pts',(-5.7188459966867,213.992647456677,16.3684332032939));
#1470=CARTESIAN_POINT('Ctrl Pts',(-5.85125808524886,213.915171318682,16.3625604688882));
#1471=CARTESIAN_POINT('Ctrl Pts',(-5.88528449770295,213.895261995784,16.3610513311252));
#1472=CARTESIAN_POINT('Ctrl Pts',(-5.91948044261989,213.875618457369,16.3595403854131));
#1473=CARTESIAN_POINT('Ctrl Pts',(-5.95384257927081,213.856241899976,16.3580275777901));
#1474=CARTESIAN_POINT('Ctrl Pts',(-6.12471081182555,213.75989055406,16.350505031466));
#1475=CARTESIAN_POINT('Ctrl Pts',(-6.2990248358281,213.670510487354,16.3429656943062));
#1476=CARTESIAN_POINT('Ctrl Pts',(-6.47629974277473,213.58811534746,16.3354022276869));
#1477=CARTESIAN_POINT('Ctrl Pts',(-6.65877548220913,213.50330292625,16.3276168665897));
#1478=CARTESIAN_POINT('Ctrl Pts',(-6.84438886363344,213.425890898618,16.3198059394605));
#1479=CARTESIAN_POINT('Ctrl Pts',(-7.03264674033127,213.355937374452,16.3119614426468));
#1480=CARTESIAN_POINT('Ctrl Pts',(-7.22050112539085,213.286133781129,16.3041337588818));
#1481=CARTESIAN_POINT('Ctrl Pts',(-7.41098935245345,213.223756569332,16.2962726491774));
#1482=CARTESIAN_POINT('Ctrl Pts',(-7.6036474824548,213.168909899494,16.2883701612331));
#1483=CARTESIAN_POINT('Ctrl Pts',(-7.79692632682866,213.113886522262,16.2804422127082));
#1484=CARTESIAN_POINT('Ctrl Pts',(-7.99238973206914,213.066442045049,16.2724726188855));
#1485=CARTESIAN_POINT('Ctrl Pts',(-8.18958559886204,213.026731694808,16.2644533503535));
#1486=CARTESIAN_POINT('Ctrl Pts',(-8.38678146565492,212.987021344568,16.2564340818216));
#1487=CARTESIAN_POINT('Ctrl Pts',(-8.58571046246147,212.955044884801,16.2483651385804));
#1488=CARTESIAN_POINT('Ctrl Pts',(-8.78592686964842,212.931011088465,16.2402384912184));
#1489=CARTESIAN_POINT('Ctrl Pts',(-8.98473801247284,212.907145978791,16.2321688825781));
#1490=CARTESIAN_POINT('Ctrl Pts',(-9.18402600136161,212.891208714748,16.2240748480152));
#1491=CARTESIAN_POINT('Ctrl Pts',(-9.38333590051523,212.883262503183,16.2159471933022));
#1492=CARTESIAN_POINT('Ctrl Pts',(-9.58793804733781,212.875105296982,16.2076037261189));
#1493=CARTESIAN_POINT('Ctrl Pts',(-9.79256389470757,212.875368315262,16.1992248296593));
#1494=CARTESIAN_POINT('Ctrl Pts',(-9.99673145896524,212.883839856577,16.1908005576777));
#1495=CARTESIAN_POINT('Ctrl Pts',(-10.1966049567792,212.892133223845,16.1825534655717));
#1496=CARTESIAN_POINT('Ctrl Pts',(-10.3960399493408,212.90829377785,16.1742628865542));
#1497=CARTESIAN_POINT('Ctrl Pts',(-10.5945913605566,212.932176918302,16.1659194888433));
#1498=CARTESIAN_POINT('Ctrl Pts',(-10.7995412660319,212.956829714009,16.157307217786));
#1499=CARTESIAN_POINT('Ctrl Pts',(-11.0035504782679,212.989710666624,16.1486386689248));
#1500=CARTESIAN_POINT('Ctrl Pts',(-11.2061261800458,213.030718561261,16.1399035789174));
#1501=CARTESIAN_POINT('Ctrl Pts',(-11.4087018818236,213.071726455898,16.13116848891));
#1502=CARTESIAN_POINT('Ctrl Pts',(-11.6098448584121,213.120861398659,16.1223668577563));
#1503=CARTESIAN_POINT('Ctrl Pts',(-11.809047364687,213.178079213492,16.1134884221141));
#1504=CARTESIAN_POINT('Ctrl Pts',(-12.0021788618734,213.233553225597,16.1048805707355));
#1505=CARTESIAN_POINT('Ctrl Pts',(-12.1927065290661,213.296398674291,16.0962336580947));
#1506=CARTESIAN_POINT('Ctrl Pts',(-12.3802054968179,213.36644003545,16.0875378020087));
#1507=CARTESIAN_POINT('Ctrl Pts',(-12.4891337299753,213.407130828635,16.0824859115871));
#1508=CARTESIAN_POINT('Ctrl Pts',(-12.5970398360181,213.450251284159,16.0774175023961));
#1509=CARTESIAN_POINT('Ctrl Pts',(-12.703840276994,213.495775039141,16.0723306367753));
#1510=CARTESIAN_POINT('Origin',(-9.5650092758881,220.4275,16.0723306367837));
#1511=CARTESIAN_POINT('Origin',(-9.5650092758881,220.4275,15.0723306367838));
#1512=CARTESIAN_POINT('',(18.1849907241119,220.4275,15.0723306367838));
#1513=CARTESIAN_POINT('Origin',(-9.5650092758881,220.4275,15.0723306367838));
#1514=CARTESIAN_POINT('Origin',(-9.5650092758881,220.4275,13.0723306367838));
#1515=CARTESIAN_POINT('',(18.1849907241119,220.4275,13.0723306367838));
#1516=CARTESIAN_POINT('Origin',(-9.5650092758881,220.4275,13.0723306367838));
#1517=CARTESIAN_POINT('',(13.0452408007663,210.360768083874,13.0723306367838));
#1518=CARTESIAN_POINT('Origin',(-9.5650092758881,220.4275,13.0723306367838));
#1519=CARTESIAN_POINT('Origin',(-9.5650092758881,220.4275,13.0723306367838));
#1520=CARTESIAN_POINT('',(18.1849907241119,220.4275,13.0723306367838));
#1521=CARTESIAN_POINT('Origin',(-9.56500927588811,220.4275,16.0723306367837));
#1522=CARTESIAN_POINT('',(-15.2382062493496,215.637357924831,16.0723306367837));
#1523=CARTESIAN_POINT('',(-10.8733002514888,226.864340073022,16.0723306367837));
#1524=CARTESIAN_POINT('Ctrl Pts',(-15.2384529230862,215.637374365091,16.0723306367837));
#1525=CARTESIAN_POINT('Ctrl Pts',(-15.3573687243527,215.794923201243,16.0723306367837));
#1526=CARTESIAN_POINT('Ctrl Pts',(-15.4698096652955,215.956997778261,16.0723306367837));
#1527=CARTESIAN_POINT('Ctrl Pts',(-15.5754252628434,216.123286713963,16.0723306367837));
#1528=CARTESIAN_POINT('Ctrl Pts',(-15.5952358077077,216.154477887403,16.0723306367837));
#1529=CARTESIAN_POINT('Ctrl Pts',(-15.6148060893345,216.185817413975,16.0723306367837));
#1530=CARTESIAN_POINT('Ctrl Pts',(-15.6341336169098,216.217303341571,16.0723306367837));
#1531=CARTESIAN_POINT('Ctrl Pts',(-15.7376455930694,216.385931769285,16.0723306367837));
#1532=CARTESIAN_POINT('Ctrl Pts',(-15.834198541599,216.558758005795,16.0723306367837));
#1533=CARTESIAN_POINT('Ctrl Pts',(-15.9236396112493,216.735314509786,16.0723306367837));
#1534=CARTESIAN_POINT('Ctrl Pts',(-15.9803224557612,216.847206338701,16.0723306367837));
#1535=CARTESIAN_POINT('Ctrl Pts',(-16.0341479654612,216.96059678179,16.0723306367837));
#1536=CARTESIAN_POINT('Ctrl Pts',(-16.0850667436278,217.075369539961,16.0723306367837));
#1537=CARTESIAN_POINT('Ctrl Pts',(-16.1107348847556,217.133226453666,16.0723306367837));
#1538=CARTESIAN_POINT('Ctrl Pts',(-16.1356642463014,217.191434659853,16.0723306367837));
#1539=CARTESIAN_POINT('Ctrl Pts',(-16.1598476881046,217.249979355721,16.0723306367837));
#1540=CARTESIAN_POINT('Ctrl Pts',(-16.1743355608699,217.285052448779,16.0723306367837));
#1541=CARTESIAN_POINT('Ctrl Pts',(-16.1885572991322,217.320250539629,16.0723306367837));
#1542=CARTESIAN_POINT('Ctrl Pts',(-16.2025008674345,217.355543466903,16.0723306367837));
#1543=CARTESIAN_POINT('Ctrl Pts',(-16.2745402613512,217.537884244758,16.0723306367837));
#1544=CARTESIAN_POINT('Ctrl Pts',(-16.3392124743736,217.722880818629,16.0723306367837));
#1545=CARTESIAN_POINT('Ctrl Pts',(-16.396383184196,217.910072168219,16.0723306367837));
#1546=CARTESIAN_POINT('Ctrl Pts',(-16.4532806131244,218.096368727111,16.0723306367837));
#1547=CARTESIAN_POINT('Ctrl Pts',(-16.502748206281,218.284839827172,16.0723306367837));
#1548=CARTESIAN_POINT('Ctrl Pts',(-16.5446031985274,218.475040588481,16.0723306367837));
#1549=CARTESIAN_POINT('Ctrl Pts',(-16.5861240570625,218.663722952991,16.0723306367837));
#1550=CARTESIAN_POINT('Ctrl Pts',(-16.6201534719554,218.854108129384,16.0723306367837));
#1551=CARTESIAN_POINT('Ctrl Pts',(-16.6464617417712,219.045761170579,16.0723306367837));
#1552=CARTESIAN_POINT('Ctrl Pts',(-16.6498380835282,219.070357473201,16.0723306367837));
#1553=CARTESIAN_POINT('Ctrl Pts',(-16.6530871827922,219.094974649589,16.0723306367837));
#1554=CARTESIAN_POINT('Ctrl Pts',(-16.656208490897,219.119611771005,16.0723306367837));
#1555=CARTESIAN_POINT('Ctrl Pts',(-16.6594393748155,219.145113796665,16.0723306367837));
#1556=CARTESIAN_POINT('Ctrl Pts',(-16.6625322549566,219.170628769528,16.0723306367837));
#1557=CARTESIAN_POINT('Ctrl Pts',(-16.6654863313979,219.196151346753,16.0723306367837));
#1558=CARTESIAN_POINT('Ctrl Pts',(-16.6819157097302,219.338097598171,16.0723306367837));
#1559=CARTESIAN_POINT('Ctrl Pts',(-16.6940583958344,219.480321677204,16.0723306367837));
#1560=CARTESIAN_POINT('Ctrl Pts',(-16.7018618999265,219.622647554199,16.0723306367837));
#1561=CARTESIAN_POINT('Ctrl Pts',(-16.7123820092881,219.81452081694,16.0723306367837));
#1562=CARTESIAN_POINT('Ctrl Pts',(-16.7150179508102,220.006579423689,16.0723306367837));
#1563=CARTESIAN_POINT('Ctrl Pts',(-16.7098974360208,220.19836108453,16.0723306367837));
#1564=CARTESIAN_POINT('Ctrl Pts',(-16.704755989872,220.390926699918,16.0723306367837));
#1565=CARTESIAN_POINT('Ctrl Pts',(-16.6917943908817,220.583213816666,16.0723306367837));
#1566=CARTESIAN_POINT('Ctrl Pts',(-16.6710898916315,220.774747796626,16.0723306367837));
#1567=CARTESIAN_POINT('Ctrl Pts',(-16.6500653820002,220.96924214096,16.0723306367837));
#1568=CARTESIAN_POINT('Ctrl Pts',(-16.6210567177852,221.162960682867,16.0723306367837));
#1569=CARTESIAN_POINT('Ctrl Pts',(-16.5840926922892,221.355388084853,16.0723306367837));
#1570=CARTESIAN_POINT('Ctrl Pts',(-16.5563696731673,221.499708636342,16.0723306367837));
#1571=CARTESIAN_POINT('Ctrl Pts',(-16.524170671344,221.643302614543,16.0723306367837));
#1572=CARTESIAN_POINT('Ctrl Pts',(-16.4874894030604,221.785941881259,16.0723306367837));
#1573=CARTESIAN_POINT('Ctrl Pts',(-16.4812220654014,221.810313133665,16.0723306367837));
#1574=CARTESIAN_POINT('Ctrl Pts',(-16.4748238410273,221.834656489108,16.0723306367837));
#1575=CARTESIAN_POINT('Ctrl Pts',(-16.4682946540382,221.858970776003,16.0723306367837));
#1576=CARTESIAN_POINT('Ctrl Pts',(-16.4630760368481,221.878404582351,16.0723306367837));
#1577=CARTESIAN_POINT('Ctrl Pts',(-16.4577742646234,221.89781782334,16.0723306367837));
#1578=CARTESIAN_POINT('Ctrl Pts',(-16.4523918031134,221.917201336077,16.0723306367837));
#1579=CARTESIAN_POINT('Ctrl Pts',(-16.3993297577569,222.108290270037,16.0723306367837));
#1580=CARTESIAN_POINT('Ctrl Pts',(-16.3383670787656,222.296729842804,16.0723306367837));
#1581=CARTESIAN_POINT('Ctrl Pts',(-16.2696203430782,222.48201418306,16.0723306367837));
#1582=CARTESIAN_POINT('Ctrl Pts',(-16.2008736073907,222.667298523317,16.0723306367837));
#1583=CARTESIAN_POINT('Ctrl Pts',(-16.1243425678794,222.849428478709,16.0723306367837));
#1584=CARTESIAN_POINT('Ctrl Pts',(-16.0400858499721,223.027875375692,16.0723306367837));
#1585=CARTESIAN_POINT('Ctrl Pts',(-15.959288477776,223.198995741057,16.0723306367837));
#1586=CARTESIAN_POINT('Ctrl Pts',(-15.8713859310349,223.366729648836,16.0723306367837));
#1587=CARTESIAN_POINT('Ctrl Pts',(-15.7766720283247,223.530694712342,16.0723306367837));
#1588=CARTESIAN_POINT('Ctrl Pts',(-15.6824176637848,223.693864241052,16.0723306367837));
#1589=CARTESIAN_POINT('Ctrl Pts',(-15.581417358073,223.853301921172,16.0723306367837));
#1590=CARTESIAN_POINT('Ctrl Pts',(-15.4739248683362,224.008594103273,16.0723306367837));
#1591=CARTESIAN_POINT('Ctrl Pts',(-15.4200108236083,224.086482611319,16.0723306367837));
#1592=CARTESIAN_POINT('Ctrl Pts',(-15.3644630679788,224.163327636924,16.0723306367837));
#1593=CARTESIAN_POINT('Ctrl Pts',(-15.3073108215855,224.239072855801,16.0723306367837));
#1594=CARTESIAN_POINT('Ctrl Pts',(-15.2935719315648,224.257281330488,16.0723306367837));
#1595=CARTESIAN_POINT('Ctrl Pts',(-15.2797387280876,224.275428291214,16.0723306367837));
#1596=CARTESIAN_POINT('Ctrl Pts',(-15.2658168232174,224.293506163152,16.0723306367837));
#1597=CARTESIAN_POINT('Ctrl Pts',(-15.1519007508252,224.441428461689,16.0723306367837));
#1598=CARTESIAN_POINT('Ctrl Pts',(-15.0322621567821,224.584454289382,16.0723306367837));
#1599=CARTESIAN_POINT('Ctrl Pts',(-14.9072215309179,224.722250527775,16.0723306367837));
#1600=CARTESIAN_POINT('Ctrl Pts',(-14.7822699244499,224.859948665748,16.0723306367837));
#1601=CARTESIAN_POINT('Ctrl Pts',(-14.6519234577109,224.992425171772,16.0723306367837));
#1602=CARTESIAN_POINT('Ctrl Pts',(-14.5164638314207,225.119312370989,16.0723306367837));
#1603=CARTESIAN_POINT('Ctrl Pts',(-14.3826526490071,225.244655446454,16.0723306367837));
#1604=CARTESIAN_POINT('Ctrl Pts',(-14.2438514621566,225.364544832601,16.0723306367837));
#1605=CARTESIAN_POINT('Ctrl Pts',(-14.1003025257385,225.478584943721,16.0723306367837));
#1606=CARTESIAN_POINT('Ctrl Pts',(-14.0348502330358,225.53058245007,16.0723306367837));
#1607=CARTESIAN_POINT('Ctrl Pts',(-13.9684105376595,225.581363298824,16.0723306367837));
#1608=CARTESIAN_POINT('Ctrl Pts',(-13.9010047961789,225.630886744723,16.0723306367837));
#1609=CARTESIAN_POINT('Ctrl Pts',(-13.7901926273091,225.71230118108,16.0723306367837));
#1610=CARTESIAN_POINT('Ctrl Pts',(-13.6767697529331,225.790318138194,16.0723306367837));
#1611=CARTESIAN_POINT('Ctrl Pts',(-13.5609058664293,225.864841974955,16.0723306367837));
#1612=CARTESIAN_POINT('Ctrl Pts',(-13.5102154160839,225.897446153538,16.0723306367837));
#1613=CARTESIAN_POINT('Ctrl Pts',(-13.4590576924559,225.929381531082,16.0723306367837));
#1614=CARTESIAN_POINT('Ctrl Pts',(-13.4074467318067,225.960639165207,16.0723306367837));
#1615=CARTESIAN_POINT('Ctrl Pts',(-13.377208897204,225.978952390903,16.0723306367837));
#1616=CARTESIAN_POINT('Ctrl Pts',(-13.346815484977,225.99703296661,16.0723306367837));
#1617=CARTESIAN_POINT('Ctrl Pts',(-13.3162693085414,226.014879000592,16.0723306367837));
#1618=CARTESIAN_POINT('Ctrl Pts',(-13.2975255081202,226.025829716469,16.0723306367837));
#1619=CARTESIAN_POINT('Ctrl Pts',(-13.2787249796024,226.036691607868,16.0723306367837));
#1620=CARTESIAN_POINT('Ctrl Pts',(-13.259879508744,226.047458036119,16.0723306367837));
#1621=CARTESIAN_POINT('Ctrl Pts',(-13.1014652098454,226.137960215435,16.0723306367837));
#1622=CARTESIAN_POINT('Ctrl Pts',(-12.9396712080132,226.221841869168,16.0723306367837));
#1623=CARTESIAN_POINT('Ctrl Pts',(-12.774937061441,226.298976021289,16.0723306367837));
#1624=CARTESIAN_POINT('Ctrl Pts',(-12.6094185093876,226.37647745884,16.0723306367837));
#1625=CARTESIAN_POINT('Ctrl Pts',(-12.4409310580305,226.447167235017,16.0723306367837));
#1626=CARTESIAN_POINT('Ctrl Pts',(-12.2698993440312,226.510868846966,16.0723306367837));
#1627=CARTESIAN_POINT('Ctrl Pts',(-12.0999387632439,226.574171510027,16.0723306367837));
#1628=CARTESIAN_POINT('Ctrl Pts',(-11.9274649994987,226.63057343001,16.0723306367837));
#1629=CARTESIAN_POINT('Ctrl Pts',(-11.7528841921023,226.679851424715,16.0723306367837));
#1630=CARTESIAN_POINT('Ctrl Pts',(-11.5817392461388,226.728159597113,16.0723306367837));
#1631=CARTESIAN_POINT('Ctrl Pts',(-11.4085687563924,226.769621534163,16.0723306367837));
#1632=CARTESIAN_POINT('Ctrl Pts',(-11.2337548120917,226.803977449066,16.0723306367837));
#1633=CARTESIAN_POINT('Ctrl Pts',(-11.1143290192712,226.82744801597,16.0723306367837));
#1634=CARTESIAN_POINT('Ctrl Pts',(-10.9941362072559,226.847601137133,16.0723306367837));
#1635=CARTESIAN_POINT('Ctrl Pts',(-10.8733002514888,226.864340073022,16.0723306367837));
#1636=CARTESIAN_POINT('',(-3.90608734939761,223.762337032358,16.0723306367837));
#1637=CARTESIAN_POINT('Origin',(-9.5650092758881,220.4275,16.0723306367837));
#1638=CARTESIAN_POINT('',(-9.32866884150878,213.006262353955,16.0723306367837));
#1639=CARTESIAN_POINT('Ctrl Pts',(-3.90583828769801,223.762329113596,16.0723306367837));
#1640=CARTESIAN_POINT('Ctrl Pts',(-3.80482517372866,223.61350522236,16.0723306367837));
#1641=CARTESIAN_POINT('Ctrl Pts',(-3.71009664620441,223.460724442747,16.0723306367837));
#1642=CARTESIAN_POINT('Ctrl Pts',(-3.62193182639473,223.304353940559,16.0723306367837));
#1643=CARTESIAN_POINT('Ctrl Pts',(-3.5331459428964,223.146881910107,16.0723306367837));
#1644=CARTESIAN_POINT('Ctrl Pts',(-3.45101580306333,222.985769047373,16.0723306367837));
#1645=CARTESIAN_POINT('Ctrl Pts',(-3.3755978916168,222.821483215486,16.0723306367837));
#1646=CARTESIAN_POINT('Ctrl Pts',(-3.32823653688761,222.718314095423,16.0723306367837));
#1647=CARTESIAN_POINT('Ctrl Pts',(-3.28352306344266,222.613892956132,16.0723306367837));
#1648=CARTESIAN_POINT('Ctrl Pts',(-3.24148014881967,222.508329883592,16.0723306367837));
#1649=CARTESIAN_POINT('Ctrl Pts',(-3.21236435319662,222.435224751063,16.0723306367837));
#1650=CARTESIAN_POINT('Ctrl Pts',(-3.18452947591071,222.36157186696,16.0723306367837));
#1651=CARTESIAN_POINT('Ctrl Pts',(-3.15798503943465,222.287406830349,16.0723306367837));
#1652=CARTESIAN_POINT('Ctrl Pts',(-3.14457599649794,222.249942024449,16.0723306367837));
#1653=CARTESIAN_POINT('Ctrl Pts',(-3.13149428913458,222.212340351059,16.0723306367837));
#1654=CARTESIAN_POINT('Ctrl Pts',(-3.11875222118147,222.174639483829,16.0723306367837));
#1655=CARTESIAN_POINT('Ctrl Pts',(-3.05972016100704,221.999977107898,16.0723306367837));
#1656=CARTESIAN_POINT('Ctrl Pts',(-3.00793554991767,221.823087005458,16.0723306367837));
#1657=CARTESIAN_POINT('Ctrl Pts',(-2.96345156964913,221.644455492092,16.0723306367837));
#1658=CARTESIAN_POINT('Ctrl Pts',(-2.91879231347674,221.465120134335,16.0723306367837));
#1659=CARTESIAN_POINT('Ctrl Pts',(-2.88149106712687,221.284028935965,16.0723306367837));
#1660=CARTESIAN_POINT('Ctrl Pts',(-2.85164809628629,221.101649112984,16.0723306367837));
#1661=CARTESIAN_POINT('Ctrl Pts',(-2.82679756455423,220.949779662638,16.0723306367837));
#1662=CARTESIAN_POINT('Ctrl Pts',(-2.80711939445262,220.797016032475,16.0723306367837));
#1663=CARTESIAN_POINT('Ctrl Pts',(-2.79269793837331,220.643620094132,16.0723306367837));
#1664=CARTESIAN_POINT('Ctrl Pts',(-2.78980952155761,220.612897023914,16.0723306367837));
#1665=CARTESIAN_POINT('Ctrl Pts',(-2.78713205552355,220.582148574636,16.0723306367837));
#1666=CARTESIAN_POINT('Ctrl Pts',(-2.78466633996544,220.551376832459,16.0723306367837));
#1667=CARTESIAN_POINT('Ctrl Pts',(-2.78251435848388,220.52452044219,16.0723306367837));
#1668=CARTESIAN_POINT('Ctrl Pts',(-2.78052362811803,220.497644845591,16.0723306367837));
#1669=CARTESIAN_POINT('Ctrl Pts',(-2.77869579482285,220.470769946346,16.0723306367837));
#1670=CARTESIAN_POINT('Ctrl Pts',(-2.77216134368267,220.374692959194,16.0723306367837));
#1671=CARTESIAN_POINT('Ctrl Pts',(-2.76770399353703,220.278572213204,16.0723306367837));
#1672=CARTESIAN_POINT('Ctrl Pts',(-2.76533019375185,220.182473931786,16.0723306367837));
#1673=CARTESIAN_POINT('Ctrl Pts',(-2.76079555774436,219.998898749964,16.0723306367837));
#1674=CARTESIAN_POINT('Ctrl Pts',(-2.76386092586459,219.815406386999,16.0723306367837));
#1675=CARTESIAN_POINT('Ctrl Pts',(-2.77431648372076,219.632433686313,16.0723306367837));
#1676=CARTESIAN_POINT('Ctrl Pts',(-2.78491499961156,219.44695921403,16.0723306367837));
#1677=CARTESIAN_POINT('Ctrl Pts',(-2.80310717043042,219.262018066409,16.0723306367837));
#1678=CARTESIAN_POINT('Ctrl Pts',(-2.82872706505834,219.078054297673,16.0723306367837));
#1679=CARTESIAN_POINT('Ctrl Pts',(-2.85464847709037,218.89192548186,16.0723306367837));
#1680=CARTESIAN_POINT('Ctrl Pts',(-2.8881734778418,218.706796468572,16.0723306367837));
#1681=CARTESIAN_POINT('Ctrl Pts',(-2.92918369675807,218.523126404119,16.0723306367837));
#1682=CARTESIAN_POINT('Ctrl Pts',(-2.95994136094527,218.38537385578,16.0723306367837));
#1683=CARTESIAN_POINT('Ctrl Pts',(-2.99491057182396,218.248441878776,16.0723306367837));
#1684=CARTESIAN_POINT('Ctrl Pts',(-3.03406071421794,218.112527649916,16.0723306367837));
#1685=CARTESIAN_POINT('Ctrl Pts',(-3.04945227480738,218.059094074441,16.0723306367837));
#1686=CARTESIAN_POINT('Ctrl Pts',(-3.065490220455,218.005817852389,16.0723306367837));
#1687=CARTESIAN_POINT('Ctrl Pts',(-3.08217337831195,217.952711194873,16.0723306367837));
#1688=CARTESIAN_POINT('Ctrl Pts',(-3.08862714084604,217.932167257117,16.0723306367837));
#1689=CARTESIAN_POINT('Ctrl Pts',(-3.0951774618519,217.911648695904,16.0723306367837));
#1690=CARTESIAN_POINT('Ctrl Pts',(-3.10182428884839,217.891156224653,16.0723306367837));
#1691=CARTESIAN_POINT('Ctrl Pts',(-3.10897313268707,217.869116012545,16.0723306367837));
#1692=CARTESIAN_POINT('Ctrl Pts',(-3.11623082050074,217.847114619342,16.0723306367837));
#1693=CARTESIAN_POINT('Ctrl Pts',(-3.12359590938372,217.825156115357,16.0723306367837));
#1694=CARTESIAN_POINT('Ctrl Pts',(-3.18422467610879,217.644395633458,16.0723306367837));
#1695=CARTESIAN_POINT('Ctrl Pts',(-3.25215016562408,217.466470438036,16.0723306367837));
#1696=CARTESIAN_POINT('Ctrl Pts',(-3.32718436301926,217.291837159004,16.0723306367837));
#1697=CARTESIAN_POINT('Ctrl Pts',(-3.37982833586466,217.169314497092,16.0723306367837));
#1698=CARTESIAN_POINT('Ctrl Pts',(-3.43597263766817,217.048412090807,16.0723306367837));
#1699=CARTESIAN_POINT('Ctrl Pts',(-3.49556760582381,216.929288406098,16.0723306367837));
#1700=CARTESIAN_POINT('Ctrl Pts',(-3.58000948758276,216.760498516444,16.0723306367837));
#1701=CARTESIAN_POINT('Ctrl Pts',(-3.67137708539496,216.595278713619,16.0723306367837));
#1702=CARTESIAN_POINT('Ctrl Pts',(-3.76931411730928,216.4339414053,16.0723306367837));
#1703=CARTESIAN_POINT('Ctrl Pts',(-3.86794935559744,216.271453901444,16.0723306367837));
#1704=CARTESIAN_POINT('Ctrl Pts',(-3.97324838653334,216.112903858,16.0723306367837));
#1705=CARTESIAN_POINT('Ctrl Pts',(-4.0848954007334,215.958632257415,16.0723306367837));
#1706=CARTESIAN_POINT('Ctrl Pts',(-4.14175437745281,215.880065666012,16.0723306367837));
#1707=CARTESIAN_POINT('Ctrl Pts',(-4.20026050511993,215.802609137237,16.0723306367837));
#1708=CARTESIAN_POINT('Ctrl Pts',(-4.2603763568671,215.726310627074,16.0723306367837));
#1709=CARTESIAN_POINT('Ctrl Pts',(-4.29653854044117,215.680413901821,16.0723306367837));
#1710=CARTESIAN_POINT('Ctrl Pts',(-4.33328325981919,215.63493624911,16.0723306367837));
#1711=CARTESIAN_POINT('Ctrl Pts',(-4.37060282909533,215.589888512249,16.0723306367837));
#1712=CARTESIAN_POINT('Ctrl Pts',(-4.38712379480667,215.569946371155,16.0723306367837));
#1713=CARTESIAN_POINT('Ctrl Pts',(-4.40375742033283,215.550088486428,16.0723306367837));
#1714=CARTESIAN_POINT('Ctrl Pts',(-4.42050305945357,215.530315819377,16.0723306367837));
#1715=CARTESIAN_POINT('Ctrl Pts',(-4.43377697715399,215.514642439982,16.0723306367837));
#1716=CARTESIAN_POINT('Ctrl Pts',(-4.44711960670166,215.49902461795,16.0723306367837));
#1717=CARTESIAN_POINT('Ctrl Pts',(-4.46052487821911,215.483469297055,16.0723306367837));
#1718=CARTESIAN_POINT('Ctrl Pts',(-4.58644488274512,215.337353190792,16.0723306367837));
#1719=CARTESIAN_POINT('Ctrl Pts',(-4.7180301542747,215.196582008094,16.0723306367837));
#1720=CARTESIAN_POINT('Ctrl Pts',(-4.85489019082734,215.061461848822,16.0723306367837));
#1721=CARTESIAN_POINT('Ctrl Pts',(-4.99291167459974,214.925195007602,16.0723306367837));
#1722=CARTESIAN_POINT('Ctrl Pts',(-5.13629821284417,214.794674910739,16.0723306367837));
#1723=CARTESIAN_POINT('Ctrl Pts',(-5.28469689112674,214.670238870229,16.0723306367837));
#1724=CARTESIAN_POINT('Ctrl Pts',(-5.42856810866238,214.549599219926,16.0723306367837));
#1725=CARTESIAN_POINT('Ctrl Pts',(-5.57715089882982,214.434677682178,16.0723306367837));
#1726=CARTESIAN_POINT('Ctrl Pts',(-5.73016057737906,214.325810363148,16.0723306367837));
#1727=CARTESIAN_POINT('Ctrl Pts',(-5.88755211518834,214.213825324542,16.0723306367837));
#1728=CARTESIAN_POINT('Ctrl Pts',(-6.04962805140393,214.108245574498,16.0723306367837));
#1729=CARTESIAN_POINT('Ctrl Pts',(-6.21594902286874,214.009220166991,16.0723306367837));
#1730=CARTESIAN_POINT('Ctrl Pts',(-6.32275896061388,213.945626877955,16.0723306367837));
#1731=CARTESIAN_POINT('Ctrl Pts',(-6.4313202659562,213.884737501554,16.0723306367837));
#1732=CARTESIAN_POINT('Ctrl Pts',(-6.5415222702636,213.826601290912,16.0723306367837));
#1733=CARTESIAN_POINT('Ctrl Pts',(-6.56347398407252,213.815020834949,16.0723306367837));
#1734=CARTESIAN_POINT('Ctrl Pts',(-6.58549234496084,213.803548857977,16.0723306367837));
#1735=CARTESIAN_POINT('Ctrl Pts',(-6.6075716873788,213.792188258783,16.0723306367837));
#1736=CARTESIAN_POINT('Ctrl Pts',(-6.78000366460696,213.70346593434,16.0723306367837));
#1737=CARTESIAN_POINT('Ctrl Pts',(-6.95567293424501,213.621778825779,16.0723306367837));
#1738=CARTESIAN_POINT('Ctrl Pts',(-7.13408931101635,213.547198781545,16.0723306367837));
#1739=CARTESIAN_POINT('Ctrl Pts',(-7.31566194600805,213.471299386016,16.0723306367837));
#1740=CARTESIAN_POINT('Ctrl Pts',(-7.5000802768768,213.402760339185,16.0723306367837));
#1741=CARTESIAN_POINT('Ctrl Pts',(-7.68686355798236,213.341697315029,16.0723306367837));
#1742=CARTESIAN_POINT('Ctrl Pts',(-7.87412438434006,213.280478172204,16.0723306367837));
#1743=CARTESIAN_POINT('Ctrl Pts',(-8.06376291565224,213.226773011515,16.0723306367837));
#1744=CARTESIAN_POINT('Ctrl Pts',(-8.25532142624219,213.180743422009,16.0723306367837));
#1745=CARTESIAN_POINT('Ctrl Pts',(-8.44539193406972,213.135071384648,16.0723306367837));
#1746=CARTESIAN_POINT('Ctrl Pts',(-8.63735337595618,213.096955894285,16.0723306367837));
#1747=CARTESIAN_POINT('Ctrl Pts',(-8.83077501480251,213.066603122412,16.0723306367837));
#1748=CARTESIAN_POINT('Ctrl Pts',(-8.8921706035216,213.056968593878,16.0723306367837));
#1749=CARTESIAN_POINT('Ctrl Pts',(-8.95371339761083,213.048116575813,16.0723306367837));
#1750=CARTESIAN_POINT('Ctrl Pts',(-9.01538980414584,213.040054753105,16.0723306367837));
#1751=CARTESIAN_POINT('Ctrl Pts',(-9.11939367375631,213.026460239338,16.0723306367837));
#1752=CARTESIAN_POINT('Ctrl Pts',(-9.22377748015727,213.015112464773,16.0723306367837));
#1753=CARTESIAN_POINT('Ctrl Pts',(-9.32847356146721,213.006005818785,16.0723306367837));
#1754=CARTESIAN_POINT('Ctrl Pts',(-12.6158881179592,213.45717720318,16.0723306367837));
#1755=CARTESIAN_POINT('Ctrl Pts',(-12.4307712788563,213.387861367894,16.0723306367837));
#1756=CARTESIAN_POINT('Ctrl Pts',(-12.24291732947,213.325910318695,16.0723306367837));
#1757=CARTESIAN_POINT('Ctrl Pts',(-12.0527626940713,213.271392009794,16.0723306367837));
#1758=CARTESIAN_POINT('Ctrl Pts',(-11.8634119033895,213.217104167295,16.0723306367837));
#1759=CARTESIAN_POINT('Ctrl Pts',(-11.6717791448273,213.170186338547,16.0723306367837));
#1760=CARTESIAN_POINT('Ctrl Pts',(-11.4782946762694,213.130757083367,16.0723306367837));
#1761=CARTESIAN_POINT('Ctrl Pts',(-11.418618081531,213.118595881489,16.0723306367837));
#1762=CARTESIAN_POINT('Ctrl Pts',(-11.3587653699784,213.107147436595,16.0723306367837));
#1763=CARTESIAN_POINT('Ctrl Pts',(-11.2987493102696,213.096416226407,16.0723306367837));
#1764=CARTESIAN_POINT('Ctrl Pts',(-11.2767401163295,213.092480858318,16.0723306367837));
#1765=CARTESIAN_POINT('Ctrl Pts',(-11.2547089555319,213.08864195202,16.0723306367837));
#1766=CARTESIAN_POINT('Ctrl Pts',(-11.2326564613436,213.084899744359,16.0723306367837));
#1767=CARTESIAN_POINT('Ctrl Pts',(-11.2091425034848,213.08090953298,16.0723306367837));
#1768=CARTESIAN_POINT('Ctrl Pts',(-11.1856130298633,213.077030755561,16.0723306367837));
#1769=CARTESIAN_POINT('Ctrl Pts',(-11.1620722442957,213.073263972556,16.0723306367837));
#1770=CARTESIAN_POINT('Ctrl Pts',(-10.9620224700052,213.041253822008,16.0723306367837));
#1771=CARTESIAN_POINT('Ctrl Pts',(-10.7610776615408,213.017313808356,16.0723306367837));
#1772=CARTESIAN_POINT('Ctrl Pts',(-10.5597385291368,213.001464436303,16.0723306367837));
#1773=CARTESIAN_POINT('Ctrl Pts',(-10.3546464342109,212.985319631869,16.0723306367837));
#1774=CARTESIAN_POINT('Ctrl Pts',(-10.1491444244939,212.9775697064,16.0723306367837));
#1775=CARTESIAN_POINT('Ctrl Pts',(-9.94375767100251,212.978291601433,16.0723306367837));
#1776=CARTESIAN_POINT('Ctrl Pts',(-9.73837091751111,212.979013496466,16.0723306367837));
#1777=CARTESIAN_POINT('Ctrl Pts',(-9.53309864664376,212.98820717544,16.0723306367837));
#1778=CARTESIAN_POINT('Ctrl Pts',(-9.32847356148284,213.006005818784,16.0723306367837));
#1779=CARTESIAN_POINT('Ctrl Pts',(-12.7038402769869,213.495775039154,16.0723306367837));
#1780=CARTESIAN_POINT('Ctrl Pts',(-12.8050827524271,213.548327186008,16.0723306367837));
#1781=CARTESIAN_POINT('Ctrl Pts',(-12.9050192870101,213.603127077054,16.0723306367837));
#1782=CARTESIAN_POINT('Ctrl Pts',(-13.0035696941835,213.660150865907,16.0723306367837));
#1783=CARTESIAN_POINT('Ctrl Pts',(-13.1763772566533,213.760141746077,16.0723306367837));
#1784=CARTESIAN_POINT('Ctrl Pts',(-13.3449245861305,213.866968083055,16.0723306367837));
#1785=CARTESIAN_POINT('Ctrl Pts',(-13.5088976639618,213.980264435178,16.0723306367837));
#1786=CARTESIAN_POINT('Ctrl Pts',(-13.6738378329567,214.09422899395,16.0723306367837));
#1787=CARTESIAN_POINT('Ctrl Pts',(-13.8341501493187,214.214740607752,16.0723306367837));
#1788=CARTESIAN_POINT('Ctrl Pts',(-13.9894818642437,214.341467960663,16.0723306367837));
#1789=CARTESIAN_POINT('Ctrl Pts',(-14.1439321981513,214.467476239024,16.0723306367837));
#1790=CARTESIAN_POINT('Ctrl Pts',(-14.2934587332518,214.599630464432,16.0723306367837));
#1791=CARTESIAN_POINT('Ctrl Pts',(-14.4376749667263,214.737637064163,16.0723306367837));
#1792=CARTESIAN_POINT('Ctrl Pts',(-14.5826748316219,214.876393553869,16.0723306367837));
#1793=CARTESIAN_POINT('Ctrl Pts',(-14.7223070624059,215.021066681309,16.0723306367837));
#1794=CARTESIAN_POINT('Ctrl Pts',(-14.856131119806,215.171382945796,16.0723306367837));
#1795=CARTESIAN_POINT('Ctrl Pts',(-14.8760339695097,215.193738582579,16.0723306367837));
#1796=CARTESIAN_POINT('Ctrl Pts',(-14.8958103725178,215.216221608692,16.0723306367837));
#1797=CARTESIAN_POINT('Ctrl Pts',(-14.9154420375489,215.23881160726,16.0723306367837));
#1798=CARTESIAN_POINT('Ctrl Pts',(-15.0278110210227,215.368113689977,16.0723306367837));
#1799=CARTESIAN_POINT('Ctrl Pts',(-15.1355516525201,215.501042815847,16.0723306367837));
#1800=CARTESIAN_POINT('Ctrl Pts',(-15.2384529230861,215.63737436509,16.0723306367837));
#1801=CARTESIAN_POINT('Origin',(-9.5650092758881,220.4275,24.0723306367837));
#1802=CARTESIAN_POINT('',(-2.58002606432454,217.909438337893,24.0723306367837));
#1803=CARTESIAN_POINT('Ctrl Pts',(-14.4853480548633,216.07584872241,24.0723306367837));
#1804=CARTESIAN_POINT('Ctrl Pts',(-14.3732771755098,215.931521724182,24.0723306367837));
#1805=CARTESIAN_POINT('Ctrl Pts',(-14.2553291152051,215.792093304882,24.0723306367837));
#1806=CARTESIAN_POINT('Ctrl Pts',(-14.1317841084199,215.657958032234,24.0723306367837));
#1807=CARTESIAN_POINT('Ctrl Pts',(-14.114269331455,215.638941890305,24.0723306367837));
#1808=CARTESIAN_POINT('Ctrl Pts',(-14.0966419865033,215.620032164249,24.0723306367837));
#1809=CARTESIAN_POINT('Ctrl Pts',(-14.078902794978,215.601230013273,24.0723306367837));
#1810=CARTESIAN_POINT('Ctrl Pts',(-13.9547191464176,215.469605090809,24.0723306367837));
#1811=CARTESIAN_POINT('Ctrl Pts',(-13.8250577554241,215.343249644875,24.0723306367837));
#1812=CARTESIAN_POINT('Ctrl Pts',(-13.6903461299326,215.222358434201,24.0723306367837));
#1813=CARTESIAN_POINT('Ctrl Pts',(-13.6042299578482,215.145077143414,24.0723306367837));
#1814=CARTESIAN_POINT('Ctrl Pts',(-13.5160490493796,215.070029432399,24.0723306367837));
#1815=CARTESIAN_POINT('Ctrl Pts',(-13.4259066156787,214.997273345807,24.0723306367837));
#1816=CARTESIAN_POINT('Ctrl Pts',(-13.3760270630026,214.957014381137,24.0723306367837));
#1817=CARTESIAN_POINT('Ctrl Pts',(-13.3255468078773,214.917457186516,24.0723306367837));
#1818=CARTESIAN_POINT('Ctrl Pts',(-13.2744825883356,214.87861242369,24.0723306367837));
#1819=CARTESIAN_POINT('Ctrl Pts',(-13.254416654775,214.863348185108,24.0723306367837));
#1820=CARTESIAN_POINT('Ctrl Pts',(-13.2342633069464,214.848196103622,24.0723306367837));
#1821=CARTESIAN_POINT('Ctrl Pts',(-13.2140303691486,214.833161662963,24.0723306367837));
#1822=CARTESIAN_POINT('Ctrl Pts',(-13.0660502281979,214.723202413839,24.0723306367837));
#1823=CARTESIAN_POINT('Ctrl Pts',(-12.9137113722056,214.619453420483,24.0723306367837));
#1824=CARTESIAN_POINT('Ctrl Pts',(-12.757465022277,214.52210658122,24.0723306367837));
#1825=CARTESIAN_POINT('Ctrl Pts',(-12.6005966991987,214.424372231335,24.0723306367837));
#1826=CARTESIAN_POINT('Ctrl Pts',(-12.4397891406673,214.333090654298,24.0723306367837));
#1827=CARTESIAN_POINT('Ctrl Pts',(-12.2754609751748,214.248492720282,24.0723306367837));
#1828=CARTESIAN_POINT('Ctrl Pts',(-12.1189029516223,214.167894940184,24.0723306367837));
#1829=CARTESIAN_POINT('Ctrl Pts',(-11.9591486777845,214.093363609241,24.0723306367837));
#1830=CARTESIAN_POINT('Ctrl Pts',(-11.7965354815027,214.025134857202,24.0723306367837));
#1831=CARTESIAN_POINT('Ctrl Pts',(-11.7647678505537,214.011805890892,24.0723306367837));
#1832=CARTESIAN_POINT('Ctrl Pts',(-11.7328860393152,213.998715650808,24.0723306367837));
#1833=CARTESIAN_POINT('Ctrl Pts',(-11.7009219959884,213.985877670685,24.0723306367837));
#1834=CARTESIAN_POINT('Ctrl Pts',(-11.5692674408804,213.933000175046,24.0723306367837));
#1835=CARTESIAN_POINT('Ctrl Pts',(-11.4361382636521,213.884365957381,24.0723306367837));
#1836=CARTESIAN_POINT('Ctrl Pts',(-11.3017298890697,213.84005808537,24.0723306367837));
#1837=CARTESIAN_POINT('Ctrl Pts',(-11.126937298435,213.782437511069,24.0723306367837));
#1838=CARTESIAN_POINT('Ctrl Pts',(-10.9499820988851,213.732131637198,24.0723306367837));
#1839=CARTESIAN_POINT('Ctrl Pts',(-10.7713415112994,213.689072519668,24.0723306367837));
#1840=CARTESIAN_POINT('Ctrl Pts',(-10.5904717096282,213.645476077488,24.0723306367837));
#1841=CARTESIAN_POINT('Ctrl Pts',(-10.4078735656734,213.609308193446,24.0723306367837));
#1842=CARTESIAN_POINT('Ctrl Pts',(-10.2240180688574,213.580546126191,24.0723306367837));
#1843=CARTESIAN_POINT('Ctrl Pts',(-10.0339348012931,213.55080979619,24.0723306367837));
#1844=CARTESIAN_POINT('Ctrl Pts',(-9.84250686072788,213.528989077881,24.0723306367837));
#1845=CARTESIAN_POINT('Ctrl Pts',(-9.65023899678193,213.515114512761,24.0723306367837));
#1846=CARTESIAN_POINT('Ctrl Pts',(-9.50603809882247,213.50470858892,24.0723306367837));
#1847=CARTESIAN_POINT('Ctrl Pts',(-9.36136433410978,213.498773521928,24.0723306367837));
#1848=CARTESIAN_POINT('Ctrl Pts',(-9.21642893224367,213.497343740738,24.0723306367837));
#1849=CARTESIAN_POINT('Ctrl Pts',(-9.1940175145617,213.497122653115,24.0723306367837));
#1850=CARTESIAN_POINT('Ctrl Pts',(-9.17159984213681,213.497009325966,24.0723306367837));
#1851=CARTESIAN_POINT('Ctrl Pts',(-9.14917669822415,213.497003926906,24.0723306367837));
#1852=CARTESIAN_POINT('Ctrl Pts',(-9.12697748476733,213.496998581764,24.0723306367837));
#1853=CARTESIAN_POINT('Ctrl Pts',(-9.10478170179648,213.497099029883,24.0723306367837));
#1854=CARTESIAN_POINT('Ctrl Pts',(-9.08259260461203,213.497305146009,24.0723306367837));
#1855=CARTESIAN_POINT('Ctrl Pts',(-8.88747588562192,213.4991175993,24.0723306367837));
#1856=CARTESIAN_POINT('Ctrl Pts',(-8.6928157819408,213.509096119777,24.0723306367837));
#1857=CARTESIAN_POINT('Ctrl Pts',(-8.49913997474124,213.527185110811,24.0723306367837));
#1858=CARTESIAN_POINT('Ctrl Pts',(-8.30546416754168,213.545274101844,24.0723306367837));
#1859=CARTESIAN_POINT('Ctrl Pts',(-8.11277183987889,213.571473473583,24.0723306367837));
#1860=CARTESIAN_POINT('Ctrl Pts',(-7.92157705728749,213.605783009408,24.0723306367837));
#1861=CARTESIAN_POINT('Ctrl Pts',(-7.73543445223328,213.639185941695,24.0723306367837));
#1862=CARTESIAN_POINT('Ctrl Pts',(-7.55071051433556,213.68027611675,24.0723306367837));
#1863=CARTESIAN_POINT('Ctrl Pts',(-7.36780871656657,213.728809068713,24.0723306367837));
#1864=CARTESIAN_POINT('Ctrl Pts',(-7.18395143424582,213.777595558292,24.0723306367837));
#1865=CARTESIAN_POINT('Ctrl Pts',(-7.00193470903954,213.833902983451,24.0723306367837));
#1866=CARTESIAN_POINT('Ctrl Pts',(-6.82217781621867,213.897534814277,24.0723306367837));
#1867=CARTESIAN_POINT('Ctrl Pts',(-6.72841801828671,213.930724682586,24.0723306367837));
#1868=CARTESIAN_POINT('Ctrl Pts',(-6.63527324409447,213.965908052164,24.0723306367837));
#1869=CARTESIAN_POINT('Ctrl Pts',(-6.5428049460066,214.003062311806,24.0723306367837));
#1870=CARTESIAN_POINT('Ctrl Pts',(-6.52129631257434,214.011704596433,24.0723306367837));
#1871=CARTESIAN_POINT('Ctrl Pts',(-6.49982238494769,214.020454318958,24.0723306367837));
#1872=CARTESIAN_POINT('Ctrl Pts',(-6.47839003602972,214.029308703198,24.0723306367837));
#1873=CARTESIAN_POINT('Ctrl Pts',(-6.30026318433007,214.102898564692,24.0723306367837));
#1874=CARTESIAN_POINT('Ctrl Pts',(-6.12543052181929,214.183537473321,24.0723306367837));
#1875=CARTESIAN_POINT('Ctrl Pts',(-5.95429483830441,214.270926647708,24.0723306367837));
#1876=CARTESIAN_POINT('Ctrl Pts',(-5.78180395153537,214.359007846639,24.0723306367837));
#1877=CARTESIAN_POINT('Ctrl Pts',(-5.61306815439261,214.45394684669,24.0723306367837));
#1878=CARTESIAN_POINT('Ctrl Pts',(-5.44850671118815,214.555490488691,24.0723306367837));
#1879=CARTESIAN_POINT('Ctrl Pts',(-5.28395182757316,214.657030083057,24.0723306367837));
#1880=CARTESIAN_POINT('Ctrl Pts',(-5.12357028726475,214.765174059409,24.0723306367837));
#1881=CARTESIAN_POINT('Ctrl Pts',(-4.96779825326791,214.879718216761,24.0723306367837));
#1882=CARTESIAN_POINT('Ctrl Pts',(-4.89287064133455,214.934814885599,24.0723306367837));
#1883=CARTESIAN_POINT('Ctrl Pts',(-4.81900983995884,214.991393056773,24.0723306367837));
#1884=CARTESIAN_POINT('Ctrl Pts',(-4.74626649893697,215.049433761924,24.0723306367837));
#1885=CARTESIAN_POINT('Ctrl Pts',(-4.62839418578918,215.143482125346,24.0723306367837));
#1886=CARTESIAN_POINT('Ctrl Pts',(-4.51345524436396,215.241369870366,24.0723306367837));
#1887=CARTESIAN_POINT('Ctrl Pts',(-4.40157575752835,215.342921821831,24.0723306367837));
#1888=CARTESIAN_POINT('Ctrl Pts',(-4.35262848203778,215.387350800597,24.0723306367837));
#1889=CARTESIAN_POINT('Ctrl Pts',(-4.30426696845033,215.432481321025,24.0723306367837));
#1890=CARTESIAN_POINT('Ctrl Pts',(-4.25650258183572,215.478299549891,24.0723306367837));
#1891=CARTESIAN_POINT('Ctrl Pts',(-4.23478723567886,215.499130105261,24.0723306367837));
#1892=CARTESIAN_POINT('Ctrl Pts',(-4.21319531838519,215.520102811483,24.0723306367837));
#1893=CARTESIAN_POINT('Ctrl Pts',(-4.19172793426313,215.541216400455,24.0723306367837));
#1894=CARTESIAN_POINT('Ctrl Pts',(-4.1744852055883,215.558174958793,24.0723306367837));
#1895=CARTESIAN_POINT('Ctrl Pts',(-4.15732224083308,215.575225052686,24.0723306367837));
#1896=CARTESIAN_POINT('Ctrl Pts',(-4.14025127699015,215.592354141366,24.0723306367837));
#1897=CARTESIAN_POINT('Ctrl Pts',(-4.0035192705478,215.729551705912,24.0723306367837));
#1898=CARTESIAN_POINT('Ctrl Pts',(-3.87250865431418,215.871987747982,24.0723306367837));
#1899=CARTESIAN_POINT('Ctrl Pts',(-3.74741748199442,216.019211773978,24.0723306367837));
#1900=CARTESIAN_POINT('Ctrl Pts',(-3.62002163039417,216.169148254867,24.0723306367837));
#1901=CARTESIAN_POINT('Ctrl Pts',(-3.49876483137125,216.324051164641,24.0723306367837));
#1902=CARTESIAN_POINT('Ctrl Pts',(-3.38388417395272,216.483490945457,24.0723306367837));
#1903=CARTESIAN_POINT('Ctrl Pts',(-3.26871857537691,216.643326188457,24.0723306367837));
#1904=CARTESIAN_POINT('Ctrl Pts',(-3.15996031179557,216.807721365431,24.0723306367837));
#1905=CARTESIAN_POINT('Ctrl Pts',(-3.05788343850597,216.976282661078,24.0723306367837));
#1906=CARTESIAN_POINT('Ctrl Pts',(-2.95675597498534,217.143276180052,24.0723306367837));
#1907=CARTESIAN_POINT('Ctrl Pts',(-2.86218579560682,217.314359256378,24.0723306367837));
#1908=CARTESIAN_POINT('Ctrl Pts',(-2.77448028150733,217.489178794144,24.0723306367837));
#1909=CARTESIAN_POINT('Ctrl Pts',(-2.70533808931745,217.626996880075,24.0723306367837));
#1910=CARTESIAN_POINT('Ctrl Pts',(-2.6404629177335,217.767137801838,24.0723306367837));
#1911=CARTESIAN_POINT('Ctrl Pts',(-2.58002606432454,217.909438337893,24.0723306367837));
#1912=CARTESIAN_POINT('',(-2.7819342528918,217.407480425162,24.0723306367837));
#1913=CARTESIAN_POINT('Origin',(-9.5650092758881,220.4275,24.0723306367837));
#1914=CARTESIAN_POINT('',(-3.25626697600016,224.342851592416,24.0723306367837));
#1915=CARTESIAN_POINT('Origin',(-9.5650092758881,220.4275,24.0723306367837));
#1916=CARTESIAN_POINT('Ctrl Pts',(-3.25633478791986,224.342907541697,24.0723306367837));
#1917=CARTESIAN_POINT('Ctrl Pts',(-3.36943691682862,224.504684379323,24.0723306367837));
#1918=CARTESIAN_POINT('Ctrl Pts',(-3.48881501786717,224.661721136262,24.0723306367837));
#1919=CARTESIAN_POINT('Ctrl Pts',(-3.61426247817235,224.813596951849,24.0723306367837));
#1920=CARTESIAN_POINT('Ctrl Pts',(-3.68394062249792,224.897954379033,24.0723306367837));
#1921=CARTESIAN_POINT('Ctrl Pts',(-3.75549195620628,224.980719050598,24.0723306367837));
#1922=CARTESIAN_POINT('Ctrl Pts',(-3.82888614923308,225.061814073448,24.0723306367837));
#1923=CARTESIAN_POINT('Ctrl Pts',(-3.96162023324361,225.208475180164,24.0723306367837));
#1924=CARTESIAN_POINT('Ctrl Pts',(-4.10038025860381,225.349677926642,24.0723306367837));
#1925=CARTESIAN_POINT('Ctrl Pts',(-4.24476985387612,225.485130187301,24.0723306367837));
#1926=CARTESIAN_POINT('Ctrl Pts',(-4.29563752655969,225.532849285387,24.0723306367837));
#1927=CARTESIAN_POINT('Ctrl Pts',(-4.34720414714694,225.57985428402,24.0723306367837));
#1928=CARTESIAN_POINT('Ctrl Pts',(-4.39945313427239,225.626131063177,24.0723306367837));
#1929=CARTESIAN_POINT('Ctrl Pts',(-4.4425988926013,225.664345138504,24.0723306367837));
#1930=CARTESIAN_POINT('Ctrl Pts',(-4.48620996386,225.702062628786,24.0723306367837));
#1931=CARTESIAN_POINT('Ctrl Pts',(-4.53027717278056,225.739275198272,24.0723306367837));
#1932=CARTESIAN_POINT('Ctrl Pts',(-4.55153825139789,225.757229123306,24.0723306367837));
#1933=CARTESIAN_POINT('Ctrl Pts',(-4.57290431314225,225.77506443847,24.0723306367837));
#1934=CARTESIAN_POINT('Ctrl Pts',(-4.59436490306647,225.792772641275,24.0723306367837));
#1935=CARTESIAN_POINT('Ctrl Pts',(-4.74549190566941,225.917475066552,24.0723306367837));
#1936=CARTESIAN_POINT('Ctrl Pts',(-4.90142948755194,226.035983738701,24.0723306367837));
#1937=CARTESIAN_POINT('Ctrl Pts',(-5.06177155421214,226.148041752002,24.0723306367837));
#1938=CARTESIAN_POINT('Ctrl Pts',(-5.22150491978406,226.259674363309,24.0723306367837));
#1939=CARTESIAN_POINT('Ctrl Pts',(-5.3856100251696,226.364905525718,24.0723306367837));
#1940=CARTESIAN_POINT('Ctrl Pts',(-5.5537100257744,226.463436272952,24.0723306367837));
#1941=CARTESIAN_POINT('Ctrl Pts',(-5.64826800698914,226.518860832813,24.0723306367837));
#1942=CARTESIAN_POINT('Ctrl Pts',(-5.74409043556457,226.572164423181,24.0723306367837));
#1943=CARTESIAN_POINT('Ctrl Pts',(-5.84111255382909,226.623286945795,24.0723306367837));
#1944=CARTESIAN_POINT('Ctrl Pts',(-5.91387914252747,226.661628837756,24.0723306367837));
#1945=CARTESIAN_POINT('Ctrl Pts',(-5.98732059152201,226.69874377791,24.0723306367837));
#1946=CARTESIAN_POINT('Ctrl Pts',(-6.06140997970515,226.73460445224,24.0723306367837));
#1947=CARTESIAN_POINT('Ctrl Pts',(-6.08529020525295,226.746162936016,24.0723306367837));
#1948=CARTESIAN_POINT('Ctrl Pts',(-6.10923774587717,226.757591103395,24.0723306367837));
#1949=CARTESIAN_POINT('Ctrl Pts',(-6.13325170531371,226.768888001131,24.0723306367837));
#1950=CARTESIAN_POINT('Ctrl Pts',(-6.15507911328059,226.779156278475,24.0723306367837));
#1951=CARTESIAN_POINT('Ctrl Pts',(-6.17695305868732,226.789312176131,24.0723306367837));
#1952=CARTESIAN_POINT('Ctrl Pts',(-6.19887161948111,226.799354712327,24.0723306367837));
#1953=CARTESIAN_POINT('Ctrl Pts',(-6.37728513055116,226.881099319541,24.0723306367837));
#1954=CARTESIAN_POINT('Ctrl Pts',(-6.558677969308,226.955348945842,24.0723306367837));
#1955=CARTESIAN_POINT('Ctrl Pts',(-6.74265164784692,227.021839791967,24.0723306367837));
#1956=CARTESIAN_POINT('Ctrl Pts',(-6.9235236935099,227.08720966146,24.0723306367837));
#1957=CARTESIAN_POINT('Ctrl Pts',(-7.10689099498995,227.14508029143,24.0723306367837));
#1958=CARTESIAN_POINT('Ctrl Pts',(-7.29227420973602,227.195427732487,24.0723306367837));
#1959=CARTESIAN_POINT('Ctrl Pts',(-7.47806768052571,227.245886593243,24.0723306367837));
#1960=CARTESIAN_POINT('Ctrl Pts',(-7.66588672889934,227.288788978937,24.0723306367837));
#1961=CARTESIAN_POINT('Ctrl Pts',(-7.85525556420314,227.324059011936,24.0723306367837));
#1962=CARTESIAN_POINT('Ctrl Pts',(-8.04302314843241,227.359030811183,24.0723306367837));
#1963=CARTESIAN_POINT('Ctrl Pts',(-8.23231512312259,227.386498753149,24.0723306367837));
#1964=CARTESIAN_POINT('Ctrl Pts',(-8.42266358592139,227.406338051865,24.0723306367837));
#1965=CARTESIAN_POINT('Ctrl Pts',(-8.49404425947093,227.413777788883,24.0723306367837));
#1966=CARTESIAN_POINT('Ctrl Pts',(-8.56557340669847,227.420144235265,24.0723306367837));
#1967=CARTESIAN_POINT('Ctrl Pts',(-8.63722589640506,227.425428957194,24.0723306367837));
#1968=CARTESIAN_POINT('Ctrl Pts',(-8.67195851538334,227.427990657895,24.0723306367837));
#1969=CARTESIAN_POINT('Ctrl Pts',(-8.70672011135058,227.430298170542,24.0723306367837));
#1970=CARTESIAN_POINT('Ctrl Pts',(-8.74150779199603,227.432350448439,24.0723306367837));
#1971=CARTESIAN_POINT('Ctrl Pts',(-8.76528634130953,227.433753249381,24.0723306367837));
#1972=CARTESIAN_POINT('Ctrl Pts',(-8.78907880353676,227.435036882413,24.0723306367837));
#1973=CARTESIAN_POINT('Ctrl Pts',(-8.81287882436168,227.436200735311,24.0723306367837));
#1974=CARTESIAN_POINT('Ctrl Pts',(-9.0025734997474,227.445477059035,24.0723306367837));
#1975=CARTESIAN_POINT('Ctrl Pts',(-9.19223063382498,227.447124293874,24.0723306367837));
#1976=CARTESIAN_POINT('Ctrl Pts',(-9.38139449032225,227.441118613097,24.0723306367837));
#1977=CARTESIAN_POINT('Ctrl Pts',(-9.56977837420063,227.435137695331,24.0723306367837));
#1978=CARTESIAN_POINT('Ctrl Pts',(-9.75767374186229,227.42156681384,24.0723306367837));
#1979=CARTESIAN_POINT('Ctrl Pts',(-9.94462858080036,227.400331078029,24.0723306367837));
#1980=CARTESIAN_POINT('Ctrl Pts',(-10.0095387640821,227.392958091529,24.0723306367837));
#1981=CARTESIAN_POINT('Ctrl Pts',(-10.0743355051795,227.384660685276,24.0723306367837));
#1982=CARTESIAN_POINT('Ctrl Pts',(-10.1389995964024,227.375434276117,24.0723306367837));
#1983=CARTESIAN_POINT('Ctrl Pts',(-10.326287092325,227.348711700495,24.0723306367837));
#1984=CARTESIAN_POINT('Ctrl Pts',(-10.51246336325,227.314199547239,24.0723306367837));
#1985=CARTESIAN_POINT('Ctrl Pts',(-10.6970730259871,227.272056830192,24.0723306367837));
#1986=CARTESIAN_POINT('Ctrl Pts',(-10.8805617716639,227.230169996232,24.0723306367837));
#1987=CARTESIAN_POINT('Ctrl Pts',(-11.0625035113001,227.18074463154,24.0723306367837));
#1988=CARTESIAN_POINT('Ctrl Pts',(-11.2424255212622,227.12389250778,24.0723306367837));
#1989=CARTESIAN_POINT('Ctrl Pts',(-11.290069675665,227.108837810675,24.0723306367837));
#1990=CARTESIAN_POINT('Ctrl Pts',(-11.3375720350312,227.09326211213,24.0723306367837));
#1991=CARTESIAN_POINT('Ctrl Pts',(-11.3849234317064,227.077167009124,24.0723306367837));
#1992=CARTESIAN_POINT('Ctrl Pts',(-11.4122568704644,227.06787616359,24.0723306367837));
#1993=CARTESIAN_POINT('Ctrl Pts',(-11.4395400030839,227.058412241739,24.0723306367837));
#1994=CARTESIAN_POINT('Ctrl Pts',(-11.4667710380966,227.048775521832,24.0723306367837));
#1995=CARTESIAN_POINT('Ctrl Pts',(-11.4884810153797,227.041092634634,24.0723306367837));
#1996=CARTESIAN_POINT('Ctrl Pts',(-11.5101494890862,227.033302871275,24.0723306367837));
#1997=CARTESIAN_POINT('Ctrl Pts',(-11.5317722916631,227.025407870524,24.0723306367837));
#1998=CARTESIAN_POINT('Ctrl Pts',(-11.7071026113132,226.961390590605,24.0723306367837));
#1999=CARTESIAN_POINT('Ctrl Pts',(-11.8795038844544,226.890432536173,24.0723306367837));
#2000=CARTESIAN_POINT('Ctrl Pts',(-12.0485607138682,226.812737210258,24.0723306367837));
#2001=CARTESIAN_POINT('Ctrl Pts',(-12.2174276272809,226.735129166151,24.0723306367837));
#2002=CARTESIAN_POINT('Ctrl Pts',(-12.382958249691,226.650798637311,24.0723306367837));
#2003=CARTESIAN_POINT('Ctrl Pts',(-12.5447158882245,226.559901808567,24.0723306367837));
#2004=CARTESIAN_POINT('Ctrl Pts',(-12.7044290596241,226.470153831777,24.0723306367837));
#2005=CARTESIAN_POINT('Ctrl Pts',(-12.8604645645729,226.374004101711,24.0723306367837));
#2006=CARTESIAN_POINT('Ctrl Pts',(-13.0123711811349,226.271563016602,24.0723306367837));
#2007=CARTESIAN_POINT('Ctrl Pts',(-13.0804976123738,226.225620675849,24.0723306367837));
#2008=CARTESIAN_POINT('Ctrl Pts',(-13.1477931322871,226.178412447754,24.0723306367837));
#2009=CARTESIAN_POINT('Ctrl Pts',(-13.2142145422886,226.129945938619,24.0723306367837));
#2010=CARTESIAN_POINT('Ctrl Pts',(-13.3236349115079,226.05010386173,24.0723306367837));
#2011=CARTESIAN_POINT('Ctrl Pts',(-13.4306837714408,225.966847370905,24.0723306367837));
#2012=CARTESIAN_POINT('Ctrl Pts',(-13.5352233349579,225.880302125508,24.0723306367837));
#2013=CARTESIAN_POINT('Ctrl Pts',(-13.5809593939966,225.842438580646,24.0723306367837));
#2014=CARTESIAN_POINT('Ctrl Pts',(-13.6262149945949,225.803945450096,24.0723306367837));
#2015=CARTESIAN_POINT('Ctrl Pts',(-13.6709778045148,225.764832841671,24.0723306367837));
#2016=CARTESIAN_POINT('Ctrl Pts',(-13.6897609389716,225.748420614996,24.0723306367837));
#2017=CARTESIAN_POINT('Ctrl Pts',(-13.70845729848,225.731899310062,24.0723306367837));
#2018=CARTESIAN_POINT('Ctrl Pts',(-13.7270659450924,225.715269662277,24.0723306367837));
#2019=CARTESIAN_POINT('Ctrl Pts',(-13.7435638778881,225.700526257381,24.0723306367837));
#2020=CARTESIAN_POINT('Ctrl Pts',(-13.7599888085403,225.685701286809,24.0723306367837));
#2021=CARTESIAN_POINT('Ctrl Pts',(-13.7763346053106,225.670800562371,24.0723306367837));
#2022=CARTESIAN_POINT('Ctrl Pts',(-13.9111460252272,225.547907328868,24.0723306367837));
#2023=CARTESIAN_POINT('Ctrl Pts',(-14.0406966569596,225.419758250962,24.0723306367837));
#2024=CARTESIAN_POINT('Ctrl Pts',(-14.1647309371285,225.286732805521,24.0723306367837));
#2025=CARTESIAN_POINT('Ctrl Pts',(-14.2893546064437,225.153075246493,24.0723306367837));
#2026=CARTESIAN_POINT('Ctrl Pts',(-14.4084098239902,225.014494288542,24.0723306367837));
#2027=CARTESIAN_POINT('Ctrl Pts',(-14.5215984136861,224.871340076113,24.0723306367837));
#2028=CARTESIAN_POINT('Ctrl Pts',(-14.63407951788,224.729080649369,24.0723306367837));
#2029=CARTESIAN_POINT('Ctrl Pts',(-14.7407674711761,224.582304354462,24.0723306367837));
#2030=CARTESIAN_POINT('Ctrl Pts',(-14.8413252797135,224.431329495508,24.0723306367837));
#2031=CARTESIAN_POINT('Ctrl Pts',(-14.9399159044531,224.283308114765,24.0723306367837));
#2032=CARTESIAN_POINT('Ctrl Pts',(-15.0326141139858,224.131250256718,24.0723306367837));
#2033=CARTESIAN_POINT('Ctrl Pts',(-15.1190552771953,223.975440269931,24.0723306367837));
#2034=CARTESIAN_POINT('Ctrl Pts',(-15.1763324987513,223.872198217157,24.0723306367837));
#2035=CARTESIAN_POINT('Ctrl Pts',(-15.2308615443263,223.76730845527,24.0723306367837));
#2036=CARTESIAN_POINT('Ctrl Pts',(-15.2825238266355,223.660851630196,24.0723306367837));
#2037=CARTESIAN_POINT('Ctrl Pts',(-12.1988319109989,214.41023203777,15.4717030817118));
#2038=CARTESIAN_POINT('Ctrl Pts',(-11.2223479189745,213.982814535814,15.5104446472752));
#2039=CARTESIAN_POINT('Ctrl Pts',(-9.05820252068672,213.612821399479,15.5879277784019));
#2040=CARTESIAN_POINT('Ctrl Pts',(-5.92862596367708,214.641691846168,15.7041524750921));
#2041=CARTESIAN_POINT('Ctrl Pts',(-3.64442993143463,217.015060856776,15.8203771717823));
#2042=CARTESIAN_POINT('Ctrl Pts',(-2.73578752613695,220.181409530059,15.9366018684724));
#2043=CARTESIAN_POINT('Ctrl Pts',(-3.41413558530219,223.404944318735,16.0528265651626));
#2044=CARTESIAN_POINT('Ctrl Pts',(-5.52171693019076,225.9366157952,16.1690512618527));
#2045=CARTESIAN_POINT('Ctrl Pts',(-8.56885507167796,227.188136109841,16.2852759585429));
#2046=CARTESIAN_POINT('Ctrl Pts',(-11.8474603074765,226.868691020663,16.4015006552331));
#2047=CARTESIAN_POINT('Ctrl Pts',(-14.595697382854,225.052509073934,16.5177253519232));
#2048=CARTESIAN_POINT('Ctrl Pts',(-16.1749538445162,222.161615922576,16.6339500486134));
#2049=CARTESIAN_POINT('Ctrl Pts',(-16.2182612492149,218.867766983473,16.7501747453035));
#2050=CARTESIAN_POINT('Ctrl Pts',(-14.7155550487255,215.936352536504,16.8663994419937));
#2051=CARTESIAN_POINT('Ctrl Pts',(-12.0160189815538,214.048544030906,16.9826241386839));
#2052=CARTESIAN_POINT('Ctrl Pts',(-8.74694279185228,213.643010706965,17.098848835374));
#2053=CARTESIAN_POINT('Ctrl Pts',(-5.66796038643426,214.81398615776,17.2150735320642));
#2054=CARTESIAN_POINT('Ctrl Pts',(-3.49453349092355,217.289371338365,17.3312982287543));
#2055=CARTESIAN_POINT('Ctrl Pts',(-2.73170037670976,220.493962087843,17.4475229254445));
#2056=CARTESIAN_POINT('Ctrl Pts',(-3.55672022577387,223.683109071543,17.5637476221347));
#2057=CARTESIAN_POINT('Ctrl Pts',(-5.77788354588512,226.115751615003,17.6799723188248));
#2058=CARTESIAN_POINT('Ctrl Pts',(-8.87905959626299,227.226617646358,17.796197015515));
#2059=CARTESIAN_POINT('Ctrl Pts',(-12.1396294706791,226.757575717128,17.9124217122051));
#2060=CARTESIAN_POINT('Ctrl Pts',(-14.8019359889015,224.817616892999,18.0286464088953));
#2061=CARTESIAN_POINT('Ctrl Pts',(-16.2473401629298,221.857528547974,18.1448711055855));
#2062=CARTESIAN_POINT('Ctrl Pts',(-16.1399740639706,218.56514510169,18.2610958022756));
#2063=CARTESIAN_POINT('Ctrl Pts',(-14.5047863050048,215.705516239496,18.3773204989658));
#2064=CARTESIAN_POINT('Ctrl Pts',(-11.7217447423976,213.94313265543,18.493545195656));
#2065=CARTESIAN_POINT('Ctrl Pts',(-8.43754351325929,213.687518643503,18.6097698923461));
#2066=CARTESIAN_POINT('Ctrl Pts',(-5.41533100475864,214.998071118621,18.7259945890363));
#2067=CARTESIAN_POINT('Ctrl Pts',(-3.35737740092157,217.570257581735,18.8422192857264));
#2068=CARTESIAN_POINT('Ctrl Pts',(-2.74188847053862,220.806380201963,18.9584439824166));
#2069=CARTESIAN_POINT('Ctrl Pts',(-3.71188510416275,223.954462597221,19.0746686791068));
#2070=CARTESIAN_POINT('Ctrl Pts',(-6.04196961302049,226.282986253565,19.1908933757969));
#2071=CARTESIAN_POINT('Ctrl Pts',(-9.19070129027093,227.250873158764,19.3071180724871));
#2072=CARTESIAN_POINT('Ctrl Pts',(-12.4264107486011,226.633215860704,19.4233427691772));
#2073=CARTESIAN_POINT('Ctrl Pts',(-14.9972176121747,224.573539112576,19.5395674658674));
#2074=CARTESIAN_POINT('Ctrl Pts',(-16.3057446270451,221.550449089449,19.6557921625576));
#2075=CARTESIAN_POINT('Ctrl Pts',(-16.0479299494642,218.266419883033,19.7720168592477));
#2076=CARTESIAN_POINT('Ctrl Pts',(-14.2836818620427,215.484559907656,19.8882415559379));
#2077=CARTESIAN_POINT('Ctrl Pts',(-11.4229579126142,213.851288735517,20.004466252628));
#2078=CARTESIAN_POINT('Ctrl Pts',(-8.13050326014939,213.746128866569,20.1206909493182));
#2079=CARTESIAN_POINT('Ctrl Pts',(-5.17138413615001,215.193516253054,20.2369156460084));
#2080=CARTESIAN_POINT('Ctrl Pts',(-3.23320974278637,217.857122128082,20.3531403426985));
#2081=CARTESIAN_POINT('Ctrl Pts',(-2.7663528066848,221.118005572456,20.4693650393887));
#2082=CARTESIAN_POINT('Ctrl Pts',(-3.87929666761918,224.218436542334,20.5855897360789));
#2083=CARTESIAN_POINT('Ctrl Pts',(-6.31342705282492,226.437969264416,20.701814432769));
#2084=CARTESIAN_POINT('Ctrl Pts',(-9.50312616118805,227.260851901662,20.8180391294592));
#2085=CARTESIAN_POINT('Ctrl Pts',(-12.7072050215467,226.495871579575,20.9342638261493));
#2086=CARTESIAN_POINT('Ctrl Pts',(-15.1811332461247,224.320786437287,21.0504885228395));
#2087=CARTESIAN_POINT('Ctrl Pts',(-16.3500452274781,221.241020047374,21.1667132195296));
#2088=CARTESIAN_POINT('Ctrl Pts',(-15.9423214054438,217.972216363837,21.2829379162198));
#2089=CARTESIAN_POINT('Ctrl Pts',(-14.05270438425,215.273945852975,21.39916261291));
#2090=CARTESIAN_POINT('Ctrl Pts',(-11.1202836353863,213.773204440111,21.5153873096001));
#2091=CARTESIAN_POINT('Ctrl Pts',(-7.82646447148803,213.818718743589,21.6316120062903));
#2092=CARTESIAN_POINT('Ctrl Pts',(-4.93663019478336,215.399912624967,21.7478367029805));
#2093=CARTESIAN_POINT('Ctrl Pts',(-3.1222903185366,218.149364761033,21.8640613996706));
#2094=CARTESIAN_POINT('Ctrl Pts',(-2.80504219648456,221.428186175492,21.9802860963608));
#2095=CARTESIAN_POINT('Ctrl Pts',(-4.05860463643601,224.474478584985,22.0965107930509));
#2096=CARTESIAN_POINT('Ctrl Pts',(-6.5916878842657,226.580376372473,22.2127354897411));
#2097=CARTESIAN_POINT('Ctrl Pts',(-9.81568051540194,227.256532994026,22.3289601864313));
#2098=CARTESIAN_POINT('Ctrl Pts',(-12.9814247673003,226.345830248444,22.4451848831214));
#2099=CARTESIAN_POINT('Ctrl Pts',(-15.3532980932185,224.059887699582,22.5614095798116));
#2100=CARTESIAN_POINT('Ctrl Pts',(-16.3801492390522,220.929888872735,22.6776342765017));
#2101=CARTESIAN_POINT('Ctrl Pts',(-15.8233694721233,217.683150066482,22.7938589731919));
#2102=CARTESIAN_POINT('Ctrl Pts',(-13.8123369923987,215.074114855829,22.9100836698821));
#2103=CARTESIAN_POINT('Ctrl Pts',(-10.8143555435527,213.709042910235,23.0263083665722));
#2104=CARTESIAN_POINT('Ctrl Pts',(-7.5260625154639,213.905136886494,23.1425330632624));
#2105=CARTESIAN_POINT('Ctrl Pts',(-4.71156191462119,215.616827227958,23.2587577599525));
#2106=CARTESIAN_POINT('Ctrl Pts',(-3.02484730528378,218.446376269398,23.3749824566427));
#2107=CARTESIAN_POINT('Ctrl Pts',(-2.85788245078424,221.73626719881,23.4912071533329));
#2108=CARTESIAN_POINT('Ctrl Pts',(-4.2494132158227,224.722062696351,23.607431850023));
#2109=CARTESIAN_POINT('Ctrl Pts',(-6.87619515723681,226.709878475985,23.7236565467132));
#2110=CARTESIAN_POINT('Ctrl Pts',(-10.127589014778,227.237959868736,23.8398812434033));
#2111=CARTESIAN_POINT('Ctrl Pts',(-13.2485413238848,226.183217954078,23.9561059400935));
#2112=CARTESIAN_POINT('Ctrl Pts',(-14.7578145852838,224.588691551571,24.0335890712203));
#2113=CARTESIAN_POINT('Ctrl Pts',(-15.2825238266357,223.660851630196,24.0723306367837));
#2114=CARTESIAN_POINT('Ctrl Pts',(-12.3378810334931,214.092558471294,15.6719122667358));
#2115=CARTESIAN_POINT('Ctrl Pts',(-11.3098448828644,213.642576037367,15.7106538322991));
#2116=CARTESIAN_POINT('Ctrl Pts',(-9.03144633990011,213.253049611185,15.7881369634259));
#2117=CARTESIAN_POINT('Ctrl Pts',(-5.73664799907348,214.336237888872,15.9043616601161));
#2118=CARTESIAN_POINT('Ctrl Pts',(-3.33186091045009,216.834905723282,16.0205863568062));
#2119=CARTESIAN_POINT('Ctrl Pts',(-2.37524795184583,220.168417514786,16.1368110534964));
#2120=CARTESIAN_POINT('Ctrl Pts',(-3.08940848414998,223.56213448571,16.2530357501866));
#2121=CARTESIAN_POINT('Ctrl Pts',(-5.30825675061679,226.227462151681,16.3692604468767));
#2122=CARTESIAN_POINT('Ctrl Pts',(-8.51626445068556,227.545054797548,16.4854851435669));
#2123=CARTESIAN_POINT('Ctrl Pts',(-11.9679592388957,227.208745034666,16.601709840257));
#2124=CARTESIAN_POINT('Ctrl Pts',(-14.8612857932088,225.296680205538,16.7179345369472));
#2125=CARTESIAN_POINT('Ctrl Pts',(-16.523916975044,222.253166239641,16.8341592336374));
#2126=CARTESIAN_POINT('Ctrl Pts',(-16.5695107359082,218.785422977319,16.9503839303275));
#2127=CARTESIAN_POINT('Ctrl Pts',(-14.9874711832944,215.699248448527,17.0666086270177));
#2128=CARTESIAN_POINT('Ctrl Pts',(-12.1454167413931,213.71177563272,17.1828333237079));
#2129=CARTESIAN_POINT('Ctrl Pts',(-8.70375407244852,213.284832722543,17.299058020398));
#2130=CARTESIAN_POINT('Ctrl Pts',(-5.46222093337776,214.517628246841,17.4152827170882));
#2131=CARTESIAN_POINT('Ctrl Pts',(-3.17405088903185,217.12369805769,17.5315074137783));
#2132=CARTESIAN_POINT('Ctrl Pts',(-2.37094502686345,220.497470864353,17.6477321104685));
#2133=CARTESIAN_POINT('Ctrl Pts',(-3.23952068888299,223.854984572402,17.7639568071586));
#2134=CARTESIAN_POINT('Ctrl Pts',(-5.57794733814197,226.416055206084,17.8801815038488));
#2135=CARTESIAN_POINT('Ctrl Pts',(-8.84284580579907,227.585567915012,17.996406200539));
#2136=CARTESIAN_POINT('Ctrl Pts',(-12.2755530799871,227.091763548174,18.1126308972291));
#2137=CARTESIAN_POINT('Ctrl Pts',(-15.0784124889906,225.049387207932,18.2288555939193));
#2138=CARTESIAN_POINT('Ctrl Pts',(-16.6001248317501,221.933024981214,18.3450802906095));
#2139=CARTESIAN_POINT('Ctrl Pts',(-16.487090484046,218.466824580433,18.4613049872996));
#2140=CARTESIAN_POINT('Ctrl Pts',(-14.7655751873157,215.456225459784,18.5775296839898));
#2141=CARTESIAN_POINT('Ctrl Pts',(-11.8356066896953,213.600799205496,18.6937543806799));
#2142=CARTESIAN_POINT('Ctrl Pts',(-8.37802047520583,213.33169039571,18.8099790773701));
#2143=CARTESIAN_POINT('Ctrl Pts',(-5.19625432338237,214.711431725544,18.9262037740603));
#2144=CARTESIAN_POINT('Ctrl Pts',(-3.02965382778705,217.419413312377,19.0424284707504));
#2145=CARTESIAN_POINT('Ctrl Pts',(-2.38167098739901,220.826382672483,19.1586531674406));
#2146=CARTESIAN_POINT('Ctrl Pts',(-3.40287728826867,224.140663842391,19.2748778641307));
#2147=CARTESIAN_POINT('Ctrl Pts',(-5.85597547389222,226.592118772392,19.3911025608209));
#2148=CARTESIAN_POINT('Ctrl Pts',(-9.1709402037616,227.611103964562,19.5073272575111));
#2149=CARTESIAN_POINT('Ctrl Pts',(-12.5774745896436,226.960838280443,19.6235519542012));
#2150=CARTESIAN_POINT('Ctrl Pts',(-15.284003742834,224.792423669473,19.7397766508914));
#2151=CARTESIAN_POINT('Ctrl Pts',(-16.6616126809714,221.609733675819,19.8560013475815));
#2152=CARTESIAN_POINT('Ctrl Pts',(-16.3901870243497,218.152328565759,19.9722260442717));
#2153=CARTESIAN_POINT('Ctrl Pts',(-14.5327978327598,215.223604035677,20.0884507409619));
#2154=CARTESIAN_POINT('Ctrl Pts',(-11.5210458112191,213.504106509397,20.204675437652));
#2155=CARTESIAN_POINT('Ctrl Pts',(-8.05477044502278,213.39339486665,20.3209001343422));
#2156=CARTESIAN_POINT('Ctrl Pts',(-4.93942860804995,214.917195122899,20.4371248310324));
#2157=CARTESIAN_POINT('Ctrl Pts',(-2.89893090519489,217.721422486503,20.5533495277225));
#2158=CARTESIAN_POINT('Ctrl Pts',(-2.40742688525789,221.154459885152,20.6695742244127));
#2159=CARTESIAN_POINT('Ctrl Pts',(-3.57912711998344,224.418573936787,20.7857989211028));
#2160=CARTESIAN_POINT('Ctrl Pts',(-6.14176414401419,226.755283902788,20.902023617793));
#2161=CARTESIAN_POINT('Ctrl Pts',(-9.49985912540457,227.621609521767,21.0182483144832));
#2162=CARTESIAN_POINT('Ctrl Pts',(-12.8730930184507,226.816243092774,21.1344730111733));
#2163=CARTESIAN_POINT('Ctrl Pts',(-15.4776289552396,224.526327256743,21.2506977078635));
#2164=CARTESIAN_POINT('Ctrl Pts',(-16.7082520720026,221.283968743771,21.3669224045536));
#2165=CARTESIAN_POINT('Ctrl Pts',(-16.2790030193327,217.842592967587,21.4831471012438));
#2166=CARTESIAN_POINT('Ctrl Pts',(-14.2896262097825,215.001870895339,21.599371797934));
#2167=CARTESIAN_POINT('Ctrl Pts',(-11.2023922527408,213.421899858669,21.7155964946241));
#2168=CARTESIAN_POINT('Ctrl Pts',(-7.7346803375657,213.469817028565,21.8318211913143));
#2169=CARTESIAN_POINT('Ctrl Pts',(-4.69228114818516,215.134487913583,21.9480458880044));
#2170=CARTESIAN_POINT('Ctrl Pts',(-2.78215563917207,218.029093676079,22.0642705846946));
#2171=CARTESIAN_POINT('Ctrl Pts',(-2.44815882933969,221.481016055811,22.1804952813848));
#2172=CARTESIAN_POINT('Ctrl Pts',(-3.76790141177427,224.688133374603,22.2967199780749));
#2173=CARTESIAN_POINT('Ctrl Pts',(-6.43471538168071,226.905209202521,22.4129446747651));
#2174=CARTESIAN_POINT('Ctrl Pts',(-9.82891436624074,227.617062603213,22.5291693714552));
#2175=CARTESIAN_POINT('Ctrl Pts',(-13.161789826748,226.658280531431,22.6453940681454));
#2176=CARTESIAN_POINT('Ctrl Pts',(-15.6588830138063,224.251654721193,22.7616187648356));
#2177=CARTESIAN_POINT('Ctrl Pts',(-16.739945384366,220.95641181736,22.8778434615257));
#2178=CARTESIAN_POINT('Ctrl Pts',(-16.1537711787297,217.538265803971,22.9940681582159));
#2179=CARTESIAN_POINT('Ctrl Pts',(-14.036568944867,214.791490089549,23.1102928549061));
#2180=CARTESIAN_POINT('Ctrl Pts',(-10.8803130988924,213.354351007146,23.2265175515962));
#2181=CARTESIAN_POINT('Ctrl Pts',(-7.41841906443196,213.560797501058,23.3427422482864));
#2182=CARTESIAN_POINT('Ctrl Pts',(-4.4553306909771,215.362854231203,23.4589669449765));
#2183=CARTESIAN_POINT('Ctrl Pts',(-2.67956825313372,218.341785507431,23.5751916416667));
#2184=CARTESIAN_POINT('Ctrl Pts',(-2.50378871377421,221.805361802265,23.6914163383568));
#2185=CARTESIAN_POINT('Ctrl Pts',(-3.96878347339716,224.94878835603,23.807641035047));
#2186=CARTESIAN_POINT('Ctrl Pts',(-6.73424283335425,227.041548195356,23.9238657317372));
#2187=CARTESIAN_POINT('Ctrl Pts',(-10.1572896552019,227.597508934761,24.0400904284273));
#2188=CARTESIAN_POINT('Ctrl Pts',(-13.4430084425607,226.487083339761,24.1563151251175));
#2189=CARTESIAN_POINT('Ctrl Pts',(-15.0319617552296,224.808376061099,24.2337982562443));
#2190=CARTESIAN_POINT('Ctrl Pts',(-15.5843723150385,223.831552079383,24.2725398218077));
#2191=CARTESIAN_POINT('Ctrl Pts',(-12.4769301559873,213.774884904818,15.8721214517597));
#2192=CARTESIAN_POINT('Ctrl Pts',(-11.3973418467544,213.30233753892,15.9108630173231));
#2193=CARTESIAN_POINT('Ctrl Pts',(-9.00469015911351,212.893277822891,15.9883461484499));
#2194=CARTESIAN_POINT('Ctrl Pts',(-5.54467003446987,214.030783931577,16.1045708451401));
#2195=CARTESIAN_POINT('Ctrl Pts',(-3.01929188946555,216.654750589787,16.2207955418302));
#2196=CARTESIAN_POINT('Ctrl Pts',(-2.0147083775547,220.155425499514,16.3370202385204));
#2197=CARTESIAN_POINT('Ctrl Pts',(-2.76468138299776,223.719324652685,16.4532449352105));
#2198=CARTESIAN_POINT('Ctrl Pts',(-5.09479657104283,226.518308508163,16.5694696319007));
#2199=CARTESIAN_POINT('Ctrl Pts',(-8.46367382969316,227.901973485255,16.6856943285909));
#2200=CARTESIAN_POINT('Ctrl Pts',(-12.0884581703148,227.548799048669,16.801919025281));
#2201=CARTESIAN_POINT('Ctrl Pts',(-15.1268742035636,225.540851337142,16.9181437219712));
#2202=CARTESIAN_POINT('Ctrl Pts',(-16.8728801055717,222.344716556706,17.0343684186613));
#2203=CARTESIAN_POINT('Ctrl Pts',(-16.9207602226015,218.703078971165,17.1505931153515));
#2204=CARTESIAN_POINT('Ctrl Pts',(-15.2593873178632,215.462144360549,17.2668178120417));
#2205=CARTESIAN_POINT('Ctrl Pts',(-12.2748145012325,213.375007234534,17.3830425087318));
#2206=CARTESIAN_POINT('Ctrl Pts',(-8.66056535304475,212.926654738122,17.499267205422));
#2207=CARTESIAN_POINT('Ctrl Pts',(-5.25648148032125,214.221270335922,17.6154919021122));
#2208=CARTESIAN_POINT('Ctrl Pts',(-2.85356828714014,216.958024777016,17.7317165988023));
#2209=CARTESIAN_POINT('Ctrl Pts',(-2.01018967701714,220.500979640863,17.8479412954925));
#2210=CARTESIAN_POINT('Ctrl Pts',(-2.9223211519921,224.026860073261,17.9641659921826));
#2211=CARTESIAN_POINT('Ctrl Pts',(-5.37801113039882,226.716358797164,18.0803906888728));
#2212=CARTESIAN_POINT('Ctrl Pts',(-8.80663201533514,227.944518183666,18.196615385563));
#2213=CARTESIAN_POINT('Ctrl Pts',(-12.4114766892952,227.42595137922,18.3128400822531));
#2214=CARTESIAN_POINT('Ctrl Pts',(-15.3548889890797,225.281157522866,18.4290647789433));
#2215=CARTESIAN_POINT('Ctrl Pts',(-16.9529095005705,222.008521414454,18.5452894756334));
#2216=CARTESIAN_POINT('Ctrl Pts',(-16.8342069041213,218.368504059175,18.6615141723236));
#2217=CARTESIAN_POINT('Ctrl Pts',(-15.0263640696266,215.206934680072,18.7777388690138));
#2218=CARTESIAN_POINT('Ctrl Pts',(-11.9494686369929,213.258465755561,18.8939635657039));
#2219=CARTESIAN_POINT('Ctrl Pts',(-8.31849743715236,212.975862147917,19.0101882623941));
#2220=CARTESIAN_POINT('Ctrl Pts',(-4.9771776420061,214.424792332468,19.1264129590842));
#2221=CARTESIAN_POINT('Ctrl Pts',(-2.70193025465252,217.268569043019,19.2426376557744));
#2222=CARTESIAN_POINT('Ctrl Pts',(-2.02145350425941,220.846385143003,19.3588623524646));
#2223=CARTESIAN_POINT('Ctrl Pts',(-3.09386947237458,224.32686508756,19.4750870491547));
#2224=CARTESIAN_POINT('Ctrl Pts',(-5.66998133476394,226.901251291219,19.5913117458449));
#2225=CARTESIAN_POINT('Ctrl Pts',(-9.15117911725228,227.971334770361,19.7075364425351));
#2226=CARTESIAN_POINT('Ctrl Pts',(-12.728538430686,227.288460700182,19.8237611392252));
#2227=CARTESIAN_POINT('Ctrl Pts',(-15.5707898734933,225.011308226369,19.9399858359154));
#2228=CARTESIAN_POINT('Ctrl Pts',(-17.0174807348977,221.669018262188,20.0562105326055));
#2229=CARTESIAN_POINT('Ctrl Pts',(-16.7324440992352,218.038237248486,20.1724352292957));
#2230=CARTESIAN_POINT('Ctrl Pts',(-14.7819138034768,214.962648163699,20.2886599259858));
#2231=CARTESIAN_POINT('Ctrl Pts',(-11.619133709824,213.156924283277,20.404884622676));
#2232=CARTESIAN_POINT('Ctrl Pts',(-7.97903762989618,213.04066086673,20.5211093193662));
#2233=CARTESIAN_POINT('Ctrl Pts',(-4.70747307994989,214.640873992744,20.6373340160563));
#2234=CARTESIAN_POINT('Ctrl Pts',(-2.56465206760342,217.585722844923,20.7535587127465));
#2235=CARTESIAN_POINT('Ctrl Pts',(-2.04850096383097,221.190914197848,20.8697834094366));
#2236=CARTESIAN_POINT('Ctrl Pts',(-3.2789575723477,224.61871133124,20.9860081061268));
#2237=CARTESIAN_POINT('Ctrl Pts',(-5.97010123520345,227.07259854116,21.102232802817));
#2238=CARTESIAN_POINT('Ctrl Pts',(-9.49659208962109,227.982367141871,21.2184574995071));
#2239=CARTESIAN_POINT('Ctrl Pts',(-13.0389810153546,227.136614605974,21.3346821961973));
#2240=CARTESIAN_POINT('Ctrl Pts',(-15.7741246643545,224.731868076199,21.4509068928874));
#2241=CARTESIAN_POINT('Ctrl Pts',(-17.066458916527,221.326917440168,21.5671315895776));
#2242=CARTESIAN_POINT('Ctrl Pts',(-16.6156846332216,217.712969571338,21.6833562862678));
#2243=CARTESIAN_POINT('Ctrl Pts',(-14.526548035315,214.729795937702,21.7995809829579));
#2244=CARTESIAN_POINT('Ctrl Pts',(-11.2845008700953,213.070595277228,21.9158056796481));
#2245=CARTESIAN_POINT('Ctrl Pts',(-7.64289620364337,213.12091531354,22.0320303763383));
#2246=CARTESIAN_POINT('Ctrl Pts',(-4.44793210158695,214.869063202199,22.1482550730284));
#2247=CARTESIAN_POINT('Ctrl Pts',(-2.44202095980754,217.908822591125,22.2644797697186));
#2248=CARTESIAN_POINT('Ctrl Pts',(-2.09127546219482,221.53384593613,22.3807044664087));
#2249=CARTESIAN_POINT('Ctrl Pts',(-3.47719818711253,224.901788164221,22.4969291630989));
#2250=CARTESIAN_POINT('Ctrl Pts',(-6.27774287909573,227.230042032569,22.6131538597891));
#2251=CARTESIAN_POINT('Ctrl Pts',(-9.84214821707955,227.977592212399,22.7293785564792));
#2252=CARTESIAN_POINT('Ctrl Pts',(-13.3421548861957,226.970730814417,22.8456032531694));
#2253=CARTESIAN_POINT('Ctrl Pts',(-15.9644679343942,224.443421742803,22.9618279498595));
#2254=CARTESIAN_POINT('Ctrl Pts',(-17.0997415296798,220.982934761986,23.0780526465497));
#2255=CARTESIAN_POINT('Ctrl Pts',(-16.4841728853361,217.39338154146,23.1942773432399));
#2256=CARTESIAN_POINT('Ctrl Pts',(-14.2608008973353,214.50886532327,23.31050203993));
#2257=CARTESIAN_POINT('Ctrl Pts',(-10.9462706542321,212.999659104057,23.4267267366202));
#2258=CARTESIAN_POINT('Ctrl Pts',(-7.31077561340002,213.216458115622,23.5429514333103));
#2259=CARTESIAN_POINT('Ctrl Pts',(-4.19909946733302,215.108881234449,23.6591761300005));
#2260=CARTESIAN_POINT('Ctrl Pts',(-2.33428920098365,218.237194745464,23.7754008266907));
#2261=CARTESIAN_POINT('Ctrl Pts',(-2.14969497676419,221.87445640572,23.8916255233808));
#2262=CARTESIAN_POINT('Ctrl Pts',(-3.68815373097162,225.175514015709,24.007850220071));
#2263=CARTESIAN_POINT('Ctrl Pts',(-6.59229050947169,227.373217914728,24.1240749167611));
#2264=CARTESIAN_POINT('Ctrl Pts',(-10.1869902956258,227.957058000786,24.2402996134513));
#2265=CARTESIAN_POINT('Ctrl Pts',(-13.6374755612365,226.790948725444,24.3565243101415));
#2266=CARTESIAN_POINT('Ctrl Pts',(-15.3061089251753,225.028060570626,24.4340074412682));
#2267=CARTESIAN_POINT('Ctrl Pts',(-15.8862208034413,224.002252528571,24.4727490068316));
#2268=CARTESIAN_POINT('Ctrl Pts',(-12.6159792784815,213.457211338343,16.0723306367837));
#2269=CARTESIAN_POINT('Ctrl Pts',(-11.4848388106444,212.962099040473,16.1110722023471));
#2270=CARTESIAN_POINT('Ctrl Pts',(-8.9779339783269,212.533506034598,16.1885553334739));
#2271=CARTESIAN_POINT('Ctrl Pts',(-5.35269206986627,213.725329974281,16.304780030164));
#2272=CARTESIAN_POINT('Ctrl Pts',(-2.706722868481,216.474595456292,16.4210047268542));
#2273=CARTESIAN_POINT('Ctrl Pts',(-1.65416880326358,220.142433484242,16.5372294235444));
#2274=CARTESIAN_POINT('Ctrl Pts',(-2.43995428184555,223.87651481966,16.6534541202345));
#2275=CARTESIAN_POINT('Ctrl Pts',(-4.88133639146887,226.809154864645,16.7696788169247));
#2276=CARTESIAN_POINT('Ctrl Pts',(-8.41108320870075,228.258892172961,16.8859035136148));
#2277=CARTESIAN_POINT('Ctrl Pts',(-12.2089571017339,227.888853062671,17.002128210305));
#2278=CARTESIAN_POINT('Ctrl Pts',(-15.3924626139184,225.785022468745,17.1183529069952));
#2279=CARTESIAN_POINT('Ctrl Pts',(-17.2218432360994,222.436266873771,17.2345776036853));
#2280=CARTESIAN_POINT('Ctrl Pts',(-17.2720097092948,218.620734965012,17.3508023003755));
#2281=CARTESIAN_POINT('Ctrl Pts',(-15.5313034524321,215.225040272572,17.4670269970657));
#2282=CARTESIAN_POINT('Ctrl Pts',(-12.4042122610719,213.038238836349,17.5832516937558));
#2283=CARTESIAN_POINT('Ctrl Pts',(-8.61737663364099,212.5684767537,17.699476390446));
#2284=CARTESIAN_POINT('Ctrl Pts',(-5.05074202726475,213.924912425003,17.8157010871361));
#2285=CARTESIAN_POINT('Ctrl Pts',(-2.53308568524843,216.792351496341,17.9319257838263));
#2286=CARTESIAN_POINT('Ctrl Pts',(-1.64943432717083,220.504488417373,18.0481504805164));
#2287=CARTESIAN_POINT('Ctrl Pts',(-2.60512161510122,224.198735574119,18.1643751772066));
#2288=CARTESIAN_POINT('Ctrl Pts',(-5.17807492265568,227.016662388244,18.2805998738968));
#2289=CARTESIAN_POINT('Ctrl Pts',(-8.77041822487121,228.303468452321,18.3968245705869));
#2290=CARTESIAN_POINT('Ctrl Pts',(-12.5474002986032,227.760139210267,18.5130492672771));
#2291=CARTESIAN_POINT('Ctrl Pts',(-15.6313654891688,225.512927837799,18.6292739639673));
#2292=CARTESIAN_POINT('Ctrl Pts',(-17.3056941693908,222.084017847694,18.7454986606574));
#2293=CARTESIAN_POINT('Ctrl Pts',(-17.1813233241967,218.270183537918,18.8617233573476));
#2294=CARTESIAN_POINT('Ctrl Pts',(-15.2871529519375,214.957643900361,18.9779480540377));
#2295=CARTESIAN_POINT('Ctrl Pts',(-12.0633305842905,212.916132305627,19.0941727507279));
#2296=CARTESIAN_POINT('Ctrl Pts',(-8.25897439909889,212.620033900125,19.2103974474181));
#2297=CARTESIAN_POINT('Ctrl Pts',(-4.75810096062983,214.138152939391,19.3266221441082));
#2298=CARTESIAN_POINT('Ctrl Pts',(-2.374206681518,217.11772477366,19.4428468407984));
#2299=CARTESIAN_POINT('Ctrl Pts',(-1.6612360211198,220.866387613523,19.5590715374885));
#2300=CARTESIAN_POINT('Ctrl Pts',(-2.78486165648051,224.51306633273,19.6752962341787));
#2301=CARTESIAN_POINT('Ctrl Pts',(-5.48398719563567,227.210383810046,19.7915209308689));
#2302=CARTESIAN_POINT('Ctrl Pts',(-9.13141803074295,228.331565576159,19.907745627559));
#2303=CARTESIAN_POINT('Ctrl Pts',(-12.8796022717284,227.616083119921,20.0239703242492));
#2304=CARTESIAN_POINT('Ctrl Pts',(-15.8575760041526,225.230192783266,20.1401950209394));
#2305=CARTESIAN_POINT('Ctrl Pts',(-17.373348788824,221.728302848558,20.2564197176295));
#2306=CARTESIAN_POINT('Ctrl Pts',(-17.0747011741207,217.924145931213,20.3726444143197));
#2307=CARTESIAN_POINT('Ctrl Pts',(-15.0310297741939,214.70169229172,20.4888691110098));
#2308=CARTESIAN_POINT('Ctrl Pts',(-11.717221608429,212.809742057157,20.6050938077));
#2309=CARTESIAN_POINT('Ctrl Pts',(-7.90330481476957,212.68792686681,20.7213185043902));
#2310=CARTESIAN_POINT('Ctrl Pts',(-4.47551755184983,214.364552862589,20.8375432010803));
#2311=CARTESIAN_POINT('Ctrl Pts',(-2.23037323001194,217.450023203343,20.9537678977705));
#2312=CARTESIAN_POINT('Ctrl Pts',(-1.68957504240406,221.227368510545,21.0699925944606));
#2313=CARTESIAN_POINT('Ctrl Pts',(-2.97878802471196,224.818848725694,21.1862172911508));
#2314=CARTESIAN_POINT('Ctrl Pts',(-5.79843832639273,227.389913179531,21.3024419878409));
#2315=CARTESIAN_POINT('Ctrl Pts',(-9.4933250538376,228.343124761976,21.4186666845311));
#2316=CARTESIAN_POINT('Ctrl Pts',(-13.2048690122586,227.456986119173,21.5348913812213));
#2317=CARTESIAN_POINT('Ctrl Pts',(-16.0706203734694,224.937408895656,21.6511160779114));
#2318=CARTESIAN_POINT('Ctrl Pts',(-17.4246657610515,221.369866136565,21.7673407746016));
#2319=CARTESIAN_POINT('Ctrl Pts',(-16.9523662471106,217.583346175088,21.8835654712917));
#2320=CARTESIAN_POINT('Ctrl Pts',(-14.7634698608475,214.457720980065,21.9997901679819));
#2321=CARTESIAN_POINT('Ctrl Pts',(-11.3666094874498,212.719290695786,22.1160148646721));
#2322=CARTESIAN_POINT('Ctrl Pts',(-7.55111206972104,212.772013598516,22.2322395613622));
#2323=CARTESIAN_POINT('Ctrl Pts',(-4.20358305498874,214.603638490815,22.3484642580524));
#2324=CARTESIAN_POINT('Ctrl Pts',(-2.10188628044302,217.788551506171,22.4646889547426));
#2325=CARTESIAN_POINT('Ctrl Pts',(-1.73439209504995,221.586675816448,22.5809136514327));
#2326=CARTESIAN_POINT('Ctrl Pts',(-3.18649496245079,225.115442953839,22.6971383481229));
#2327=CARTESIAN_POINT('Ctrl Pts',(-6.12077037651074,227.554874862617,22.813363044813));
#2328=CARTESIAN_POINT('Ctrl Pts',(-9.85538206791836,228.338121821586,22.9295877415032));
#2329=CARTESIAN_POINT('Ctrl Pts',(-13.5225199456434,227.283181097404,23.0458124381934));
#2330=CARTESIAN_POINT('Ctrl Pts',(-16.270052854982,224.635188764414,23.1620371348835));
#2331=CARTESIAN_POINT('Ctrl Pts',(-17.4595376749936,221.009457706611,23.2782618315737));
#2332=CARTESIAN_POINT('Ctrl Pts',(-16.8145745919425,217.248497278949,23.3944865282638));
#2333=CARTESIAN_POINT('Ctrl Pts',(-14.4850328498036,214.22624055699,23.510711224954));
#2334=CARTESIAN_POINT('Ctrl Pts',(-11.0122282095717,212.644967200967,23.6269359216442));
#2335=CARTESIAN_POINT('Ctrl Pts',(-7.20313216236808,212.872118730186,23.7431606183343));
#2336=CARTESIAN_POINT('Ctrl Pts',(-3.94286824368893,214.854908237694,23.8593853150245));
#2337=CARTESIAN_POINT('Ctrl Pts',(-1.98901014883359,218.132603983497,23.9756100117146));
#2338=CARTESIAN_POINT('Ctrl Pts',(-1.79560123975416,221.943551009175,24.0918347084048));
#2339=CARTESIAN_POINT('Ctrl Pts',(-3.40752398854608,225.402239675389,24.208059405095));
#2340=CARTESIAN_POINT('Ctrl Pts',(-6.45033818558913,227.7048876341,24.3242841017851));
#2341=CARTESIAN_POINT('Ctrl Pts',(-10.2166909360496,228.316607066811,24.4405087984753));
#2342=CARTESIAN_POINT('Ctrl Pts',(-13.8319426799123,227.094814111127,24.5567334951655));
#2343=CARTESIAN_POINT('Ctrl Pts',(-15.5802560951211,225.247745080153,24.6342166262922));
#2344=CARTESIAN_POINT('Ctrl Pts',(-16.188069291844,224.172952977759,24.6729581918556));
#2345=CARTESIAN_POINT('Ctrl Pts',(-2.78192770235081,217.407664783071,23.8397304139589));
#2346=CARTESIAN_POINT('Ctrl Pts',(-2.65608314983306,217.689612289822,23.849657552545));
#2347=CARTESIAN_POINT('Ctrl Pts',(-2.54779575923223,217.979338464813,23.859584691131));
#2348=CARTESIAN_POINT('Ctrl Pts',(-2.45830795211686,218.274759153476,23.8695118297171));
#2349=CARTESIAN_POINT('Ctrl Pts',(-2.1090736066475,219.427665389183,23.9082533952805));
#2350=CARTESIAN_POINT('Ctrl Pts',(-2.04616104510157,220.66730031832,23.9469949608438));
#2351=CARTESIAN_POINT('Ctrl Pts',(-2.27687001210168,221.849643481982,23.9857365264072));
#2352=CARTESIAN_POINT('Ctrl Pts',(-2.44876151470116,222.730557412778,24.014601229866));
#2353=CARTESIAN_POINT('Ctrl Pts',(-2.78364557017301,223.579668051903,24.0434659333249));
#2354=CARTESIAN_POINT('Ctrl Pts',(-3.25633478791961,224.342907541696,24.0723306367837));
#2355=CARTESIAN_POINT('Ctrl Pts',(-3.90583828769807,223.762329113596,16.0723306367837));
#2356=CARTESIAN_POINT('Ctrl Pts',(-4.35685961714175,224.52605875542,16.1045708451401));
#2357=CARTESIAN_POINT('Ctrl Pts',(-5.69216722243662,226.006623124529,16.1755526190598));
#2358=CARTESIAN_POINT('Ctrl Pts',(-8.56885507167796,227.188136109841,16.2852759585429));
#2359=CARTESIAN_POINT('Ctrl Pts',(-11.8474603074765,226.868691020663,16.4015006552331));
#2360=CARTESIAN_POINT('Ctrl Pts',(-14.595697382854,225.052509073934,16.5177253519232));
#2361=CARTESIAN_POINT('Ctrl Pts',(-16.1749538445162,222.161615922576,16.6339500486134));
#2362=CARTESIAN_POINT('Ctrl Pts',(-16.2182612492149,218.867766983473,16.7501747453035));
#2363=CARTESIAN_POINT('Ctrl Pts',(-14.7155550487255,215.936352536504,16.8663994419937));
#2364=CARTESIAN_POINT('Ctrl Pts',(-12.0160189815538,214.048544030906,16.9826241386839));
#2365=CARTESIAN_POINT('Ctrl Pts',(-8.74694279185228,213.643010706965,17.098848835374));
#2366=CARTESIAN_POINT('Ctrl Pts',(-5.66796038643426,214.81398615776,17.2150735320642));
#2367=CARTESIAN_POINT('Ctrl Pts',(-4.1323472609602,216.562944902033,17.297190933901));
#2368=CARTESIAN_POINT('Ctrl Pts',(-3.6159178879254,217.639124430532,17.3405667701745));
#2369=CARTESIAN_POINT('Ctrl Pts',(-3.56415720909655,217.755629962851,17.3452010408845));
#2370=CARTESIAN_POINT('Origin',(-9.5650092758881,220.4275,13.299460232683));
#2371=CARTESIAN_POINT('Ctrl Pts',(-10.8733002514887,226.864340073022,16.0723306367837));
#2372=CARTESIAN_POINT('Ctrl Pts',(-11.9336445354199,226.648824565108,16.1116571616591));
#2373=CARTESIAN_POINT('Ctrl Pts',(-13.944724022054,225.683686436965,16.1903102114098));
#2374=CARTESIAN_POINT('Ctrl Pts',(-15.9140824142849,222.977211732772,16.3082897860358));
#2375=CARTESIAN_POINT('Ctrl Pts',(-16.3637563910333,219.660801150362,16.4262693606618));
#2376=CARTESIAN_POINT('Ctrl Pts',(-15.1866867486407,216.527700966352,16.5442489352879));
#2377=CARTESIAN_POINT('Ctrl Pts',(-12.6642983492393,214.327855959688,16.6622285099139));
#2378=CARTESIAN_POINT('Ctrl Pts',(-9.4002999115264,213.587596784075,16.7802080845399));
#2379=CARTESIAN_POINT('Ctrl Pts',(-6.17569931963963,214.484105548527,16.8981876591659));
#2380=CARTESIAN_POINT('Ctrl Pts',(-4.33963894360129,216.248034197351,16.9879383752136));
#2381=CARTESIAN_POINT('Ctrl Pts',(-3.68857310181046,217.476714773456,17.038362566386));
#2382=CARTESIAN_POINT('Ctrl Pts',(-3.56463073607724,217.755786681791,17.049460232683));
#2383=CARTESIAN_POINT('Ctrl Pts',(-11.0805076137883,227.883807972709,15.4717060481308));
#2384=CARTESIAN_POINT('Ctrl Pts',(-12.3087894179656,227.634159079515,15.5110325730062));
#2385=CARTESIAN_POINT('Ctrl Pts',(-14.6383840389023,226.516162199368,15.5896856227568));
#2386=CARTESIAN_POINT('Ctrl Pts',(-16.9196497709276,223.381035540032,15.7076651973829));
#2387=CARTESIAN_POINT('Ctrl Pts',(-17.4405431937736,219.539371247325,15.8256447720089));
#2388=CARTESIAN_POINT('Ctrl Pts',(-16.0770490476646,215.910050087204,15.9436243466349));
#2389=CARTESIAN_POINT('Ctrl Pts',(-13.1551643155035,213.361793228896,16.061603921261));
#2390=CARTESIAN_POINT('Ctrl Pts',(-9.37421321248779,212.50429167062,16.179583495887));
#2391=CARTESIAN_POINT('Ctrl Pts',(-5.6388997932747,213.54278965599,16.297563070513));
#2392=CARTESIAN_POINT('Ctrl Pts',(-2.8430941269063,216.228758906136,16.4155426451391));
#2393=CARTESIAN_POINT('Ctrl Pts',(-1.65580657379522,219.919469767153,16.5335222197651));
#2394=CARTESIAN_POINT('Ctrl Pts',(-2.36115512168646,223.731748401517,16.6515017943911));
#2395=CARTESIAN_POINT('Ctrl Pts',(-4.79035060489922,226.753336870907,16.7694813690172));
#2396=CARTESIAN_POINT('Ctrl Pts',(-8.36209940098862,228.261182603102,16.8874609436432));
#2397=CARTESIAN_POINT('Ctrl Pts',(-12.2216985891229,227.894465774778,17.0054405182692));
#2398=CARTESIAN_POINT('Ctrl Pts',(-15.4455648397448,225.740939767727,17.1234200928953));
#2399=CARTESIAN_POINT('Ctrl Pts',(-17.2622422961059,222.315933123125,17.2413996675213));
#2400=CARTESIAN_POINT('Ctrl Pts',(-17.2370088048862,218.439033471428,17.3593792421473));
#2401=CARTESIAN_POINT('Ctrl Pts',(-15.3759025949998,215.037964334134,17.4773588167734));
#2402=CARTESIAN_POINT('Ctrl Pts',(-12.1242774723811,212.926585243756,17.5953383913994));
#2403=CARTESIAN_POINT('Ctrl Pts',(-8.26023173677554,212.610139099566,17.7133179660254));
#2404=CARTESIAN_POINT('Ctrl Pts',(-4.70841301246825,214.164349945118,17.8312975406514));
#2405=CARTESIAN_POINT('Ctrl Pts',(-2.31875449316821,217.217302576153,17.9492771152775));
#2406=CARTESIAN_POINT('Ctrl Pts',(-1.663090008021,221.038440062251,18.0672566899035));
#2407=CARTESIAN_POINT('Ctrl Pts',(-2.89831692511293,224.713382520099,18.1852362645295));
#2408=CARTESIAN_POINT('Ctrl Pts',(-5.72885136444895,227.362733835587,18.3032158391556));
#2409=CARTESIAN_POINT('Ctrl Pts',(-9.47736000304379,228.352516938835,18.4211954137816));
#2410=CARTESIAN_POINT('Ctrl Pts',(-13.2468426924833,227.445881477824,18.5391749884077));
#2411=CARTESIAN_POINT('Ctrl Pts',(-16.1352802944949,224.859780972352,18.6571545630337));
#2412=CARTESIAN_POINT('Ctrl Pts',(-17.4514835368813,221.213056876694,18.7751341376597));
#2413=CARTESIAN_POINT('Ctrl Pts',(-16.880491293064,217.378352786072,18.8931137122857));
#2414=CARTESIAN_POINT('Ctrl Pts',(-14.558939269892,214.27329500741,19.0110932869118));
#2415=CARTESIAN_POINT('Ctrl Pts',(-11.0423637379623,212.640908982795,19.1290728615378));
#2416=CARTESIAN_POINT('Ctrl Pts',(-7.17226436507653,212.871816862943,19.2470524361638));
#2417=CARTESIAN_POINT('Ctrl Pts',(-3.87473737953154,214.91076349901,19.3650320107899));
#2418=CARTESIAN_POINT('Ctrl Pts',(-1.93886518200579,218.26983873484,19.4830115854159));
#2419=CARTESIAN_POINT('Ctrl Pts',(-1.82789270960711,222.1452319685,19.6009911600419));
#2420=CARTESIAN_POINT('Ctrl Pts',(-3.56837514302498,225.609580176185,19.718970734668));
#2421=CARTESIAN_POINT('Ctrl Pts',(-6.74382337908593,227.833881438429,19.836950309294));
#2422=CARTESIAN_POINT('Ctrl Pts',(-10.5943678766687,228.285871125547,19.95492988392));
#2423=CARTESIAN_POINT('Ctrl Pts',(-14.1985917953984,226.857390272059,20.0729094585461));
#2424=CARTESIAN_POINT('Ctrl Pts',(-16.6940216286622,223.890267498666,20.1908890331721));
#2425=CARTESIAN_POINT('Ctrl Pts',(-17.4835129794048,220.0945210619,20.3088686077981));
#2426=CARTESIAN_POINT('Ctrl Pts',(-16.3781443518843,216.378454888859,20.4268481824242));
#2427=CARTESIAN_POINT('Ctrl Pts',(-13.6424251599923,213.631305801488,20.5448277570502));
#2428=CARTESIAN_POINT('Ctrl Pts',(-9.93099989245744,212.510453407715,20.6628073316762));
#2429=CARTESIAN_POINT('Ctrl Pts',(-6.13199482478259,213.284112312472,20.7807869063023));
#2430=CARTESIAN_POINT('Ctrl Pts',(-3.15449365882597,215.767149648446,20.8987664809283));
#2431=CARTESIAN_POINT('Ctrl Pts',(-1.71099815070395,219.365386483783,21.0167460555543));
#2432=CARTESIAN_POINT('Ctrl Pts',(-2.14692985600681,223.217781992218,21.1347256301804));
#2433=CARTESIAN_POINT('Ctrl Pts',(-4.35797240730937,226.402476395371,21.2527052048064));
#2434=CARTESIAN_POINT('Ctrl Pts',(-7.81503392094024,228.157387588615,21.3706847794324));
#2435=CARTESIAN_POINT('Ctrl Pts',(-11.690856148296,228.062573735809,21.4886643540585));
#2436=CARTESIAN_POINT('Ctrl Pts',(-15.0579734096467,226.14072333723,21.6066439286845));
#2437=CARTESIAN_POINT('Ctrl Pts',(-17.1106506844452,222.85172598115,21.7246235033105));
#2438=CARTESIAN_POINT('Ctrl Pts',(-17.3576921414992,218.982622967851,21.8426030779365));
#2439=CARTESIAN_POINT('Ctrl Pts',(-15.7399819421854,215.459272103635,21.9605826525626));
#2440=CARTESIAN_POINT('Ctrl Pts',(-12.6446303872938,213.12479435631,22.0785622271886));
#2441=CARTESIAN_POINT('Ctrl Pts',(-8.81234025580669,212.537819070187,22.1965418018147));
#2442=CARTESIAN_POINT('Ctrl Pts',(-5.16016022823847,213.838806595971,22.3145213764407));
#2443=CARTESIAN_POINT('Ctrl Pts',(-2.5620394292832,216.71643690214,22.4325009510667));
#2444=CARTESIAN_POINT('Ctrl Pts',(-1.63969581859598,220.482106748136,22.5504805256928));
#2445=CARTESIAN_POINT('Ctrl Pts',(-2.61384156868671,224.234709614421,22.6684601003188));
#2446=CARTESIAN_POINT('Ctrl Pts',(-5.25136877955802,227.076265136652,22.7864396749448));
#2447=CARTESIAN_POINT('Ctrl Pts',(-8.92112873129215,228.32680376328,22.9044192495708));
#2448=CARTESIAN_POINT('Ctrl Pts',(-12.7449678839443,227.687075283339,23.0223988241969));
#2449=CARTESIAN_POINT('Ctrl Pts',(-15.8078546485564,225.310168721441,23.1403783988229));
#2450=CARTESIAN_POINT('Ctrl Pts',(-17.3768665290107,221.764855459631,23.258357973449));
#2451=CARTESIAN_POINT('Ctrl Pts',(-17.0765220503133,217.899536150705,23.376337548075));
#2452=CARTESIAN_POINT('Ctrl Pts',(-14.9787485419707,214.639111375979,23.494317122701));
#2453=CARTESIAN_POINT('Ctrl Pts',(-11.5854204758696,212.763901252931,23.612296697327));
#2454=CARTESIAN_POINT('Ctrl Pts',(-7.70882512980959,212.722391992103,23.7302762719531));
#2455=CARTESIAN_POINT('Ctrl Pts',(-4.27611482310093,214.525082331681,23.8482558465791));
#2456=CARTESIAN_POINT('Ctrl Pts',(-2.83222148950721,216.668000940289,23.9269088963298));
#2457=CARTESIAN_POINT('Ctrl Pts',(-2.40715379400604,217.847118497866,23.9662354212051));
#2458=CARTESIAN_POINT('Ctrl Pts',(-11.0114384930218,227.54398533948,15.6719142443484));
#2459=CARTESIAN_POINT('Ctrl Pts',(-12.1837411237837,227.305714241379,15.7112407692238));
#2460=CARTESIAN_POINT('Ctrl Pts',(-14.4071640332862,226.238670278567,15.7898938189745));
#2461=CARTESIAN_POINT('Ctrl Pts',(-16.5844606520467,223.246427604279,15.9078733936005));
#2462=CARTESIAN_POINT('Ctrl Pts',(-17.0816142595268,219.579847881671,16.0258529682265));
#2463=CARTESIAN_POINT('Ctrl Pts',(-15.7802616146567,216.115933713587,16.1438325428526));
#2464=CARTESIAN_POINT('Ctrl Pts',(-12.9915423267488,213.68381413916,16.2618121174786));
#2465=CARTESIAN_POINT('Ctrl Pts',(-9.382908778834,212.865393375105,16.3797916921046));
#2466=CARTESIAN_POINT('Ctrl Pts',(-5.81783296872968,213.856561620169,16.4977712667307));
#2467=CARTESIAN_POINT('Ctrl Pts',(-3.14944666956275,216.420117318367,16.6157508413567));
#2468=CARTESIAN_POINT('Ctrl Pts',(-2.01626996919205,219.942623340224,16.7337304159827));
#2469=CARTESIAN_POINT('Ctrl Pts',(-2.6894721248251,223.581156661375,16.8517099906088));
#2470=CARTESIAN_POINT('Ctrl Pts',(-5.00795656863943,226.465035670002,16.9696895652348));
#2471=CARTESIAN_POINT('Ctrl Pts',(-8.41692224397226,227.90416105037,17.0876691398608));
#2472=CARTESIAN_POINT('Ctrl Pts',(-12.1006194757871,227.554157410222,17.2056487144869));
#2473=CARTESIAN_POINT('Ctrl Pts',(-15.177557417858,225.498778754531,17.3236282891129));
#2474=CARTESIAN_POINT('Ctrl Pts',(-16.9114394586853,222.229867429631,17.4416078637389));
#2475=CARTESIAN_POINT('Ctrl Pts',(-16.887355988557,218.529658206122,17.559587438365));
#2476=CARTESIAN_POINT('Ctrl Pts',(-15.1110700429725,215.283593432149,17.677567012991));
#2477=CARTESIAN_POINT('Ctrl Pts',(-12.0076383446983,213.268440839504,17.795546587617));
#2478=CARTESIAN_POINT('Ctrl Pts',(-8.31969721764653,212.96641678764,17.9135261622431));
#2479=CARTESIAN_POINT('Ctrl Pts',(-4.92975329733928,214.449794182635,18.0315057368691));
#2480=CARTESIAN_POINT('Ctrl Pts',(-2.64900391289779,217.363607925362,18.1494853114951));
#2481=CARTESIAN_POINT('Ctrl Pts',(-2.02322145953803,221.010596354419,18.2674648861212));
#2482=CARTESIAN_POINT('Ctrl Pts',(-3.20215267839192,224.518052621036,18.3854444607472));
#2483=CARTESIAN_POINT('Ctrl Pts',(-5.90368498019001,227.046659253811,18.5034240353732));
#2484=CARTESIAN_POINT('Ctrl Pts',(-9.48135463507986,227.991332806634,18.6214036099993));
#2485=CARTESIAN_POINT('Ctrl Pts',(-13.0790424445165,227.126017426671,18.7393831846253));
#2486=CARTESIAN_POINT('Ctrl Pts',(-15.8358389614997,224.657778936392,18.8573627592513));
#2487=CARTESIAN_POINT('Ctrl Pts',(-17.0920559944471,221.177254974819,18.9753423338774));
#2488=CARTESIAN_POINT('Ctrl Pts',(-16.5470868291503,217.517318241782,19.0933219085034));
#2489=CARTESIAN_POINT('Ctrl Pts',(-14.3313399745121,214.553774053296,19.2113014831294));
#2490=CARTESIAN_POINT('Ctrl Pts',(-10.975033031485,212.995784327675,19.3292810577555));
#2491=CARTESIAN_POINT('Ctrl Pts',(-7.28131416280664,213.21616853791,19.4472606323815));
#2492=CARTESIAN_POINT('Ctrl Pts',(-4.13407258761125,215.162189798924,19.5652402070075));
#2493=CARTESIAN_POINT('Ctrl Pts',(-2.28642812828595,218.368174551363,19.6832197816335));
#2494=CARTESIAN_POINT('Ctrl Pts',(-2.18051324711398,222.066946012119,19.8011993562596));
#2495=CARTESIAN_POINT('Ctrl Pts',(-3.84167286744826,225.373405900991,19.9191789308856));
#2496=CARTESIAN_POINT('Ctrl Pts',(-6.87239945504589,227.496334216357,20.0371585055116));
#2497=CARTESIAN_POINT('Ctrl Pts',(-10.547454665528,227.927724388777,20.1551380801377));
#2498=CARTESIAN_POINT('Ctrl Pts',(-13.9874154037007,226.564346817896,20.2731176547637));
#2499=CARTESIAN_POINT('Ctrl Pts',(-16.3691155546496,223.732451220964,20.3910972293897));
#2500=CARTESIAN_POINT('Ctrl Pts',(-17.122625689125,220.109696639407,20.5090768040158));
#2501=CARTESIAN_POINT('Ctrl Pts',(-16.0676344439589,216.562990878623,20.6270563786418));
#2502=CARTESIAN_POINT('Ctrl Pts',(-13.4565961669333,213.941043625748,20.7450359532678));
#2503=CARTESIAN_POINT('Ctrl Pts',(-9.91431980151767,212.871274289877,20.8630155278939));
#2504=CARTESIAN_POINT('Ctrl Pts',(-6.28845510176657,213.60967354506,20.9809951025199));
#2505=CARTESIAN_POINT('Ctrl Pts',(-3.44665410945638,215.979545989106,21.0989746771459));
#2506=CARTESIAN_POINT('Ctrl Pts',(-2.06894617963982,219.413792506334,21.216954251772));
#2507=CARTESIAN_POINT('Ctrl Pts',(-2.48501021577635,223.090614367501,21.334933826398));
#2508=CARTESIAN_POINT('Ctrl Pts',(-4.59528408843593,226.130165726393,21.452913401024));
#2509=CARTESIAN_POINT('Ctrl Pts',(-7.89478937570161,227.80509651312,21.5708929756501));
#2510=CARTESIAN_POINT('Ctrl Pts',(-11.593970278685,227.714603819424,21.6888725502761));
#2511=CARTESIAN_POINT('Ctrl Pts',(-14.8076305398245,225.880342112931,21.8068521249021));
#2512=CARTESIAN_POINT('Ctrl Pts',(-16.7667566631356,222.74124142774,21.9248316995282));
#2513=CARTESIAN_POINT('Ctrl Pts',(-17.0025391594868,219.048473509373,22.0428112741542));
#2514=CARTESIAN_POINT('Ctrl Pts',(-15.4585564056787,215.685700021099,22.1607908487802));
#2515=CARTESIAN_POINT('Ctrl Pts',(-12.5042760779955,213.457616534608,22.2787704234063));
#2516=CARTESIAN_POINT('Ctrl Pts',(-8.8466432874532,212.897392757153,22.3967499980323));
#2517=CARTESIAN_POINT('Ctrl Pts',(-5.36091204908966,214.139087532635,22.5147295726583));
#2518=CARTESIAN_POINT('Ctrl Pts',(-2.88120109245576,216.885569298308,22.6327091472844));
#2519=CARTESIAN_POINT('Ctrl Pts',(-2.00089346468032,220.479618035356,22.7506887219104));
#2520=CARTESIAN_POINT('Ctrl Pts',(-2.93064233964782,224.061195322741,22.8686682965364));
#2521=CARTESIAN_POINT('Ctrl Pts',(-5.4479637535896,226.773246419516,22.9866478711625));
#2522=CARTESIAN_POINT('Ctrl Pts',(-8.95047370778057,227.966791513875,23.1046274457885));
#2523=CARTESIAN_POINT('Ctrl Pts',(-12.600040674432,227.356218779297,23.2226070204145));
#2524=CARTESIAN_POINT('Ctrl Pts',(-15.523335800737,225.08764017941,23.3405865950406));
#2525=CARTESIAN_POINT('Ctrl Pts',(-17.020839670694,221.703905233927,23.4585661696666));
#2526=CARTESIAN_POINT('Ctrl Pts',(-16.7341834479003,218.014748576898,23.5765457442926));
#2527=CARTESIAN_POINT('Ctrl Pts',(-14.7320163603402,214.90291827231,23.6945253189187));
#2528=CARTESIAN_POINT('Ctrl Pts',(-11.4933398567889,213.113171202049,23.8125048935447));
#2529=CARTESIAN_POINT('Ctrl Pts',(-7.79342107013114,213.073553733563,23.9304844681707));
#2530=CARTESIAN_POINT('Ctrl Pts',(-4.51715717896857,214.794086123076,24.0484640427967));
#2531=CARTESIAN_POINT('Ctrl Pts',(-3.13906955465074,216.839340814496,24.1271170925474));
#2532=CARTESIAN_POINT('Ctrl Pts',(-2.73337439903319,217.964719868411,24.1664436174228));
#2533=CARTESIAN_POINT('Ctrl Pts',(-10.9423693722553,227.204162706251,15.8721224405661));
#2534=CARTESIAN_POINT('Ctrl Pts',(-12.0586928296018,226.977269403244,15.9114489654414));
#2535=CARTESIAN_POINT('Ctrl Pts',(-14.1759440276701,225.961178357766,15.9901020151921));
#2536=CARTESIAN_POINT('Ctrl Pts',(-16.2492715331658,223.111819668525,16.1080815898181));
#2537=CARTESIAN_POINT('Ctrl Pts',(-16.72268532528,219.620324516016,16.2260611644442));
#2538=CARTESIAN_POINT('Ctrl Pts',(-15.4834741816487,216.321817339969,16.3440407390702));
#2539=CARTESIAN_POINT('Ctrl Pts',(-12.827920337994,214.005835049424,16.4620203136963));
#2540=CARTESIAN_POINT('Ctrl Pts',(-9.3916043451802,213.22649507959,16.5799998883223));
#2541=CARTESIAN_POINT('Ctrl Pts',(-5.99676614418465,214.170333584348,16.6979794629483));
#2542=CARTESIAN_POINT('Ctrl Pts',(-3.4557992122192,216.611475730598,16.8159590375743));
#2543=CARTESIAN_POINT('Ctrl Pts',(-2.37673336458889,219.965776913295,16.9339386122004));
#2544=CARTESIAN_POINT('Ctrl Pts',(-3.01778912796374,223.430564921233,17.0519181868264));
#2545=CARTESIAN_POINT('Ctrl Pts',(-5.22556253237964,226.176734469097,17.1698977614524));
#2546=CARTESIAN_POINT('Ctrl Pts',(-8.47174508695591,227.547139497638,17.2878773360785));
#2547=CARTESIAN_POINT('Ctrl Pts',(-11.9795403624512,227.213849045666,17.4058569107045));
#2548=CARTESIAN_POINT('Ctrl Pts',(-14.9095499959713,225.256617741335,17.5238364853305));
#2549=CARTESIAN_POINT('Ctrl Pts',(-16.5606366212648,222.143801736137,17.6418160599566));
#2550=CARTESIAN_POINT('Ctrl Pts',(-16.5377031722278,218.620282940817,17.7597956345826));
#2551=CARTESIAN_POINT('Ctrl Pts',(-14.8462374909453,215.529222530164,17.8777752092086));
#2552=CARTESIAN_POINT('Ctrl Pts',(-11.8909992170154,213.610296435252,17.9957547838347));
#2553=CARTESIAN_POINT('Ctrl Pts',(-8.37916269851752,213.322694475714,18.1137343584607));
#2554=CARTESIAN_POINT('Ctrl Pts',(-5.15109358221029,214.735238420151,18.2317139330867));
#2555=CARTESIAN_POINT('Ctrl Pts',(-2.97925333262737,217.509913274571,18.3496935077128));
#2556=CARTESIAN_POINT('Ctrl Pts',(-2.38335291105505,220.982752646587,18.4676730823388));
#2557=CARTESIAN_POINT('Ctrl Pts',(-3.50598843167089,224.322722721974,18.5856526569648));
#2558=CARTESIAN_POINT('Ctrl Pts',(-6.07851859593106,226.730584672034,18.7036322315909));
#2559=CARTESIAN_POINT('Ctrl Pts',(-9.48534926711592,227.630148674435,18.8216118062169));
#2560=CARTESIAN_POINT('Ctrl Pts',(-12.9112421965496,226.806153375517,18.9395913808429));
#2561=CARTESIAN_POINT('Ctrl Pts',(-15.5363976285044,224.455776900432,19.057570955469));
#2562=CARTESIAN_POINT('Ctrl Pts',(-16.7326284520129,221.141453072943,19.175550530095));
#2563=CARTESIAN_POINT('Ctrl Pts',(-16.2136823652367,217.656283697492,19.293530104721));
#2564=CARTESIAN_POINT('Ctrl Pts',(-14.1037406791323,214.834253099181,19.4115096793471));
#2565=CARTESIAN_POINT('Ctrl Pts',(-10.9077023250078,213.350659672554,19.5294892539731));
#2566=CARTESIAN_POINT('Ctrl Pts',(-7.39036396053674,213.560520212878,19.6474688285991));
#2567=CARTESIAN_POINT('Ctrl Pts',(-4.39340779569096,215.413616098837,19.7654484032252));
#2568=CARTESIAN_POINT('Ctrl Pts',(-2.6339910745661,218.466510367886,19.8834279778512));
#2569=CARTESIAN_POINT('Ctrl Pts',(-2.53313378462085,221.988660055737,20.0014075524772));
#2570=CARTESIAN_POINT('Ctrl Pts',(-4.11497059187154,225.137231625798,20.1193871271033));
#2571=CARTESIAN_POINT('Ctrl Pts',(-7.00097553100584,227.158786994284,20.2373667017293));
#2572=CARTESIAN_POINT('Ctrl Pts',(-10.5005414543872,227.569577652008,20.3553462763553));
#2573=CARTESIAN_POINT('Ctrl Pts',(-13.7762390120029,226.271303363733,20.4733258509813));
#2574=CARTESIAN_POINT('Ctrl Pts',(-16.044209480637,223.574634943261,20.5913054256074));
#2575=CARTESIAN_POINT('Ctrl Pts',(-16.7617383988452,220.124872216913,20.7092850002334));
#2576=CARTESIAN_POINT('Ctrl Pts',(-15.7571245360334,216.747526868387,20.8272645748594));
#2577=CARTESIAN_POINT('Ctrl Pts',(-13.2707671738743,214.250781450007,20.9452441494855));
#2578=CARTESIAN_POINT('Ctrl Pts',(-9.8976397105779,213.23209517204,21.0632237241115));
#2579=CARTESIAN_POINT('Ctrl Pts',(-6.44491537875055,213.935234777648,21.1812032987375));
#2580=CARTESIAN_POINT('Ctrl Pts',(-3.73881456008678,216.191942329766,21.2991828733636));
#2581=CARTESIAN_POINT('Ctrl Pts',(-2.42689420857569,219.462198528884,21.4171624479896));
#2582=CARTESIAN_POINT('Ctrl Pts',(-2.8230905755459,222.963446742784,21.5351420226156));
#2583=CARTESIAN_POINT('Ctrl Pts',(-4.83259576956249,225.857855057414,21.6531215972417));
#2584=CARTESIAN_POINT('Ctrl Pts',(-7.97454483046299,227.452805437625,21.7711011718677));
#2585=CARTESIAN_POINT('Ctrl Pts',(-11.497084409074,227.36663390304,21.8890807464937));
#2586=CARTESIAN_POINT('Ctrl Pts',(-14.5572876700023,225.619960888632,22.0070603211198));
#2587=CARTESIAN_POINT('Ctrl Pts',(-16.422862641826,222.630756874329,22.1250398957458));
#2588=CARTESIAN_POINT('Ctrl Pts',(-16.6473861774744,219.114324050895,22.2430194703718));
#2589=CARTESIAN_POINT('Ctrl Pts',(-15.1771308691721,215.912127938562,22.3609990449979));
#2590=CARTESIAN_POINT('Ctrl Pts',(-12.3639217686971,213.790438712905,22.4789786196239));
#2591=CARTESIAN_POINT('Ctrl Pts',(-8.8809463190997,213.25696644412,22.5969581942499));
#2592=CARTESIAN_POINT('Ctrl Pts',(-5.56166386994086,214.439368469298,22.714937768876));
#2593=CARTESIAN_POINT('Ctrl Pts',(-3.20036275562832,217.054701694476,22.832917343502));
#2594=CARTESIAN_POINT('Ctrl Pts',(-2.36209111076465,220.477129322576,22.950896918128));
#2595=CARTESIAN_POINT('Ctrl Pts',(-3.24744311060892,223.887681031062,23.0688764927541));
#2596=CARTESIAN_POINT('Ctrl Pts',(-5.64455872762118,226.470227702381,23.1868560673801));
#2597=CARTESIAN_POINT('Ctrl Pts',(-8.97981868426899,227.606779264469,23.3048356420061));
#2598=CARTESIAN_POINT('Ctrl Pts',(-12.4551134649197,227.025362275255,23.4228152166322));
#2599=CARTESIAN_POINT('Ctrl Pts',(-15.2388169529176,224.865111637378,23.5407947912582));
#2600=CARTESIAN_POINT('Ctrl Pts',(-16.6648128123773,221.642955008223,23.6587743658842));
#2601=CARTESIAN_POINT('Ctrl Pts',(-16.3918448454872,218.12996100309,23.7767539405103));
#2602=CARTESIAN_POINT('Ctrl Pts',(-14.4852841787096,215.166725168641,23.8947335151363));
#2603=CARTESIAN_POINT('Ctrl Pts',(-11.4012592377083,213.462441151168,24.0127130897623));
#2604=CARTESIAN_POINT('Ctrl Pts',(-7.87801701045268,213.424715475023,24.1306926643883));
#2605=CARTESIAN_POINT('Ctrl Pts',(-4.7581995348362,215.063089914471,24.2486722390144));
#2606=CARTESIAN_POINT('Ctrl Pts',(-3.44591761979428,217.010680688703,24.3273252887651));
#2607=CARTESIAN_POINT('Ctrl Pts',(-3.05959500406033,218.082321238955,24.3666518136404));
#2608=CARTESIAN_POINT('Ctrl Pts',(-10.8733002514887,226.864340073022,16.0723306367837));
#2609=CARTESIAN_POINT('Ctrl Pts',(-11.9336445354199,226.648824565108,16.1116571616591));
#2610=CARTESIAN_POINT('Ctrl Pts',(-13.944724022054,225.683686436965,16.1903102114098));
#2611=CARTESIAN_POINT('Ctrl Pts',(-15.9140824142849,222.977211732772,16.3082897860358));
#2612=CARTESIAN_POINT('Ctrl Pts',(-16.3637563910333,219.660801150362,16.4262693606618));
#2613=CARTESIAN_POINT('Ctrl Pts',(-15.1866867486407,216.527700966352,16.5442489352879));
#2614=CARTESIAN_POINT('Ctrl Pts',(-12.6642983492393,214.327855959688,16.6622285099139));
#2615=CARTESIAN_POINT('Ctrl Pts',(-9.4002999115264,213.587596784075,16.7802080845399));
#2616=CARTESIAN_POINT('Ctrl Pts',(-6.17569931963963,214.484105548527,16.8981876591659));
#2617=CARTESIAN_POINT('Ctrl Pts',(-3.76215175487565,216.802834142829,17.016167233792));
#2618=CARTESIAN_POINT('Ctrl Pts',(-2.73719675998573,219.988930486366,17.134146808418));
#2619=CARTESIAN_POINT('Ctrl Pts',(-3.34610613110237,223.279973181091,17.2521263830441));
#2620=CARTESIAN_POINT('Ctrl Pts',(-5.44316849611986,225.888433268192,17.3701059576701));
#2621=CARTESIAN_POINT('Ctrl Pts',(-8.52656792993956,227.190117944905,17.4880855322961));
#2622=CARTESIAN_POINT('Ctrl Pts',(-11.8584612491153,226.873540681111,17.6060651069221));
#2623=CARTESIAN_POINT('Ctrl Pts',(-14.6415425740845,225.014456728139,17.7240446815482));
#2624=CARTESIAN_POINT('Ctrl Pts',(-16.2098337838443,222.057736042643,17.8420242561742));
#2625=CARTESIAN_POINT('Ctrl Pts',(-16.1880503558985,218.710907675511,17.9600038308002));
#2626=CARTESIAN_POINT('Ctrl Pts',(-14.5814049389181,215.774851628178,18.0779834054263));
#2627=CARTESIAN_POINT('Ctrl Pts',(-11.7743600893325,213.952152031001,18.1959629800523));
#2628=CARTESIAN_POINT('Ctrl Pts',(-8.43862817938849,213.678972163789,18.3139425546783));
#2629=CARTESIAN_POINT('Ctrl Pts',(-5.37243386708132,215.020682657668,18.4319221293044));
#2630=CARTESIAN_POINT('Ctrl Pts',(-3.30950275235694,217.65621862378,18.5499017039304));
#2631=CARTESIAN_POINT('Ctrl Pts',(-2.74348436257207,220.954908938754,18.6678812785564));
#2632=CARTESIAN_POINT('Ctrl Pts',(-3.80982418494988,224.127392822911,18.7858608531825));
#2633=CARTESIAN_POINT('Ctrl Pts',(-6.25335221167211,226.414510090258,18.9038404278085));
#2634=CARTESIAN_POINT('Ctrl Pts',(-9.489343899152,227.268964542234,19.0218200024345));
#2635=CARTESIAN_POINT('Ctrl Pts',(-12.7434419485827,226.486289324363,19.1397995770606));
#2636=CARTESIAN_POINT('Ctrl Pts',(-15.2369562955091,224.253774864471,19.2577791516866));
#2637=CARTESIAN_POINT('Ctrl Pts',(-16.3732009095786,221.105651171068,19.3757587263126));
#2638=CARTESIAN_POINT('Ctrl Pts',(-15.880277901323,217.795249153202,19.4937383009387));
#2639=CARTESIAN_POINT('Ctrl Pts',(-13.8761413837524,215.114732145066,19.6117178755647));
#2640=CARTESIAN_POINT('Ctrl Pts',(-10.8403716185305,213.705535017434,19.7296974501907));
#2641=CARTESIAN_POINT('Ctrl Pts',(-7.49941375826685,213.904871887846,19.8476770248167));
#2642=CARTESIAN_POINT('Ctrl Pts',(-4.65274300377068,215.665042398751,19.9656565994428));
#2643=CARTESIAN_POINT('Ctrl Pts',(-2.98155402084625,218.564846184409,20.0836361740688));
#2644=CARTESIAN_POINT('Ctrl Pts',(-2.88575432212772,221.910374099356,20.2016157486949));
#2645=CARTESIAN_POINT('Ctrl Pts',(-4.38826831629482,224.901057350604,20.3195953233209));
#2646=CARTESIAN_POINT('Ctrl Pts',(-7.1295516069658,226.821239772212,20.4375748979469));
#2647=CARTESIAN_POINT('Ctrl Pts',(-10.4536282432465,227.211430915238,20.555554472573));
#2648=CARTESIAN_POINT('Ctrl Pts',(-13.5650626203052,225.97825990957,20.673534047199));
#2649=CARTESIAN_POINT('Ctrl Pts',(-15.7193034066244,223.416818665559,20.791513621825));
#2650=CARTESIAN_POINT('Ctrl Pts',(-16.4008511085654,220.14004779442,20.9094931964511));
#2651=CARTESIAN_POINT('Ctrl Pts',(-15.4466146281079,216.932062858152,21.0274727710771));
#2652=CARTESIAN_POINT('Ctrl Pts',(-13.0849381808154,214.560519274266,21.1454523457031));
#2653=CARTESIAN_POINT('Ctrl Pts',(-9.88095961963813,213.592916054202,21.2634319203291));
#2654=CARTESIAN_POINT('Ctrl Pts',(-6.60137565573452,214.260796010236,21.3814114949552));
#2655=CARTESIAN_POINT('Ctrl Pts',(-4.03097501071719,216.404338670425,21.4993910695812));
#2656=CARTESIAN_POINT('Ctrl Pts',(-2.78484223751156,219.510604551434,21.6173706442073));
#2657=CARTESIAN_POINT('Ctrl Pts',(-3.16117093531545,222.836279118067,21.7353502188333));
#2658=CARTESIAN_POINT('Ctrl Pts',(-5.06990745068906,225.585544388436,21.8533297934593));
#2659=CARTESIAN_POINT('Ctrl Pts',(-8.05430028522436,227.10051436213,21.9713093680853));
#2660=CARTESIAN_POINT('Ctrl Pts',(-11.400198539463,227.018663986656,22.0892889427114));
#2661=CARTESIAN_POINT('Ctrl Pts',(-14.30694480018,225.359579664334,22.2072685173374));
#2662=CARTESIAN_POINT('Ctrl Pts',(-16.0789686205164,222.520272320918,22.3252480919634));
#2663=CARTESIAN_POINT('Ctrl Pts',(-16.2922331954619,219.180174592417,22.4432276665895));
#2664=CARTESIAN_POINT('Ctrl Pts',(-14.8957053326655,216.138555856025,22.5612072412155));
#2665=CARTESIAN_POINT('Ctrl Pts',(-12.2235674593987,214.123260891203,22.6791868158415));
#2666=CARTESIAN_POINT('Ctrl Pts',(-8.91524935074622,213.616540131087,22.7971663904676));
#2667=CARTESIAN_POINT('Ctrl Pts',(-5.76241569079205,214.739649405962,22.9151459650936));
#2668=CARTESIAN_POINT('Ctrl Pts',(-3.51952441880088,217.223834090645,23.0331255397196));
#2669=CARTESIAN_POINT('Ctrl Pts',(-2.72328875684898,220.474640609796,23.1511051143457));
#2670=CARTESIAN_POINT('Ctrl Pts',(-3.56424388157003,223.714166739383,23.2690846889717));
#2671=CARTESIAN_POINT('Ctrl Pts',(-5.84115370165276,226.167208985245,23.3870642635977));
#2672=CARTESIAN_POINT('Ctrl Pts',(-9.0091636607574,227.246767015064,23.5050438382238));
#2673=CARTESIAN_POINT('Ctrl Pts',(-12.3101862554074,226.694505771214,23.6230234128498));
#2674=CARTESIAN_POINT('Ctrl Pts',(-14.9542981050982,224.642583095347,23.7410029874758));
#2675=CARTESIAN_POINT('Ctrl Pts',(-16.3087859540606,221.582004782519,23.8589825621019));
#2676=CARTESIAN_POINT('Ctrl Pts',(-16.0495062430742,218.245173429283,23.9769621367279));
#2677=CARTESIAN_POINT('Ctrl Pts',(-14.2385519970791,215.430532064972,24.0949417113539));
#2678=CARTESIAN_POINT('Ctrl Pts',(-11.3091786186276,213.811711100286,24.21292128598));
#2679=CARTESIAN_POINT('Ctrl Pts',(-7.96261295077422,213.775877216483,24.330900860606));
#2680=CARTESIAN_POINT('Ctrl Pts',(-4.99924189070384,215.332093705865,24.448880435232));
#2681=CARTESIAN_POINT('Ctrl Pts',(-3.75276568493781,217.18202056291,24.5275334849827));
#2682=CARTESIAN_POINT('Ctrl Pts',(-3.38581560908748,218.199922609499,24.5668600098581));
#2683=CARTESIAN_POINT('Ctrl Pts',(-2.58002606432454,217.909438337893,24.0723306367837));
#2684=CARTESIAN_POINT('Ctrl Pts',(-2.64120154664609,217.739740461385,24.0665307110586));
#2685=CARTESIAN_POINT('Ctrl Pts',(-2.70867840793106,217.572327675833,24.0607307853336));
#2686=CARTESIAN_POINT('Ctrl Pts',(-2.78218827092507,217.407599486039,24.0549308596086));
#2687=CARTESIAN_POINT('Origin',(-9.5650092758881,220.4275,13.0723306367838));
#2688=CARTESIAN_POINT('Origin',(-9.5650092758881,220.4275,24.0723306367837));
#2689=CARTESIAN_POINT('Origin',(-9.5650092758881,220.4275,24.0723306367837));
#2690=CARTESIAN_POINT('Origin',(-3.69547971053439,217.814217068238,24.0723306367837));
#2691=CARTESIAN_POINT('Origin',(-9.5650092758881,220.4275,8.07233063678376));
#2692=CARTESIAN_POINT('',(10.9897635210704,211.275925530795,8.07233063678376));
#2693=CARTESIAN_POINT('Origin',(-9.5650092758881,220.4275,8.07233063678376));
#2694=CARTESIAN_POINT('Origin',(-9.5650092758881,220.4275,8.07233063678376));
#2695=CARTESIAN_POINT('',(10.9897635210704,211.275925530795,3.07233063678376));
#2696=CARTESIAN_POINT('Origin',(-9.5650092758881,220.4275,3.07233063678376));
#2697=CARTESIAN_POINT('',(10.9897635210704,211.275925530794,8.07233063678376));
#2698=CARTESIAN_POINT('Origin',(-9.5650092758881,220.4275,8.07233063678376));
#2699=CARTESIAN_POINT('',(13.0452408007663,210.360768083874,3.07233063678376));
#2700=CARTESIAN_POINT('Origin',(-9.5650092758881,220.4275,3.07233063678376));
#2701=CARTESIAN_POINT('',(13.0452408007663,210.360768083874,8.07233063678376));
#2702=CARTESIAN_POINT('Origin',(-9.5650092758881,220.4275,3.07233063678376));
#2703=UNCERTAINTY_MEASURE_WITH_UNIT(LENGTH_MEASURE(0.01),#2707,
'DISTANCE_ACCURACY_VALUE',
'Maximum model space distance between geometric entities at asserted c
onnectivities');
#2704=UNCERTAINTY_MEASURE_WITH_UNIT(LENGTH_MEASURE(0.01),#2707,
'DISTANCE_ACCURACY_VALUE',
'Maximum model space distance between geometric entities at asserted c
onnectivities');
#2705=(
GEOMETRIC_REPRESENTATION_CONTEXT(3)
GLOBAL_UNCERTAINTY_ASSIGNED_CONTEXT((#2703))
GLOBAL_UNIT_ASSIGNED_CONTEXT((#2707,#2709,#2710))
REPRESENTATION_CONTEXT('','3D')
);
#2706=(
GEOMETRIC_REPRESENTATION_CONTEXT(3)
GLOBAL_UNCERTAINTY_ASSIGNED_CONTEXT((#2704))
GLOBAL_UNIT_ASSIGNED_CONTEXT((#2707,#2709,#2710))
REPRESENTATION_CONTEXT('','3D')
);
#2707=(
LENGTH_UNIT()
NAMED_UNIT(*)
SI_UNIT(.MILLI.,.METRE.)
);
#2708=(
LENGTH_UNIT()
NAMED_UNIT(*)
SI_UNIT($,.METRE.)
);
#2709=(
NAMED_UNIT(*)
PLANE_ANGLE_UNIT()
SI_UNIT($,.RADIAN.)
);
#2710=(
NAMED_UNIT(*)
SI_UNIT($,.STERADIAN.)
SOLID_ANGLE_UNIT()
);
#2711=SHAPE_DEFINITION_REPRESENTATION(#2712,#2713);
#2712=PRODUCT_DEFINITION_SHAPE('',$,#2715);
#2713=SHAPE_REPRESENTATION('',(#459),#2705);
#2714=PRODUCT_DEFINITION_CONTEXT('part definition',#2719,'design');
#2715=PRODUCT_DEFINITION('2026-09-03-21-19-57-652','bottle clock',#2716,
#2714);
#2716=PRODUCT_DEFINITION_FORMATION('',$,#2721);
#2717=PRODUCT_RELATED_PRODUCT_CATEGORY('bottle clock','bottle clock',(#2721));
#2718=APPLICATION_PROTOCOL_DEFINITION('international standard',
'automotive_design',2009,#2719);
#2719=APPLICATION_CONTEXT(
'Core Data for Automotive Mechanical Design Process');
#2720=PRODUCT_CONTEXT('part definition',#2719,'mechanical');
#2721=PRODUCT('2026-09-03-21-19-57-652','bottle clock',$,(#2720));
#2722=PRESENTATION_STYLE_ASSIGNMENT((#2724));
#2723=PRESENTATION_STYLE_ASSIGNMENT((#2725));
#2724=SURFACE_STYLE_USAGE(.BOTH.,#2726);
#2725=SURFACE_STYLE_USAGE(.BOTH.,#2727);
#2726=SURFACE_SIDE_STYLE('',(#2728));
#2727=SURFACE_SIDE_STYLE('',(#2729));
#2728=SURFACE_STYLE_FILL_AREA(#2730);
#2729=SURFACE_STYLE_FILL_AREA(#2731);
#2730=FILL_AREA_STYLE('Acier - Satin\X\E9',(#2732));
#2731=FILL_AREA_STYLE('Polycarbonate (transparent)',(#2733));
#2732=FILL_AREA_STYLE_COLOUR('Acier - Satin\X\E9',#2734);
#2733=FILL_AREA_STYLE_COLOUR('Polycarbonate (transparent)',#2735);
#2734=COLOUR_RGB('Acier - Satin\X\E9',0.627450980392157,0.627450980392157,
0.627450980392157);
#2735=COLOUR_RGB('Polycarbonate (transparent)',0.964705882352941,0.964705882352941,
0.952941176470588);
ENDSEC;
END-ISO-10303-21;
